{"v":"5.6.8","fr":29.9700012207031,"ip":0,"op":24.00000097754,"w":1080,"h":1350,"nm":"joje-kenar","ddd":0,"assets":[],"layers":[{"ddd":0,"ind":1,"ty":4,"nm":"Layer 11 Outlines","sr":1,"ks":{"o":{"a":0,"k":100,"ix":11},"r":{"a":0,"k":0,"ix":10},"p":{"a":0,"k":[580,982.5,0],"ix":2},"a":{"a":0,"k":[142.355,265.186,0],"ix":1},"s":{"a":1,"k":[{"i":{"x":[0.667,0.667,0.667],"y":[1,1,1]},"o":{"x":[0.333,0.333,0.333],"y":[0,0,0]},"t":0,"s":[228.686,228.686,100]},{"i":{"x":[0.667,0.667,0.667],"y":[1,1,1]},"o":{"x":[0.333,0.333,0.333],"y":[0,0,0]},"t":11,"s":[228.686,220.686,100]},{"t":24.00000097754,"s":[228.686,228.686,100]}],"ix":6}},"ao":0,"shapes":[{"ty":"gr","it":[{"ind":0,"ty":"sh","ix":1,"ks":{"a":0,"k":{"i":[[0,0],[0.102,0.228],[-0.321,-0.012]],"o":[[-0.101,-0.228],[0.322,0.012],[0,0]],"v":[[-0.179,0.341],[-0.482,-0.341],[0.482,-0.306]],"c":true},"ix":2},"nm":"Path 1","mn":"ADBE Vector Shape - Group","hd":false},{"ty":"fl","c":{"a":0,"k":[0.415686304429,0.494117676978,0.580392156863,1],"ix":4},"o":{"a":0,"k":100,"ix":5},"r":1,"bm":0,"nm":"Fill 1","mn":"ADBE Vector Graphic - Fill","hd":false},{"ty":"tr","p":{"a":0,"k":[145.991,225.403],"ix":2},"a":{"a":0,"k":[0,0],"ix":1},"s":{"a":0,"k":[100,100],"ix":3},"r":{"a":0,"k":0,"ix":6},"o":{"a":0,"k":100,"ix":7},"sk":{"a":0,"k":0,"ix":4},"sa":{"a":0,"k":0,"ix":5},"nm":"Transform"}],"nm":"Group 1","np":2,"cix":2,"bm":0,"ix":1,"mn":"ADBE Vector Group","hd":false},{"ty":"gr","it":[{"ind":0,"ty":"sh","ix":1,"ks":{"a":0,"k":{"i":[[0.774,0.341],[-0.008,0.895],[0.715,-2.339],[0.571,-0.1],[0.113,0.546]],"o":[[0.009,-0.894],[2.988,0.448],[-0.155,0.511],[-0.659,0.117],[-0.172,-0.849]],"v":[[-2.107,-0.041],[-2.082,-2.723],[1.392,1.525],[0.377,2.607],[-0.665,1.708]],"c":true},"ix":2},"nm":"Path 1","mn":"ADBE Vector Shape - Group","hd":false},{"ty":"fl","c":{"a":0,"k":[0.992156922583,0.90588241278,0.654901960784,1],"ix":4},"o":{"a":0,"k":100,"ix":5},"r":1,"bm":0,"nm":"Fill 1","mn":"ADBE Vector Graphic - Fill","hd":false},{"ty":"tr","p":{"a":0,"k":[163.036,152.432],"ix":2},"a":{"a":0,"k":[0,0],"ix":1},"s":{"a":0,"k":[100,100],"ix":3},"r":{"a":0,"k":0,"ix":6},"o":{"a":0,"k":100,"ix":7},"sk":{"a":0,"k":0,"ix":4},"sa":{"a":0,"k":0,"ix":5},"nm":"Transform"}],"nm":"Group 2","np":2,"cix":2,"bm":0,"ix":2,"mn":"ADBE Vector Group","hd":false},{"ty":"gr","it":[{"ind":0,"ty":"sh","ix":1,"ks":{"a":0,"k":{"i":[[0.009,-0.894],[-0.263,-1.47],[1.66,-1.42],[0.92,1.611],[-0.225,3.877],[-1.232,-0.395],[-0.347,-0.18],[-1.436,-0.533],[-1.546,-0.918]],"o":[[-1.9,0.05],[0.373,2.085],[-1.474,1.262],[-1.918,-3.361],[0.08,-1.371],[0.366,0.117],[1.282,0.663],[1.514,0.56],[-0.008,0.895]],"v":[[4.906,-2.185],[3.141,0.526],[1.376,5.837],[-2.204,5.534],[-4.706,-5.404],[-2.484,-6.75],[-1.454,-6.191],[1.943,-3.592],[4.931,-4.868]],"c":true},"ix":2},"nm":"Path 1","mn":"ADBE Vector Shape - Group","hd":false},{"ty":"fl","c":{"a":0,"k":[0.768627510819,0.376470618154,0.152941176471,1],"ix":4},"o":{"a":0,"k":100,"ix":5},"r":1,"bm":0,"nm":"Fill 1","mn":"ADBE Vector Graphic - Fill","hd":false},{"ty":"tr","p":{"a":0,"k":[156.022,154.577],"ix":2},"a":{"a":0,"k":[0,0],"ix":1},"s":{"a":0,"k":[100,100],"ix":3},"r":{"a":0,"k":0,"ix":6},"o":{"a":0,"k":100,"ix":7},"sk":{"a":0,"k":0,"ix":4},"sa":{"a":0,"k":0,"ix":5},"nm":"Transform"}],"nm":"Group 3","np":2,"cix":2,"bm":0,"ix":3,"mn":"ADBE Vector Group","hd":false},{"ty":"gr","it":[{"ind":0,"ty":"sh","ix":1,"ks":{"a":0,"k":{"i":[[-0.135,-0.213],[0.23,0.322],[-0.339,0.097]],"o":[[-0.279,0.181],[-0.251,-0.352],[0.178,0.179]],"v":[[0.555,0.101],[-0.304,0.165],[0.086,-0.487]],"c":true},"ix":2},"nm":"Path 1","mn":"ADBE Vector Shape - Group","hd":false},{"ty":"fl","c":{"a":0,"k":[0.992156922583,0.90588241278,0.654901960784,1],"ix":4},"o":{"a":0,"k":100,"ix":5},"r":1,"bm":0,"nm":"Fill 1","mn":"ADBE Vector Graphic - Fill","hd":false},{"ty":"tr","p":{"a":0,"k":[14.582,126.821],"ix":2},"a":{"a":0,"k":[0,0],"ix":1},"s":{"a":0,"k":[100,100],"ix":3},"r":{"a":0,"k":0,"ix":6},"o":{"a":0,"k":100,"ix":7},"sk":{"a":0,"k":0,"ix":4},"sa":{"a":0,"k":0,"ix":5},"nm":"Transform"}],"nm":"Group 4","np":2,"cix":2,"bm":0,"ix":4,"mn":"ADBE Vector Group","hd":false},{"ty":"gr","it":[{"ind":0,"ty":"sh","ix":1,"ks":{"a":0,"k":{"i":[[0.227,4.25],[0.588,-5.549]],"o":[[5.516,0.546],[-4.469,-1.557]],"v":[[-3.238,-3.642],[2.65,3.642]],"c":true},"ix":2},"nm":"Path 1","mn":"ADBE Vector Shape - Group","hd":false},{"ty":"fl","c":{"a":0,"k":[0.768627510819,0.376470618154,0.152941176471,1],"ix":4},"o":{"a":0,"k":100,"ix":5},"r":1,"bm":0,"nm":"Fill 1","mn":"ADBE Vector Graphic - Fill","hd":false},{"ty":"tr","p":{"a":0,"k":[196.061,100.449],"ix":2},"a":{"a":0,"k":[0,0],"ix":1},"s":{"a":0,"k":[100,100],"ix":3},"r":{"a":0,"k":0,"ix":6},"o":{"a":0,"k":100,"ix":7},"sk":{"a":0,"k":0,"ix":4},"sa":{"a":0,"k":0,"ix":5},"nm":"Transform"}],"nm":"Group 5","np":2,"cix":2,"bm":0,"ix":5,"mn":"ADBE Vector Group","hd":false},{"ty":"gr","it":[{"ind":0,"ty":"sh","ix":1,"ks":{"a":0,"k":{"i":[[5.516,0.546],[-0.55,0.059],[-1.916,-1.865],[0.489,-2.12],[1.692,1.328]],"o":[[-0.058,-0.509],[2.477,-0.268],[1.608,1.566],[-0.32,1.394],[0.588,-5.549]],"v":[[-4.439,-3.45],[-4.103,-4.811],[2.884,-3.296],[4.164,2.596],[1.449,3.833]],"c":true},"ix":2},"nm":"Path 1","mn":"ADBE Vector Shape - Group","hd":false},{"ty":"fl","c":{"a":0,"k":[0.992156922583,0.90588241278,0.654901960784,1],"ix":4},"o":{"a":0,"k":100,"ix":5},"r":1,"bm":0,"nm":"Fill 1","mn":"ADBE Vector Graphic - Fill","hd":false},{"ty":"tr","p":{"a":0,"k":[197.261,100.257],"ix":2},"a":{"a":0,"k":[0,0],"ix":1},"s":{"a":0,"k":[100,100],"ix":3},"r":{"a":0,"k":0,"ix":6},"o":{"a":0,"k":100,"ix":7},"sk":{"a":0,"k":0,"ix":4},"sa":{"a":0,"k":0,"ix":5},"nm":"Transform"}],"nm":"Group 6","np":2,"cix":2,"bm":0,"ix":6,"mn":"ADBE Vector Group","hd":false},{"ty":"gr","it":[{"ind":0,"ty":"sh","ix":1,"ks":{"a":0,"k":{"i":[[-1.404,5.557],[0.111,-1.514],[1.002,-1.858],[0.795,-1.66],[-4.057,-4.032],[-0.55,-0.564],[2.984,3.513],[-1.898,2.276],[-0.702,0.598]],"o":[[1.633,0.773],[-0.157,2.176],[-0.875,1.622],[-2.431,5.076],[0.558,0.555],[-4.365,-1.135],[-1.954,-2.3],[0.59,-0.707],[4.342,-3.704]],"v":[[5.51,-14.298],[7.031,-10.595],[4.898,-4.702],[2.269,0.161],[4.527,12.608],[6.177,14.298],[-5.189,7.848],[-5.172,1.482],[-3.22,-0.485]],"c":true},"ix":2},"nm":"Path 1","mn":"ADBE Vector Shape - Group","hd":false},{"ty":"fl","c":{"a":0,"k":[0.992156922583,0.90588241278,0.654901960784,1],"ix":4},"o":{"a":0,"k":100,"ix":5},"r":1,"bm":0,"nm":"Fill 1","mn":"ADBE Vector Graphic - Fill","hd":false},{"ty":"tr","p":{"a":0,"k":[18.095,171.583],"ix":2},"a":{"a":0,"k":[0,0],"ix":1},"s":{"a":0,"k":[100,100],"ix":3},"r":{"a":0,"k":0,"ix":6},"o":{"a":0,"k":100,"ix":7},"sk":{"a":0,"k":0,"ix":4},"sa":{"a":0,"k":0,"ix":5},"nm":"Transform"}],"nm":"Group 7","np":2,"cix":2,"bm":0,"ix":7,"mn":"ADBE Vector Group","hd":false},{"ty":"gr","it":[{"ind":0,"ty":"sh","ix":1,"ks":{"a":0,"k":{"i":[[-2.238,0.476],[3.881,1.182],[7.234,0.22],[0.545,-2.505],[3.205,2.543],[-4.11,0.147],[-6.992,-1.358]],"o":[[-0.122,4.265],[-7.001,-2.132],[-1.758,-0.053],[-3.305,-0.514],[4.5,-1.626],[7.124,-0.256],[2.219,0.431]],"v":[[20.301,-1.288],[15.364,2.515],[-6.106,-0.183],[-10.503,2.131],[-20.301,-1.49],[-7.527,-3.441],[13.652,-1.535]],"c":true},"ix":2},"nm":"Path 1","mn":"ADBE Vector Shape - Group","hd":false},{"ty":"fl","c":{"a":0,"k":[0.992156922583,0.90588241278,0.654901960784,1],"ix":4},"o":{"a":0,"k":100,"ix":5},"r":1,"bm":0,"nm":"Fill 1","mn":"ADBE Vector Graphic - Fill","hd":false},{"ty":"tr","p":{"a":0,"k":[86.238,13.422],"ix":2},"a":{"a":0,"k":[0,0],"ix":1},"s":{"a":0,"k":[100,100],"ix":3},"r":{"a":0,"k":0,"ix":6},"o":{"a":0,"k":100,"ix":7},"sk":{"a":0,"k":0,"ix":4},"sa":{"a":0,"k":0,"ix":5},"nm":"Transform"}],"nm":"Group 8","np":2,"cix":2,"bm":0,"ix":8,"mn":"ADBE Vector Group","hd":false},{"ty":"gr","it":[{"ind":0,"ty":"sh","ix":1,"ks":{"a":0,"k":{"i":[[-4.792,-2.168],[1.881,0.011],[7.573,-5.871],[-1.552,-5.369],[3.615,0.361],[-2.056,2.245],[-10.597,3.786]],"o":[[-1.853,0.405],[-9.958,-0.058],[-4.048,3.138],[-3.362,0.334],[0.375,-3.329],[7.621,-8.325],[5.158,-1.842]],"v":[[23.135,-10.634],[17.521,-10.257],[-8.395,-0.205],[-12.879,12.739],[-23.135,13.9],[-19.234,5.698],[8.203,-12.419]],"c":true},"ix":2},"nm":"Path 1","mn":"ADBE Vector Shape - Group","hd":false},{"ty":"fl","c":{"a":0,"k":[0.992156922583,0.90588241278,0.654901960784,1],"ix":4},"o":{"a":0,"k":100,"ix":5},"r":1,"bm":0,"nm":"Fill 1","mn":"ADBE Vector Graphic - Fill","hd":false},{"ty":"tr","p":{"a":0,"k":[57.941,31.235],"ix":2},"a":{"a":0,"k":[0,0],"ix":1},"s":{"a":0,"k":[100,100],"ix":3},"r":{"a":0,"k":0,"ix":6},"o":{"a":0,"k":100,"ix":7},"sk":{"a":0,"k":0,"ix":4},"sa":{"a":0,"k":0,"ix":5},"nm":"Transform"}],"nm":"Group 9","np":2,"cix":2,"bm":0,"ix":9,"mn":"ADBE Vector Group","hd":false},{"ty":"gr","it":[{"ind":0,"ty":"sh","ix":1,"ks":{"a":0,"k":{"i":[[-0.523,2.256],[2.279,-2.325],[3.336,-5.427],[1.468,-3.659],[-0.362,-1.867],[-3.107,-0.449],[3.471,-1.783],[-0.056,2.173],[-1.253,2.915],[-4.711,5.356],[-3.362,3.517]],"o":[[1.986,2.738],[-4.411,4.502],[-2.078,3.379],[-0.697,1.737],[0.476,2.458],[-3.108,2.447],[-1.994,1.024],[0.083,-3.198],[2.832,-6.588],[3.213,-3.652],[1.577,-1.65]],"v":[[12.61,-22.962],[12.257,-17.383],[0.102,-2.958],[-5.049,7.661],[-5.659,13.069],[-1.666,16.312],[-11.935,21.938],[-14.54,20.322],[-12.308,11.177],[-0.741,-6.608],[9.218,-17.281]],"c":true},"ix":2},"nm":"Path 1","mn":"ADBE Vector Shape - Group","hd":false},{"ty":"fl","c":{"a":0,"k":[0.992156922583,0.90588241278,0.654901960784,1],"ix":4},"o":{"a":0,"k":100,"ix":5},"r":1,"bm":0,"nm":"Fill 1","mn":"ADBE Vector Graphic - Fill","hd":false},{"ty":"tr","p":{"a":0,"k":[33.769,68.164],"ix":2},"a":{"a":0,"k":[0,0],"ix":1},"s":{"a":0,"k":[100,100],"ix":3},"r":{"a":0,"k":0,"ix":6},"o":{"a":0,"k":100,"ix":7},"sk":{"a":0,"k":0,"ix":4},"sa":{"a":0,"k":0,"ix":5},"nm":"Transform"}],"nm":"Group 10","np":2,"cix":2,"bm":0,"ix":10,"mn":"ADBE Vector Group","hd":false},{"ty":"gr","it":[{"ind":0,"ty":"sh","ix":1,"ks":{"a":0,"k":{"i":[[-5.331,5.075],[0.61,-1.111],[1.84,-1.712],[1.495,-2.357],[-3.785,-0.755],[2.295,-3.438],[1.955,-2.488],[-2.269,-2.417],[0.998,-1.351],[1.163,-1.255],[1.797,-2.774],[0.135,-1.77],[-5.171,0.571],[-1.138,-0.59],[1.692,-0.97],[2.748,-0.601],[0.169,2.787],[-1.224,3.08],[-2.89,4.127],[-1.068,1.509],[0.943,1.294],[1.105,-0.171],[0.178,0.18],[-4.09,3.648],[-0.849,0.813],[0.364,0.822],[0.789,-0.125],[1.946,-0.318],[1.045,-0.002],[-0.88,2.311],[-1.252,1.685]],"o":[[1.534,1.156],[-1.221,2.223],[-2.035,1.892],[-2.136,3.369],[4.021,0.801],[-1.751,2.622],[-1.539,1.958],[1.212,1.29],[-1.016,1.377],[-2.251,2.429],[-0.946,1.458],[-0.397,5.25],[1.187,-0.131],[-2,0.34],[-2.413,1.381],[-2.684,0.588],[-0.204,-3.378],[1.861,-4.685],[1.06,-1.514],[0.778,-1.101],[-0.921,-1.264],[-0.135,-0.213],[2.35,-5.25],[0.879,-0.784],[0.575,-0.55],[-0.387,-0.873],[-1.948,0.31],[-1.036,0.169],[-2.456,0.005],[0.759,-1.999],[4.42,-5.953]],"v":[[14.103,-37.476],[14.097,-34.001],[9.271,-28.274],[3.791,-22.054],[6.002,-16.587],[8.567,-10.653],[2.693,-3.2],[2.222,3.05],[1.853,7.433],[-1.43,11.387],[-7.466,19.211],[-9.2,23.99],[-2.265,30.871],[1.204,31.013],[-4.045,33.577],[-11.638,36.888],[-15.432,33.99],[-13.444,24.368],[-6.218,11.199],[-3.089,6.619],[-2.325,3.049],[-5.603,3.032],[-6.073,2.444],[5.011,-9.595],[7.721,-11.867],[8.308,-13.995],[6.285,-14.807],[0.461,-13.768],[-2.674,-13.445],[-4.588,-16.296],[-1.221,-21.606]],"c":true},"ix":2},"nm":"Path 1","mn":"ADBE Vector Shape - Group","hd":false},{"ty":"fl","c":{"a":0,"k":[0.992156922583,0.90588241278,0.654901960784,1],"ix":4},"o":{"a":0,"k":100,"ix":5},"r":1,"bm":0,"nm":"Fill 1","mn":"ADBE Vector Graphic - Fill","hd":false},{"ty":"tr","p":{"a":0,"k":[20.74,123.89],"ix":2},"a":{"a":0,"k":[0,0],"ix":1},"s":{"a":0,"k":[100,100],"ix":3},"r":{"a":0,"k":0,"ix":6},"o":{"a":0,"k":100,"ix":7},"sk":{"a":0,"k":0,"ix":4},"sa":{"a":0,"k":0,"ix":5},"nm":"Transform"}],"nm":"Group 11","np":2,"cix":2,"bm":0,"ix":11,"mn":"ADBE Vector Group","hd":false},{"ty":"gr","it":[{"ind":0,"ty":"sh","ix":1,"ks":{"a":0,"k":{"i":[[0.091,0.812],[-2.023,2.063],[-1.513,-0.893],[0.224,-0.731],[0.248,0.013],[0.671,-3.716],[0.865,0.093]],"o":[[0.184,-2.756],[1.524,-1.555],[0.578,0.34],[-0.097,0.314],[-4.741,-0.229],[-0.11,0.613],[-1.087,-0.117]],"v":[[-4.638,3.692],[-1.638,-3.722],[3.75,-4.831],[4.575,-3.237],[3.818,-2.475],[-2.738,4.241],[-3.712,5.631]],"c":true},"ix":2},"nm":"Path 1","mn":"ADBE Vector Shape - Group","hd":false},{"ty":"fl","c":{"a":0,"k":[0.058823533152,0.050980395897,0.043137254902,1],"ix":4},"o":{"a":0,"k":100,"ix":5},"r":1,"bm":0,"nm":"Fill 1","mn":"ADBE Vector Graphic - Fill","hd":false},{"ty":"tr","p":{"a":0,"k":[154.998,66.205],"ix":2},"a":{"a":0,"k":[0,0],"ix":1},"s":{"a":0,"k":[100,100],"ix":3},"r":{"a":0,"k":0,"ix":6},"o":{"a":0,"k":100,"ix":7},"sk":{"a":0,"k":0,"ix":4},"sa":{"a":0,"k":0,"ix":5},"nm":"Transform"}],"nm":"Group 12","np":2,"cix":2,"bm":0,"ix":12,"mn":"ADBE Vector Group","hd":false},{"ty":"gr","it":[{"ind":0,"ty":"sh","ix":1,"ks":{"a":0,"k":{"i":[[-0.026,-0.464],[-0.946,1.603],[-1.825,-0.568],[-0.076,-1.563],[0.632,-1.862],[1.868,0.027],[0.302,2.129]],"o":[[-0.099,-2.744],[0.852,-1.442],[1.564,0.486],[0.097,1.996],[-0.537,1.585],[-1.588,-0.022],[-0.055,-0.386]],"v":[[-3.7,2.384],[-2.303,-3.691],[1.516,-5.683],[3.702,-2.307],[2.727,3.458],[-0.636,6.224],[-3.677,2.702]],"c":true},"ix":2},"nm":"Path 1","mn":"ADBE Vector Shape - Group","hd":false},{"ty":"fl","c":{"a":0,"k":[0.058823533152,0.050980395897,0.043137254902,1],"ix":4},"o":{"a":0,"k":100,"ix":5},"r":1,"bm":0,"nm":"Fill 1","mn":"ADBE Vector Graphic - Fill","hd":false},{"ty":"tr","p":{"a":0,"k":[163.586,79.834],"ix":2},"a":{"a":0,"k":[0,0],"ix":1},"s":{"a":0,"k":[100,100],"ix":3},"r":{"a":0,"k":0,"ix":6},"o":{"a":0,"k":100,"ix":7},"sk":{"a":0,"k":0,"ix":4},"sa":{"a":0,"k":0,"ix":5},"nm":"Transform"}],"nm":"Group 13","np":2,"cix":2,"bm":0,"ix":13,"mn":"ADBE Vector Group","hd":false},{"ty":"gr","it":[{"ind":0,"ty":"sh","ix":1,"ks":{"a":0,"k":{"i":[[-0.064,3.787],[-1.279,0.096],[-0.101,-0.228],[-0.001,-1.213],[0.103,-4.229],[4.363,-0.542],[-0.385,3.137]],"o":[[1.278,-0.096],[0.101,0.227],[-0.755,1.015],[0.004,4.231],[-0.096,3.975],[-0.278,-3.131],[0.457,-3.74]],"v":[[-1.635,-10.207],[2.202,-10.493],[2.504,-9.81],[1.707,-6.422],[1.6,6.269],[-2.227,10.493],[-1.921,1.143]],"c":true},"ix":2},"nm":"Path 1","mn":"ADBE Vector Shape - Group","hd":false},{"ty":"fl","c":{"a":0,"k":[0.992156922583,0.90588241278,0.654901960784,1],"ix":4},"o":{"a":0,"k":100,"ix":5},"r":1,"bm":0,"nm":"Fill 1","mn":"ADBE Vector Graphic - Fill","hd":false},{"ty":"tr","p":{"a":0,"k":[143.307,235.555],"ix":2},"a":{"a":0,"k":[0,0],"ix":1},"s":{"a":0,"k":[100,100],"ix":3},"r":{"a":0,"k":0,"ix":6},"o":{"a":0,"k":100,"ix":7},"sk":{"a":0,"k":0,"ix":4},"sa":{"a":0,"k":0,"ix":5},"nm":"Transform"}],"nm":"Group 14","np":2,"cix":2,"bm":0,"ix":14,"mn":"ADBE Vector Group","hd":false},{"ty":"gr","it":[{"ind":0,"ty":"sh","ix":1,"ks":{"a":0,"k":{"i":[[2.271,-0.134],[3.792,2.679],[2.068,1.53],[-2.974,-3.226],[-0.634,-3.978],[-0.982,-0.566]],"o":[[-0.82,-4.178],[-1.304,-2.737],[2.612,-3.758],[2.605,2.825],[0.183,1.146],[-0.492,1.695]],"v":[[4.437,9.587],[-1.098,-1.396],[-7.6,-5.518],[0.265,-6.361],[5.937,3.447],[7.6,5.982]],"c":true},"ix":2},"nm":"Path 1","mn":"ADBE Vector Shape - Group","hd":false},{"ty":"fl","c":{"a":0,"k":[0.992156922583,0.90588241278,0.654901960784,1],"ix":4},"o":{"a":0,"k":100,"ix":5},"r":1,"bm":0,"nm":"Fill 1","mn":"ADBE Vector Graphic - Fill","hd":false},{"ty":"tr","p":{"a":0,"k":[123.02,50.117],"ix":2},"a":{"a":0,"k":[0,0],"ix":1},"s":{"a":0,"k":[100,100],"ix":3},"r":{"a":0,"k":0,"ix":6},"o":{"a":0,"k":100,"ix":7},"sk":{"a":0,"k":0,"ix":4},"sa":{"a":0,"k":0,"ix":5},"nm":"Transform"}],"nm":"Group 15","np":2,"cix":2,"bm":0,"ix":15,"mn":"ADBE Vector Group","hd":false},{"ty":"gr","it":[{"ind":0,"ty":"sh","ix":1,"ks":{"a":0,"k":{"i":[[-3.063,-1.238],[0.717,-1.516],[4.728,-10.233],[1.446,-1.211],[-1.242,2.045],[-5.834,10.297]],"o":[[-1.62,0.904],[-4.815,10.193],[-0.78,1.687],[-2.248,-1.77],[6.152,-10.135],[1.021,-1.801]],"v":[[11.467,-19.004],[8.559,-14.9],[-5.77,15.735],[-8.792,20.241],[-10.225,15.42],[6.492,-15.901]],"c":true},"ix":2},"nm":"Path 1","mn":"ADBE Vector Shape - Group","hd":false},{"ty":"fl","c":{"a":0,"k":[0.992156922583,0.90588241278,0.654901960784,1],"ix":4},"o":{"a":0,"k":100,"ix":5},"r":1,"bm":0,"nm":"Fill 1","mn":"ADBE Vector Graphic - Fill","hd":false},{"ty":"tr","p":{"a":0,"k":[112.807,180.037],"ix":2},"a":{"a":0,"k":[0,0],"ix":1},"s":{"a":0,"k":[100,100],"ix":3},"r":{"a":0,"k":0,"ix":6},"o":{"a":0,"k":100,"ix":7},"sk":{"a":0,"k":0,"ix":4},"sa":{"a":0,"k":0,"ix":5},"nm":"Transform"}],"nm":"Group 16","np":2,"cix":2,"bm":0,"ix":16,"mn":"ADBE Vector Group","hd":false},{"ty":"gr","it":[{"ind":0,"ty":"sh","ix":1,"ks":{"a":0,"k":{"i":[[-0.82,-4.178],[2.024,-1.162],[1.655,2.008],[-4.755,2.599]],"o":[[-0.378,1.895],[-2.253,1.293],[-3.357,-4.072],[3.792,2.679]],"v":[[6.017,2.27],[3.699,7.421],[-2.66,6.273],[0.482,-8.714]],"c":true},"ix":2},"nm":"Path 1","mn":"ADBE Vector Shape - Group","hd":false},{"ty":"fl","c":{"a":0,"k":[0.768627510819,0.376470618154,0.152941176471,1],"ix":4},"o":{"a":0,"k":100,"ix":5},"r":1,"bm":0,"nm":"Fill 1","mn":"ADBE Vector Graphic - Fill","hd":false},{"ty":"tr","p":{"a":0,"k":[121.44,57.434],"ix":2},"a":{"a":0,"k":[0,0],"ix":1},"s":{"a":0,"k":[100,100],"ix":3},"r":{"a":0,"k":0,"ix":6},"o":{"a":0,"k":100,"ix":7},"sk":{"a":0,"k":0,"ix":4},"sa":{"a":0,"k":0,"ix":5},"nm":"Transform"}],"nm":"Group 17","np":2,"cix":2,"bm":0,"ix":17,"mn":"ADBE Vector Group","hd":false},{"ty":"gr","it":[{"ind":0,"ty":"sh","ix":1,"ks":{"a":0,"k":{"i":[[0.486,-0.422],[0.44,-1.303],[12.78,0.711],[-1.552,0.282],[-3,1.802],[-1.292,5.296],[-0.594,1.053],[-2.791,-0.102]],"o":[[-1.318,0.205],[-3.976,11.807],[0.684,-1.667],[3.564,-0.647],[4.93,-2.962],[0.275,-1.131],[2.414,1.256],[-0.483,0.422]],"v":[[13.612,-8.302],[11.275,-6.033],[-15.067,11.341],[-11.334,8.811],[-1.672,4.603],[6.531,-8.672],[7.406,-12.052],[15.067,-9.568]],"c":true},"ix":2},"nm":"Path 1","mn":"ADBE Vector Shape - Group","hd":false},{"ty":"fl","c":{"a":0,"k":[0.992156922583,0.90588241278,0.654901960784,1],"ix":4},"o":{"a":0,"k":100,"ix":5},"r":1,"bm":0,"nm":"Fill 1","mn":"ADBE Vector Graphic - Fill","hd":false},{"ty":"tr","p":{"a":0,"k":[185.896,117.885],"ix":2},"a":{"a":0,"k":[0,0],"ix":1},"s":{"a":0,"k":[100,100],"ix":3},"r":{"a":0,"k":0,"ix":6},"o":{"a":0,"k":100,"ix":7},"sk":{"a":0,"k":0,"ix":4},"sa":{"a":0,"k":0,"ix":5},"nm":"Transform"}],"nm":"Group 18","np":2,"cix":2,"bm":0,"ix":18,"mn":"ADBE Vector Group","hd":false},{"ty":"gr","it":[{"ind":0,"ty":"sh","ix":1,"ks":{"a":0,"k":{"i":[[-0.044,3.876],[-4.225,0.061],[0.041,-4.09],[4.161,0.153]],"o":[[0.049,-4.315],[4.132,-0.06],[-0.042,4.242],[-3.832,-0.141]],"v":[[-7.508,0.29],[0.219,-7.622],[7.511,-0.44],[-0.683,7.53]],"c":true},"ix":2},"nm":"Path 1","mn":"ADBE Vector Shape - Group","hd":false},{"ty":"fl","c":{"a":0,"k":[0.768627510819,0.376470618154,0.152941176471,1],"ix":4},"o":{"a":0,"k":100,"ix":5},"r":1,"bm":0,"nm":"Fill 1","mn":"ADBE Vector Graphic - Fill","hd":false},{"ty":"tr","p":{"a":0,"k":[139.75,94.072],"ix":2},"a":{"a":0,"k":[0,0],"ix":1},"s":{"a":0,"k":[100,100],"ix":3},"r":{"a":0,"k":0,"ix":6},"o":{"a":0,"k":100,"ix":7},"sk":{"a":0,"k":0,"ix":4},"sa":{"a":0,"k":0,"ix":5},"nm":"Transform"}],"nm":"Group 19","np":2,"cix":2,"bm":0,"ix":19,"mn":"ADBE Vector Group","hd":false},{"ty":"gr","it":[{"ind":0,"ty":"sh","ix":1,"ks":{"a":0,"k":{"i":[[2.4,0.759],[-0.882,1.499],[-4.017,6.904],[-0.097,1.108],[-3.394,3.551],[-4.161,1.422],[-1.424,-1.267],[0.176,-0.729],[0.644,0.033],[2.492,-2.347],[2.936,-5.042],[4.417,-7.658]],"o":[[-1.112,-1.771],[4.058,-6.881],[0.517,-0.891],[2.852,-3.951],[2.933,-3.071],[1.782,-0.608],[0.495,0.439],[-0.187,0.78],[-3.85,-0.197],[-4.257,4.01],[-4.449,7.64],[-0.939,1.63]],"v":[[-18.794,23.589],[-18.106,18.867],[-5.99,-1.809],[-4.586,-4.575],[4.135,-16.307],[14.228,-23.74],[19.023,-22.996],[19.73,-21.259],[18.219,-20.246],[9.328,-15.709],[-1.3,-1.97],[-14.547,21.007]],"c":true},"ix":2},"nm":"Path 1","mn":"ADBE Vector Shape - Group","hd":false},{"ty":"fl","c":{"a":0,"k":[0.058823533152,0.050980395897,0.043137254902,1],"ix":4},"o":{"a":0,"k":100,"ix":5},"r":1,"bm":0,"nm":"Fill 1","mn":"ADBE Vector Graphic - Fill","hd":false},{"ty":"tr","p":{"a":0,"k":[109.924,167.463],"ix":2},"a":{"a":0,"k":[0,0],"ix":1},"s":{"a":0,"k":[100,100],"ix":3},"r":{"a":0,"k":0,"ix":6},"o":{"a":0,"k":100,"ix":7},"sk":{"a":0,"k":0,"ix":4},"sa":{"a":0,"k":0,"ix":5},"nm":"Transform"}],"nm":"Group 20","np":2,"cix":2,"bm":0,"ix":20,"mn":"ADBE Vector Group","hd":false},{"ty":"gr","it":[{"ind":0,"ty":"sh","ix":1,"ks":{"a":0,"k":{"i":[[1.933,0.689],[1.472,3.565],[-5.125,7.516],[-4.442,-4.641],[-0.737,-5.057],[1.599,-0.232],[0.182,1.146],[2.604,2.825],[2.613,-3.758],[-1.961,-6.553],[-1.295,-1.347],[-2.773,1.13],[-0.58,-2.223],[1.507,-0.562]],"o":[[-4.124,-0.958],[-3.549,-8.589],[3.61,-5.294],[3.41,3.562],[-0.149,1.476],[-0.983,-0.566],[-0.634,-3.978],[-2.974,-3.226],[-3.811,5.666],[0.535,1.788],[1.865,1.939],[1.424,-0.58],[0.52,1.994],[-1.935,0.723]],"v":[[-2.014,18.348],[-10.041,10.827],[-7.109,-13.556],[6.675,-14.396],[13.59,-1.809],[11.211,0.962],[9.548,-1.573],[3.876,-11.382],[-3.99,-10.538],[-6.827,7.792],[-4.027,12.488],[2.677,14.329],[6.607,15.226],[3.76,18.285]],"c":true},"ix":2},"nm":"Path 1","mn":"ADBE Vector Shape - Group","hd":false},{"ty":"fl","c":{"a":0,"k":[0.058823533152,0.050980395897,0.043137254902,1],"ix":4},"o":{"a":0,"k":100,"ix":5},"r":1,"bm":0,"nm":"Fill 1","mn":"ADBE Vector Graphic - Fill","hd":false},{"ty":"tr","p":{"a":0,"k":[119.409,55.137],"ix":2},"a":{"a":0,"k":[0,0],"ix":1},"s":{"a":0,"k":[100,100],"ix":3},"r":{"a":0,"k":0,"ix":6},"o":{"a":0,"k":100,"ix":7},"sk":{"a":0,"k":0,"ix":4},"sa":{"a":0,"k":0,"ix":5},"nm":"Transform"}],"nm":"Group 21","np":2,"cix":2,"bm":0,"ix":21,"mn":"ADBE Vector Group","hd":false},{"ty":"gr","it":[{"ind":0,"ty":"sh","ix":1,"ks":{"a":0,"k":{"i":[[1.599,2.2],[-0.201,0.621],[8.08,7.16],[12.83,2.357],[2.775,0.964],[-3.103,-0.265],[-8.98,-4.874],[-3.193,-3.169],[-0.608,-0.695],[-1.213,0.484],[-0.043,1.047],[0,1.164],[-0.377,-0.775],[3.437,-8.193],[0.984,-1.763],[-0.597,-0.568],[-0.517,-0.407],[-2.051,-7.459],[-0.216,-1.028],[-6.417,-3.329],[0.678,-2.355],[3.121,2.418],[1.615,6.156],[5.09,4.475]],"o":[[0.112,-0.649],[3.602,-11.208],[-9.823,-8.706],[-2.853,-0.524],[3.023,-1.44],[10.316,0.882],[3.952,2.146],[0.654,0.65],[0.722,0.824],[1.221,-0.486],[0.047,-1.166],[1.13,0.04],[3.811,7.834],[-0.782,1.865],[-0.44,0.786],[0.475,0.451],[6.139,4.837],[0.281,1.017],[1.513,7.202],[2.475,1.284],[-3.589,-1.653],[-5.288,-4.097],[-1.714,-6.531],[-2.169,-1.906]],"v":[[8.667,0.964],[9.017,-0.979],[0.195,-28.252],[-34.426,-43.833],[-43.002,-45.28],[-33.671,-45.911],[-4.998,-36.292],[5.521,-27.972],[7.368,-25.906],[10.076,-24.817],[11.316,-27.494],[11.327,-30.993],[12.931,-29.013],[14.272,-4.925],[12.936,0.724],[13.553,2.836],[15.11,4.051],[27.069,22.703],[27.966,25.737],[40.073,41.505],[42.324,46.72],[32.255,40.612],[22.994,24.496],[13.331,7.674]],"c":true},"ix":2},"nm":"Path 1","mn":"ADBE Vector Shape - Group","hd":false},{"ty":"fl","c":{"a":0,"k":[0.992156922583,0.90588241278,0.654901960784,1],"ix":4},"o":{"a":0,"k":100,"ix":5},"r":1,"bm":0,"nm":"Fill 1","mn":"ADBE Vector Graphic - Fill","hd":false},{"ty":"tr","p":{"a":0,"k":[146.676,51.113],"ix":2},"a":{"a":0,"k":[0,0],"ix":1},"s":{"a":0,"k":[100,100],"ix":3},"r":{"a":0,"k":0,"ix":6},"o":{"a":0,"k":100,"ix":7},"sk":{"a":0,"k":0,"ix":4},"sa":{"a":0,"k":0,"ix":5},"nm":"Transform"}],"nm":"Group 22","np":2,"cix":2,"bm":0,"ix":22,"mn":"ADBE Vector Group","hd":false},{"ty":"gr","it":[{"ind":0,"ty":"sh","ix":1,"ks":{"a":0,"k":{"i":[[-4.466,-2.865],[-0.171,-3.72],[1.899,1.068],[0.746,-2.983],[-3.446,-4.989],[-3.16,3.35],[-1.303,0.441],[-1.106,0.79],[6.024,-16.156],[8.73,-3.591],[5.995,-0.025],[-3.58,-0.021],[-4.887,2.359],[-0.319,1.354],[0.956,0.39],[2.054,6.877],[-1.177,9.649],[-0.255,2.618],[-2.431,5.418],[-0.592,0.696]],"o":[[-1.155,3.093],[-2.157,-1.429],[-2.706,-1.522],[-1.477,5.905],[2.325,3.367],[0.902,-0.958],[1.255,-0.424],[11.566,12.348],[-3.336,8.947],[-5.601,2.305],[-1.518,-3.284],[5.62,0.033],[1.035,-0.5],[-0.658,-1.007],[-6.463,-2.631],[-2.803,-9.393],[0.319,-2.611],[0.583,-5.995],[0.373,-0.829],[3.47,-4.075]],"v":[[0.559,-40.317],[-0.856,-30.287],[-6.67,-34.102],[-12.153,-31.987],[-9.197,-15.372],[-0.103,-15.732],[2.393,-18.706],[5.805,-20.658],[15.78,21.646],[-2.901,39.917],[-20.285,43.181],[-17.708,38.872],[-2.269,34.426],[0.287,32.164],[-2.458,30.73],[-15.544,16.872],[-17.532,-11.694],[-16.545,-19.526],[-11.367,-36.442],[-9.859,-38.748]],"c":true},"ix":2},"nm":"Path 1","mn":"ADBE Vector Shape - Group","hd":false},{"ty":"fl","c":{"a":0,"k":[0.992156922583,0.90588241278,0.654901960784,1],"ix":4},"o":{"a":0,"k":100,"ix":5},"r":1,"bm":0,"nm":"Fill 1","mn":"ADBE Vector Graphic - Fill","hd":false},{"ty":"tr","p":{"a":0,"k":[160.609,178.021],"ix":2},"a":{"a":0,"k":[0,0],"ix":1},"s":{"a":0,"k":[100,100],"ix":3},"r":{"a":0,"k":0,"ix":6},"o":{"a":0,"k":100,"ix":7},"sk":{"a":0,"k":0,"ix":4},"sa":{"a":0,"k":0,"ix":5},"nm":"Transform"}],"nm":"Group 23","np":2,"cix":2,"bm":0,"ix":23,"mn":"ADBE Vector Group","hd":false},{"ty":"gr","it":[{"ind":0,"ty":"sh","ix":1,"ks":{"a":0,"k":{"i":[[0.083,-0.339],[3.972,-4.027],[-2.44,-3.983],[-0.096,-0.779],[-4.647,1.877],[-1.784,1.358],[-1.36,0.177],[-2.525,-0.863],[-2.022,1.479],[-1.294,2.262],[-2.218,-1.792],[-2.603,-1.447],[1.474,-1.261],[5.508,-1.341],[10.047,1.933],[0.635,0.174],[0.548,0.221],[-0.945,1.137],[-0.631,0.832],[0.598,1.189],[1.085,-0.121],[5.415,2.578],[0.594,0.951],[-1.081,0.521],[0.503,1.419],[1.254,-0.227],[5.152,0.138],[2.751,0.96],[-1.156,2.57],[-2.994,2.619],[-0.621,0.492],[0.233,1.198],[1.106,0.194],[4.026,1.267],[0.299,0.237],[0.559,0.555],[-2.43,5.076],[-0.875,1.622],[-0.157,2.176],[1.632,0.773],[0.555,0.794],[1.187,-0.13],[-0.397,5.25],[-0.946,1.458],[-2.251,2.428],[-1.016,1.376],[1.212,1.29],[-1.539,1.958],[-1.751,2.623],[4.021,0.802],[-2.136,3.369],[-2.035,1.893],[-1.221,2.222],[1.534,1.156],[1.381,-0.014],[0.476,2.459],[-0.697,1.737],[-2.078,3.38],[-4.412,4.502],[1.986,2.738],[0.352,0.503],[-4.048,3.138],[-9.958,-0.058],[-1.852,0.405],[1.981,1.041],[1.915,0.806],[-1.758,-0.053],[-7.001,-2.131],[-0.122,4.266],[1.637,0.738],[0.577,0.64],[-1.119,-0.035],[-2.853,-0.523],[-9.823,-8.706],[3.602,-11.208],[0.112,-0.649],[4.258,0.578],[0.779,-0.465],[-0.609,-0.86],[0.728,-1.422],[1.313,0.234],[2.78,0.013],[3.409,3.562],[3.609,-5.295],[-3.549,-8.59],[-4.124,-0.959],[3.111,-4.627],[0.558,-1.046],[-0.78,-1.208],[-1.166,0.305],[-0.935,-1.004],[0.574,-1.052],[1.179,-4.916],[0.053,-0.258],[-1.243,-1.102],[-1.193,0.389],[-0.241,0.106],[-1.043,-1.046],[0.325,-1.03],[1.162,-3.785],[-0.06,-9.862],[-0.629,-1.764],[0.517,-0.891],[4.058,-6.881],[-1.112,-1.771]],"o":[[-5.676,0.237],[-3.27,3.318],[0.454,0.738],[0.616,4.973],[2.123,-0.857],[0.719,-0.548],[0.967,1.879],[2.248,0.77],[2.026,-1.481],[2.263,1.89],[2.161,1.747],[-0.561,2.093],[-4.445,3.797],[-9.829,2.393],[-0.648,-0.125],[-0.376,-0.103],[0.319,-1.694],[0.672,-0.807],[0.753,-0.995],[-0.582,-1.156],[-6.18,0.687],[-0.705,-0.336],[0.889,-1.09],[1.203,-0.581],[-0.499,-1.408],[-5.105,0.927],[-2.929,-0.078],[-2.673,-0.932],[1.672,-3.715],[0.596,-0.522],[0.868,-0.688],[-0.245,-1.253],[-4.196,-0.737],[-0.34,-0.108],[-0.55,-0.564],[-4.056,-4.032],[0.795,-1.66],[1.002,-1.858],[0.11,-1.514],[-0.554,-0.794],[-1.137,-0.59],[-5.171,0.572],[0.135,-1.77],[1.796,-2.773],[1.163,-1.255],[0.998,-1.351],[-2.27,-2.417],[1.955,-2.489],[2.295,-3.437],[-3.785,-0.754],[1.495,-2.357],[1.84,-1.711],[0.61,-1.112],[0.011,-1.953],[-3.107,-0.449],[-0.362,-1.867],[1.468,-3.658],[3.336,-5.427],[2.278,-2.325],[-0.636,-0.199],[-1.553,-5.368],[7.573,-5.871],[1.881,0.011],[1.486,-0.671],[-1.832,-0.963],[0.545,-2.506],[7.234,0.22],[3.882,1.182],[0.561,-1.592],[-0.834,-0.375],[-1.099,-1.219],[2.775,0.964],[12.83,2.357],[8.08,7.161],[-0.201,0.621],[-3.695,-1.987],[-0.647,-0.088],[-0.234,1.409],[0.76,1.073],[-0.78,1.524],[-2.715,-0.484],[-0.736,-5.056],[-4.442,-4.64],[-5.125,7.515],[1.473,3.565],[-3.867,3.974],[-0.663,0.985],[-0.616,1.154],[0.981,1.516],[1.238,-0.323],[1.024,1.099],[-2.414,4.426],[-0.062,0.256],[-0.287,1.386],[1.188,1.054],[0.25,-0.082],[1.115,-0.487],[0.905,0.907],[-1.193,3.775],[-2.879,9.391],[0.011,1.866],[-0.097,1.109],[-4.017,6.904],[-0.882,1.499],[-0.083,0.339]],"v":[[5.662,71.827],[-8.811,78.275],[-10.021,88.873],[-9.431,91.095],[-0.69,96.209],[4.883,92.47],[7.572,90.993],[11.479,96.308],[17.865,95.573],[21.98,89.544],[28.628,95.083],[35.849,99.582],[32.296,104.17],[16.968,111.283],[-12.889,112.509],[-14.819,112.07],[-16.099,111.563],[-13.306,108],[-11.101,105.738],[-10.745,102.381],[-13.471,101.283],[-30.597,97.295],[-32.652,95.708],[-29.192,94.594],[-27.598,91.876],[-30.573,90.686],[-45.982,91.377],[-54.511,89.755],[-56.425,85.283],[-48.848,76.246],[-46.993,74.758],[-45.694,72.069],[-48.014,70.281],[-60.043,66.335],[-60.946,65.641],[-62.597,63.95],[-64.855,51.503],[-62.226,46.641],[-60.092,40.748],[-61.613,37.044],[-63.275,34.662],[-66.744,34.519],[-73.679,27.638],[-71.944,22.859],[-65.909,15.035],[-62.626,11.082],[-62.256,6.698],[-61.786,0.448],[-55.912,-7.005],[-58.477,-12.939],[-60.688,-18.406],[-55.208,-24.626],[-50.381,-30.353],[-50.376,-33.827],[-53.115,-35.766],[-57.109,-39.009],[-56.498,-44.416],[-51.347,-55.036],[-39.192,-69.459],[-38.84,-75.039],[-40.156,-76.268],[-35.673,-89.21],[-9.757,-99.263],[-4.143,-99.64],[-3.758,-102.238],[-9.484,-104.688],[-5.087,-107.002],[16.382,-104.305],[21.319,-108.107],[19.905,-111.65],[17.515,-112.97],[18.455,-114.408],[27.031,-112.961],[61.652,-97.38],[70.474,-70.107],[70.124,-68.165],[58.511,-72.802],[56.443,-72.63],[58.312,-70.046],[59.469,-66.548],[55.977,-65.795],[47.78,-66.914],[40.866,-79.501],[27.082,-78.66],[24.149,-54.276],[32.177,-46.755],[21.31,-34.201],[19.412,-31.186],[18.643,-27.479],[22.189,-27.571],[25.482,-26.988],[25.399,-23.699],[19.843,-9.755],[19.62,-8.996],[19.629,-4.892],[23.219,-5.698],[23.941,-6.021],[27.235,-5.927],[27.41,-2.971],[23.892,8.375],[19.317,37.194],[20.119,42.646],[18.715,45.414],[6.599,66.089],[5.911,70.812]],"c":true},"ix":2},"nm":"Path 1","mn":"ADBE Vector Shape - Group","hd":false},{"ty":"fl","c":{"a":0,"k":[0.768627510819,0.376470618154,0.152941176471,1],"ix":4},"o":{"a":0,"k":100,"ix":5},"r":1,"bm":0,"nm":"Fill 1","mn":"ADBE Vector Graphic - Fill","hd":false},{"ty":"tr","p":{"a":0,"k":[85.219,120.241],"ix":2},"a":{"a":0,"k":[0,0],"ix":1},"s":{"a":0,"k":[100,100],"ix":3},"r":{"a":0,"k":0,"ix":6},"o":{"a":0,"k":100,"ix":7},"sk":{"a":0,"k":0,"ix":4},"sa":{"a":0,"k":0,"ix":5},"nm":"Transform"}],"nm":"Group 24","np":2,"cix":2,"bm":0,"ix":24,"mn":"ADBE Vector Group","hd":false},{"ty":"gr","it":[{"ind":0,"ty":"sh","ix":1,"ks":{"a":0,"k":{"i":[[-0.045,0.471],[0.772,-0.401]],"o":[[0.912,0.562],[0.046,-0.471]],"v":[[-0.388,-0.706],[-0.524,0.706]],"c":true},"ix":2},"nm":"Path 1","mn":"ADBE Vector Shape - Group","hd":false},{"ty":"fl","c":{"a":0,"k":[0.415686304429,0.494117676978,0.580392156863,1],"ix":4},"o":{"a":0,"k":100,"ix":5},"r":1,"bm":0,"nm":"Fill 1","mn":"ADBE Vector Graphic - Fill","hd":false},{"ty":"tr","p":{"a":0,"k":[32.279,194.237],"ix":2},"a":{"a":0,"k":[0,0],"ix":1},"s":{"a":0,"k":[100,100],"ix":3},"r":{"a":0,"k":0,"ix":6},"o":{"a":0,"k":100,"ix":7},"sk":{"a":0,"k":0,"ix":4},"sa":{"a":0,"k":0,"ix":5},"nm":"Transform"}],"nm":"Group 25","np":2,"cix":2,"bm":0,"ix":25,"mn":"ADBE Vector Group","hd":false},{"ty":"gr","it":[{"ind":0,"ty":"sh","ix":1,"ks":{"a":0,"k":{"i":[[0.606,-0.137],[-0.712,-0.336]],"o":[[0.325,-1.385],[-0.605,0.136]],"v":[[-0.908,0.692],[0.908,0.284]],"c":true},"ix":2},"nm":"Path 1","mn":"ADBE Vector Shape - Group","hd":false},{"ty":"fl","c":{"a":0,"k":[0.415686304429,0.494117676978,0.580392156863,1],"ix":4},"o":{"a":0,"k":100,"ix":5},"r":1,"bm":0,"nm":"Fill 1","mn":"ADBE Vector Graphic - Fill","hd":false},{"ty":"tr","p":{"a":0,"k":[125.291,220.942],"ix":2},"a":{"a":0,"k":[0,0],"ix":1},"s":{"a":0,"k":[100,100],"ix":3},"r":{"a":0,"k":0,"ix":6},"o":{"a":0,"k":100,"ix":7},"sk":{"a":0,"k":0,"ix":4},"sa":{"a":0,"k":0,"ix":5},"nm":"Transform"}],"nm":"Group 26","np":2,"cix":2,"bm":0,"ix":26,"mn":"ADBE Vector Group","hd":false},{"ty":"gr","it":[{"ind":0,"ty":"sh","ix":1,"ks":{"a":0,"k":{"i":[[0.324,0.407],[-0.383,-0.636],[0.51,-0.186]],"o":[[0.615,-0.202],[0.314,0.524],[-0.324,-0.408]],"v":[[-1.032,-0.371],[0.718,-0.215],[-0.06,0.852]],"c":true},"ix":2},"nm":"Path 1","mn":"ADBE Vector Shape - Group","hd":false},{"ty":"fl","c":{"a":0,"k":[0.415686304429,0.494117676978,0.580392156863,1],"ix":4},"o":{"a":0,"k":100,"ix":5},"r":1,"bm":0,"nm":"Fill 1","mn":"ADBE Vector Graphic - Fill","hd":false},{"ty":"tr","p":{"a":0,"k":[37.231,49.901],"ix":2},"a":{"a":0,"k":[0,0],"ix":1},"s":{"a":0,"k":[100,100],"ix":3},"r":{"a":0,"k":0,"ix":6},"o":{"a":0,"k":100,"ix":7},"sk":{"a":0,"k":0,"ix":4},"sa":{"a":0,"k":0,"ix":5},"nm":"Transform"}],"nm":"Group 27","np":2,"cix":2,"bm":0,"ix":27,"mn":"ADBE Vector Group","hd":false},{"ty":"gr","it":[{"ind":0,"ty":"sh","ix":1,"ks":{"a":0,"k":{"i":[[0.521,0.128],[-0.429,0.219],[-0.204,-0.725],[0.486,-0.216]],"o":[[0.4,-0.275],[0.374,-0.192],[0.134,0.481],[-0.52,-0.128]],"v":[[-1.239,0.533],[-0.033,-0.281],[1.105,-0.191],[0.321,0.917]],"c":true},"ix":2},"nm":"Path 1","mn":"ADBE Vector Shape - Group","hd":false},{"ty":"fl","c":{"a":0,"k":[0.415686304429,0.494117676978,0.580392156863,1],"ix":4},"o":{"a":0,"k":100,"ix":5},"r":1,"bm":0,"nm":"Fill 1","mn":"ADBE Vector Graphic - Fill","hd":false},{"ty":"tr","p":{"a":0,"k":[15.726,162.879],"ix":2},"a":{"a":0,"k":[0,0],"ix":1},"s":{"a":0,"k":[100,100],"ix":3},"r":{"a":0,"k":0,"ix":6},"o":{"a":0,"k":100,"ix":7},"sk":{"a":0,"k":0,"ix":4},"sa":{"a":0,"k":0,"ix":5},"nm":"Transform"}],"nm":"Group 28","np":2,"cix":2,"bm":0,"ix":28,"mn":"ADBE Vector Group","hd":false},{"ty":"gr","it":[{"ind":0,"ty":"sh","ix":1,"ks":{"a":0,"k":{"i":[[0.27,0.503],[-0.249,-0.008],[-0.081,-0.68],[0.867,0.027]],"o":[[0.252,-0.047],[0.595,0.021],[0.099,0.835],[-0.269,-0.503]],"v":[[-1.244,-0.581],[-0.49,-0.712],[1.145,-0.275],[-0.437,0.929]],"c":true},"ix":2},"nm":"Path 1","mn":"ADBE Vector Shape - Group","hd":false},{"ty":"fl","c":{"a":0,"k":[0.415686304429,0.494117676978,0.580392156863,1],"ix":4},"o":{"a":0,"k":100,"ix":5},"r":1,"bm":0,"nm":"Fill 1","mn":"ADBE Vector Graphic - Fill","hd":false},{"ty":"tr","p":{"a":0,"k":[17.616,115.156],"ix":2},"a":{"a":0,"k":[0,0],"ix":1},"s":{"a":0,"k":[100,100],"ix":3},"r":{"a":0,"k":0,"ix":6},"o":{"a":0,"k":100,"ix":7},"sk":{"a":0,"k":0,"ix":4},"sa":{"a":0,"k":0,"ix":5},"nm":"Transform"}],"nm":"Group 29","np":2,"cix":2,"bm":0,"ix":29,"mn":"ADBE Vector Group","hd":false},{"ty":"gr","it":[{"ind":0,"ty":"sh","ix":1,"ks":{"a":0,"k":{"i":[[-0.388,-0.472],[-0.897,-0.89],[0.401,-4.547],[1.585,-0.915],[0.215,1.753],[1.557,1.677],[-0.129,-1.176],[0.682,-2.196],[1.04,0.065],[1.393,4.027],[3.808,0.054],[-1.756,0.005],[-0.09,1.639]],"o":[[-0.587,1.687],[3.364,3.337],[-0.112,1.278],[-0.17,-1.947],[-0.218,-1.793],[-0.912,1.589],[0.245,2.254],[-0.233,0.751],[1.534,-4.361],[-1.111,-3.215],[1.59,-1.413],[1.616,-0.004],[0.635,0.029]],"v":[[1.655,-9.696],[3.368,-6.481],[7.261,5.528],[5.381,9.003],[4.89,3.537],[2.752,-1.696],[2.616,2.316],[2.309,8.998],[0.753,10.466],[-0.358,-2.132],[-7.662,-7.702],[-2.409,-8.367],[0.167,-10.531]],"c":true},"ix":2},"nm":"Path 1","mn":"ADBE Vector Shape - Group","hd":false},{"ty":"fl","c":{"a":0,"k":[0.992156922583,0.90588241278,0.654901960784,1],"ix":4},"o":{"a":0,"k":100,"ix":5},"r":1,"bm":0,"nm":"Fill 1","mn":"ADBE Vector Graphic - Fill","hd":false},{"ty":"tr","p":{"a":0,"k":[151.261,257.811],"ix":2},"a":{"a":0,"k":[0,0],"ix":1},"s":{"a":0,"k":[100,100],"ix":3},"r":{"a":0,"k":0,"ix":6},"o":{"a":0,"k":100,"ix":7},"sk":{"a":0,"k":0,"ix":4},"sa":{"a":0,"k":0,"ix":5},"nm":"Transform"}],"nm":"Group 30","np":2,"cix":2,"bm":0,"ix":30,"mn":"ADBE Vector Group","hd":false},{"ty":"gr","it":[{"ind":0,"ty":"sh","ix":1,"ks":{"a":0,"k":{"i":[[-0.707,-3.235],[0.899,-2.406],[2.597,-0.604],[10.288,4.472],[-0.198,3.1],[-0.151,1.576],[-2.277,11.494],[0.564,1.292],[-1.201,-1.07],[0.235,-1.154],[2.19,-6.634],[1.159,-4.995],[-4.828,-1.743],[-7.578,1.501],[-0.234,0.751],[0.245,2.254],[-0.912,1.588],[-0.219,-1.793],[-0.17,-1.948],[-0.113,1.278],[3.364,3.337],[-0.587,1.687],[-1.808,-2.822]],"o":[[-0.179,2.49],[-0.903,2.417],[-10.926,2.544],[-3.029,-1.318],[0.102,-1.578],[2.138,-11.528],[0.219,-1.104],[1.073,-0.248],[1,0.889],[-1.383,6.833],[-1.611,4.882],[-1.18,5.083],[7.18,2.591],[1.04,0.064],[0.681,-2.196],[-0.129,-1.176],[1.558,1.676],[0.215,1.753],[1.586,-0.915],[0.4,-4.547],[-0.896,-0.889],[2.912,-0.639],[1.773,2.768]],"v":[[21.018,13.426],[19.966,20.827],[14.945,25.33],[-16.794,22.363],[-20.82,15.89],[-20.379,11.163],[-11.984,-22.934],[-11.206,-26.221],[-7.987,-26.804],[-7.459,-23.455],[-12.362,-3.136],[-16.281,11.739],[-11.97,19.78],[10.145,21.859],[11.701,20.391],[12.007,13.708],[12.144,9.697],[14.282,14.93],[14.773,20.396],[16.653,16.92],[12.759,4.911],[11.046,1.697],[17.163,4.464]],"c":true},"ix":2},"nm":"Path 1","mn":"ADBE Vector Shape - Group","hd":false},{"ty":"fl","c":{"a":0,"k":[0.058823533152,0.050980395897,0.043137254902,1],"ix":4},"o":{"a":0,"k":100,"ix":5},"r":1,"bm":0,"nm":"Fill 1","mn":"ADBE Vector Graphic - Fill","hd":false},{"ty":"tr","p":{"a":0,"k":[141.87,246.419],"ix":2},"a":{"a":0,"k":[0,0],"ix":1},"s":{"a":0,"k":[100,100],"ix":3},"r":{"a":0,"k":0,"ix":6},"o":{"a":0,"k":100,"ix":7},"sk":{"a":0,"k":0,"ix":4},"sa":{"a":0,"k":0,"ix":5},"nm":"Transform"}],"nm":"Group 31","np":2,"cix":2,"bm":0,"ix":31,"mn":"ADBE Vector Group","hd":false},{"ty":"gr","it":[{"ind":0,"ty":"sh","ix":1,"ks":{"a":0,"k":{"i":[[2.985,0.447],[1.513,0.561],[1.283,0.663],[0.365,0.117],[0.08,-1.371],[-1.918,-3.36],[-1.473,1.262],[0.373,2.085],[-1.901,0.049],[-0.173,-0.849],[-0.659,0.116],[-0.156,0.511]],"o":[[-1.549,-0.918],[-1.437,-0.533],[-0.346,-0.18],[-1.232,-0.394],[-0.224,3.877],[0.92,1.612],[1.661,-1.421],[-0.264,-1.47],[0.774,0.34],[0.112,0.546],[0.57,-0.101],[0.715,-2.34]],"v":[[-6.435,-29.331],[-9.425,-28.056],[-12.823,-30.654],[-13.852,-31.214],[-16.075,-29.867],[-13.573,-18.93],[-9.993,-18.626],[-8.227,-23.937],[-6.462,-26.648],[-5.02,-24.899],[-3.978,-24.001],[-2.963,-25.083]],"c":true},"ix":2},"nm":"Path 1","mn":"ADBE Vector Shape - Group","hd":false},{"ind":1,"ty":"sh","ix":2,"ks":{"a":0,"k":{"i":[[1.591,-1.412],[1.727,-0.881],[0.586,-0.303],[0.605,0.641],[-0.429,0.632],[-2.328,1.221],[-0.097,3.976],[0.004,4.23],[-0.754,1.016],[0,0],[0.321,0.011],[1.278,-0.096],[-1.616,2.459],[-5.601,2.304],[-3.336,8.947],[11.566,12.348],[1.255,-0.424],[0.902,-0.958],[2.325,3.367],[-1.477,5.905],[-2.706,-1.521],[-2.157,-1.429],[-1.155,3.093],[0.004,2.091],[0.991,0.302],[3.106,10.171],[1.575,-1.027],[0.364,0.465],[-0.256,0.497],[-2.79,-1.222],[-0.593,-1.239],[0.723,-0.553],[0.591,0.436],[0.213,0.155],[1.052,-1.062],[-0.454,-1.071],[-6.215,-2.781],[-4.817,-0.01],[-3.977,11.808],[-1.319,0.204],[0.373,-1.402],[2.2,-2.537],[9.855,0.025],[1.719,-4.7],[-0.244,-1.414],[-3.076,-2.292],[-3.636,-7.243],[10.959,-10.694],[6.911,-1.736],[1.846,-0.442],[-0.137,-4.953],[-2.342,-1.857],[1.617,-0.004]],"o":[[-2.095,-0.424],[-0.586,0.3],[-0.746,0.387],[-0.733,-0.777],[1.572,-2.316],[4.363,-0.542],[0.103,-4.228],[-0.001,-1.213],[0,0],[-0.322,-0.012],[-1.28,0.095],[-2.862,-1.373],[5.995,-0.025],[8.73,-3.592],[6.024,-16.156],[-1.106,0.79],[-1.303,0.441],[-3.16,3.35],[-3.446,-4.989],[0.746,-2.983],[1.899,1.068],[-0.171,-3.72],[1.234,-1.567],[-0.889,-0.731],[-9.79,-2.98],[-0.514,-1.685],[-0.455,0.296],[-0.342,-0.436],[1.41,-2.748],[1.24,0.543],[0.381,0.794],[-0.604,0.46],[-0.211,-0.156],[-0.918,-0.672],[-0.929,0.938],[2.727,6.434],[4.359,1.95],[12.779,0.71],[0.439,-1.303],[1.198,0.591],[-0.846,3.18],[-6.311,7.281],[-5.062,-0.013],[-0.774,0.877],[-1.053,2.977],[3.477,7.252],[7.761,15.465],[-5.106,4.982],[-1.645,0.414],[0.921,5.041],[0.079,2.867],[-0.09,1.639],[-1.755,0.005]],"v":[[-23.792,71.068],[-29.289,72.611],[-31.011,73.585],[-33.226,73.513],[-32.755,71.454],[-26.31,67.009],[-22.484,62.784],[-22.377,50.094],[-21.58,46.704],[-20.917,46.057],[-21.882,46.022],[-25.719,46.309],[-27.067,42.162],[-9.682,38.898],[8.998,20.626],[-0.976,-21.678],[-4.389,-19.726],[-6.885,-16.752],[-15.978,-16.392],[-18.934,-33.006],[-13.452,-35.122],[-7.638,-31.307],[-6.223,-41.336],[-3.92,-46.63],[-6.88,-47.743],[-27.163,-66.498],[-29.885,-67.705],[-31.317,-67.871],[-31.303,-69.354],[-21.578,-72.932],[-18.72,-70.306],[-19.252,-68.205],[-21.061,-68.247],[-21.674,-68.744],[-24.693,-69.551],[-24.239,-66.254],[-10.376,-52.792],[3.438,-49.814],[29.78,-67.189],[32.117,-69.457],[33.586,-66.594],[29.633,-57.685],[5.67,-46.17],[-1.111,-41.443],[-2.703,-38.426],[-1.346,-30.245],[11.808,-10.243],[3.942,35.269],[-14.532,44.836],[-19.677,46.073],[-18.729,61.047],[-15.962,68.24],[-18.539,70.404]],"c":true},"ix":2},"nm":"Path 2","mn":"ADBE Vector Shape - Group","hd":false},{"ty":"mm","mm":1,"nm":"Merge Paths 1","mn":"ADBE Vector Filter - Merge","hd":false},{"ty":"fl","c":{"a":0,"k":[0.058823533152,0.050980395897,0.043137254902,1],"ix":4},"o":{"a":0,"k":100,"ix":5},"r":1,"bm":0,"nm":"Fill 1","mn":"ADBE Vector Graphic - Fill","hd":false},{"ty":"tr","p":{"a":0,"k":[167.391,179.04],"ix":2},"a":{"a":0,"k":[0,0],"ix":1},"s":{"a":0,"k":[100,100],"ix":3},"r":{"a":0,"k":0,"ix":6},"o":{"a":0,"k":100,"ix":7},"sk":{"a":0,"k":0,"ix":4},"sa":{"a":0,"k":0,"ix":5},"nm":"Transform"}],"nm":"Group 32","np":4,"cix":2,"bm":0,"ix":32,"mn":"ADBE Vector Group","hd":false},{"ty":"gr","it":[{"ind":0,"ty":"sh","ix":1,"ks":{"a":0,"k":{"i":[[-0.058,-0.509],[-4.468,-1.556],[-0.32,1.394],[1.608,1.566],[2.477,-0.268]],"o":[[0.227,4.25],[1.693,1.329],[0.489,-2.12],[-1.916,-1.865],[-0.55,0.059]],"v":[[89.72,-23.472],[95.608,-16.189],[98.324,-17.425],[97.043,-23.317],[90.056,-24.833]],"c":true},"ix":2},"nm":"Path 1","mn":"ADBE Vector Shape - Group","hd":false},{"ind":1,"ty":"sh","ix":2,"ks":{"a":0,"k":{"i":[[-1.351,2.867],[-6.425,-0.741],[-3.333,-0.577],[-4.746,-1.775],[-4.632,-2.287],[-2.343,-1.158],[-0.607,-0.878],[4.83,-11.33],[-1.585,-1.566],[-1.955,-3.265],[-1.223,-4.679],[-8.664,-2.067],[-2.149,-1.072],[0.104,-3.53],[3.825,-1.027],[2.415,1.256],[0.121,3.373],[2.474,1.283],[1.513,7.201],[0.28,1.017],[6.139,4.837],[0.476,0.452],[-0.439,0.787],[-0.782,1.866],[3.812,7.833],[1.13,0.041],[0.047,-1.165],[1.22,-0.487],[0.721,0.825],[0.654,0.65],[3.953,2.145],[10.315,0.881],[3.024,-1.441],[-1.099,-1.219],[-0.834,-0.376],[0.56,-1.593],[2.22,0.431],[7.124,-0.256],[4.5,-1.626],[-3.305,-0.515],[-1.832,-0.963],[1.485,-0.67],[5.157,-1.842],[7.621,-8.325],[0.375,-3.329],[-3.362,0.333],[-0.636,-0.2],[1.576,-1.649],[3.213,-3.653],[2.832,-6.589],[0.083,-3.197],[-1.994,1.025],[-3.107,2.447],[0.01,-1.953],[4.42,-5.953],[0.76,-1.999],[-2.456,0.005],[-1.036,0.169],[-1.947,0.309],[-0.387,-0.873],[0.575,-0.55],[0.879,-0.784],[2.349,-5.25],[-0.251,-0.351],[-0.279,0.181],[-0.921,-1.264],[0.778,-1.101],[1.061,-1.514],[1.861,-4.685],[-0.204,-3.378],[-2.683,0.588],[-2.412,1.381],[-2.001,0.34],[-0.554,-0.794],[4.343,-3.705],[0.589,-0.707],[-1.954,-2.301],[-4.366,-1.135],[-0.34,-0.107],[-4.196,-0.737],[-0.244,-1.253],[0.868,-0.688],[0.596,-0.521],[1.672,-3.715],[-2.673,-0.932],[-2.93,-0.078],[-5.104,0.926],[-0.499,-1.408],[1.203,-0.581],[0.89,-1.09],[-0.705,-0.336],[-6.181,0.687],[-0.582,-1.155],[0.753,-0.995],[0.672,-0.807],[0.318,-1.695],[-0.376,-0.103],[-0.649,-0.125],[-9.829,2.393],[-4.444,3.797],[-0.561,2.093],[2.162,1.747],[2.263,1.891],[2.025,-1.481],[2.248,0.769],[0.967,1.879],[0.72,-0.548],[2.122,-0.856],[0.616,4.973],[0.453,0.738],[-3.271,3.318],[-5.676,0.238],[2.457,-0.623],[2.456,-1.557],[-0.196,-3.612],[-1.677,0.912],[-0.504,-0.925],[0.423,-0.485],[1.41,-1.733],[-1.01,-1.219],[-1.264,0.598],[-2.014,1.687],[-1.615,0.596],[-0.142,-1.527],[-0.057,-0.92],[-1.73,-0.37],[-0.752,1.292],[0.06,2.703],[0.104,1.182],[-0.779,1.687],[-4.815,10.192],[-1.62,0.904],[1.17,-2.496],[3.921,-8.186],[2.476,-3.746],[-0.765,-0.978],[-6.426,-2.231],[-0.256,-2.611],[1.281,0.302],[0.325,-1.385],[4.818,-2.143],[14.088,2.58],[1.801,0.977],[-2.397,2.602],[-0.287,1.574],[2.372,0.818],[3.308,2.357],[0.087,0.318],[2.567,0.175],[4.635,1.673],[0.188,2.426],[-4.703,3.523],[0.912,0.563],[5.15,1.953],[1.955,2.484],[-2.966,3.046],[-2.061,2.004],[0.135,0.481],[0.374,-0.192],[0.4,-0.275],[2.835,0.34],[0.386,3.77],[-3.912,6.289],[-1.075,1.144],[1.69,1.729],[-0.749,1.241],[-3.508,2.317],[0.1,0.835],[0.594,0.02],[0.252,-0.047],[0.701,2.02],[-1.208,2.379],[-2.218,2.828],[0.611,0.606],[-0.069,1.941],[-5.27,7.23],[-4.928,4.543],[0.314,0.524],[0.615,-0.202],[1.508,1.51],[0.138,0.964],[-3.9,4.137],[-8.18,3.774],[0.838,1.214],[-0.981,1.067],[-3.088,0.474],[-6.681,-1.065]],"o":[[6.245,-1.581],[3.355,0.387],[4.658,2.015],[4.792,1.792],[0.917,-3.858],[0.963,0.475],[6.903,9.983],[-1.082,2.539],[2.604,2.576],[2.538,4.239],[2.214,8.465],[2.264,0.54],[3.341,1.667],[-0.096,3.234],[-2.788,-0.101],[-2.238,-2.234],[0.677,-2.355],[-6.417,-3.329],[-0.215,-1.028],[-2.052,-7.459],[-0.518,-0.408],[-0.596,-0.567],[0.984,-1.762],[3.437,-8.193],[-0.377,-0.775],[0,1.165],[-0.043,1.047],[-1.213,0.483],[-0.609,-0.694],[-3.192,-3.169],[-8.979,-4.875],[-3.104,-0.266],[-1.119,-0.035],[0.577,0.64],[1.636,0.737],[-2.238,0.476],[-6.991,-1.359],[-4.111,0.148],[3.205,2.542],[1.915,0.805],[1.98,1.041],[-4.792,-2.168],[-10.597,3.786],[-2.056,2.245],[3.615,0.36],[0.353,0.502],[-0.524,2.256],[-3.362,3.518],[-4.712,5.355],[-1.253,2.914],[-0.055,2.173],[3.47,-1.782],[1.381,-0.015],[-5.332,5.075],[-1.252,1.685],[-0.88,2.311],[1.045,-0.002],[1.945,-0.318],[0.789,-0.125],[0.364,0.822],[-0.85,0.813],[-4.09,3.648],[-0.339,0.098],[0.231,0.322],[1.106,-0.171],[0.942,1.294],[-1.067,1.509],[-2.889,4.127],[-1.224,3.08],[0.169,2.787],[2.748,-0.601],[1.692,-0.97],[0.554,0.794],[-1.404,5.557],[-0.701,0.597],[-1.899,2.276],[2.984,3.512],[0.299,0.237],[4.026,1.268],[1.105,0.195],[0.234,1.199],[-0.621,0.492],[-2.994,2.619],[-1.157,2.571],[2.751,0.96],[5.151,0.139],[1.254,-0.228],[0.503,1.419],[-1.08,0.521],[0.595,0.951],[5.415,2.578],[1.085,-0.121],[0.599,1.189],[-0.631,0.832],[-0.945,1.137],[0.548,0.22],[0.636,0.174],[10.047,1.933],[5.509,-1.341],[1.475,-1.261],[-2.603,-1.447],[-2.217,-1.792],[-1.294,2.262],[-2.023,1.479],[-2.525,-0.864],[-1.361,0.177],[-1.783,1.358],[-4.647,1.877],[-0.097,-0.779],[-2.44,-3.983],[3.972,-4.027],[1.84,2.215],[-2.841,0.72],[-2.318,1.471],[1.922,-1.157],[0.679,-0.37],[0.383,0.701],[-1.473,1.683],[-0.726,0.894],[1.067,1.291],[2.419,-1.146],[1.335,-1.119],[1.439,-0.53],[0.084,0.916],[0.093,1.517],[1.692,0.361],[1.347,-2.315],[-0.025,-1.182],[1.446,-1.211],[4.728,-10.233],[0.717,-1.517],[2.767,1.155],[-3.85,8.221],[-1.931,4.029],[-1.042,1.578],[4.136,5.299],[1.79,0.621],[-0.623,1.303],[-0.712,-0.335],[-1.847,5.667],[-13.074,5.813],[-1.752,-0.321],[-3.117,-1.688],[0.692,-0.75],[-2.312,-0.948],[-3.809,-1.313],[-0.321,-0.228],[-0.963,-3.516],[-4.77,-0.324],[-2.557,-0.922],[-0.492,-6.343],[0.771,-0.401],[-5.468,-1.079],[-3.024,-1.147],[-2.602,-3.305],[2.004,-2.059],[0.486,-0.216],[-0.204,-0.725],[-0.429,0.219],[-2.497,0.612],[-3.8,-0.456],[-0.773,-7.568],[0.827,-1.331],[1.541,-1.64],[-1.606,-1.642],[2.082,-3.446],[0.868,0.028],[-0.081,-0.68],[-0.249,-0.009],[-1.627,-0.307],[-0.878,-2.527],[1.652,-3.257],[-0.24,-1.149],[-1.243,-1.232],[0.323,-9.051],[3.964,-5.438],[0.51,-0.186],[-0.383,-0.636],[-1.774,-0.314],[-0.137,-0.964],[-0.108,-6.192],[6.324,-6.708],[2.114,-0.976],[-1.049,-1.52],[2.347,-2.552],[6.685,-1.025],[3.001,0.479]],"v":[[-5.673,-116.765],[13.326,-118.41],[23.327,-116.711],[37.318,-110.719],[50.032,-102.483],[55.12,-106.481],[57.388,-104.312],[61.392,-72.283],[62.49,-67.026],[69.729,-58.758],[75.083,-45.328],[90.993,-29.323],[97.741,-27.318],[102.468,-19.347],[97.858,-11.962],[90.199,-14.445],[85.898,-22.446],[83.647,-27.661],[71.539,-43.428],[70.643,-46.462],[58.684,-65.114],[57.126,-66.331],[56.509,-68.442],[57.846,-74.091],[56.504,-98.178],[54.901,-100.16],[54.89,-96.661],[53.65,-93.982],[50.942,-95.072],[49.094,-97.137],[38.575,-105.458],[9.903,-115.077],[0.571,-114.445],[-0.369,-113.007],[2.022,-111.688],[3.436,-108.145],[-3.213,-108.392],[-24.391,-110.298],[-37.165,-108.347],[-27.368,-104.725],[-21.641,-102.275],[-22.026,-99.677],[-36.958,-101.462],[-64.395,-83.345],[-68.296,-75.144],[-58.04,-76.304],[-56.723,-75.075],[-60.115,-69.396],[-70.074,-58.722],[-81.64,-40.937],[-83.873,-31.793],[-81.267,-30.177],[-70.999,-35.802],[-68.259,-33.864],[-83.584,-17.996],[-86.95,-12.686],[-85.036,-9.834],[-81.901,-10.156],[-76.077,-11.196],[-74.053,-10.384],[-74.64,-8.256],[-77.35,-5.984],[-88.434,6.055],[-88.825,6.707],[-87.966,6.643],[-84.687,6.66],[-85.451,10.229],[-88.58,14.81],[-95.805,27.979],[-97.795,37.601],[-94.001,40.499],[-86.407,37.188],[-81.157,34.624],[-79.497,37.006],[-88.227,50.821],[-90.178,52.787],[-90.196,59.153],[-78.829,65.603],[-77.926,66.297],[-65.897,70.244],[-63.578,72.032],[-64.877,74.721],[-66.731,76.208],[-74.308,85.246],[-72.394,89.718],[-63.865,91.339],[-48.457,90.648],[-45.481,91.838],[-47.076,94.557],[-50.536,95.67],[-48.48,97.257],[-31.354,101.246],[-28.629,102.344],[-28.984,105.701],[-31.189,107.962],[-33.982,111.526],[-32.703,112.033],[-30.772,112.472],[-0.916,111.246],[14.412,104.132],[17.966,99.543],[10.744,95.045],[4.097,89.506],[-0.018,95.536],[-6.404,96.271],[-10.311,90.956],[-13.001,92.433],[-18.573,96.171],[-27.314,91.058],[-27.904,88.834],[-26.694,78.238],[-12.221,71.79],[-12.863,75.107],[-20.9,78.332],[-25.139,85.173],[-19.929,82.071],[-17.867,82.422],[-18.389,84.189],[-22.848,89.204],[-23.322,92.399],[-19.749,92.734],[-13.397,88.065],[-9.013,85.455],[-6.552,87.017],[-6.511,89.784],[-4.327,93.129],[-0.827,91.082],[1.21,83.543],[0.913,80],[3.935,75.493],[18.264,44.859],[21.171,40.754],[22.901,44.624],[11.279,69.252],[5.464,81.323],[6.149,84.785],[21.784,96.367],[26.071,99.728],[23.098,100.947],[21.281,101.356],[9.792,111.923],[-31.118,116.571],[-36.433,115.696],[-38.008,108.144],[-35.721,105.756],[-43.027,104.486],[-53.89,99.436],[-54.756,98.651],[-61.085,95.702],[-75.262,93.542],[-78.981,88.744],[-71.346,74.665],[-71.211,73.252],[-86.742,67.603],[-94.009,61.748],[-93.228,49.538],[-87.055,43.517],[-86.271,42.409],[-87.409,42.319],[-88.616,43.134],[-96.119,45.016],[-101.799,39.464],[-96.386,18.822],[-94.036,14.786],[-93.812,9.805],[-93.562,5.14],[-85.924,-4.194],[-84.342,-5.398],[-85.976,-5.834],[-86.73,-5.703],[-91.098,-7.694],[-90.771,-15.297],[-84.536,-24.21],[-86.474,-26.056],[-88.159,-30.553],[-79.031,-54.439],[-65.931,-69.526],[-65.153,-70.593],[-66.903,-70.749],[-72.175,-71.921],[-72.589,-74.812],[-64.912,-89.043],[-42.649,-103.975],[-41.621,-107.04],[-40.92,-110.332],[-32.347,-113.739],[-12.256,-113.797]],"c":true},"ix":2},"nm":"Path 2","mn":"ADBE Vector Shape - Group","hd":false},{"ty":"mm","mm":1,"nm":"Merge Paths 1","mn":"ADBE Vector Filter - Merge","hd":false},{"ty":"fl","c":{"a":0,"k":[0.058823533152,0.050980395897,0.043137254902,1],"ix":4},"o":{"a":0,"k":100,"ix":5},"r":1,"bm":0,"nm":"Fill 1","mn":"ADBE Vector Graphic - Fill","hd":false},{"ty":"tr","p":{"a":0,"k":[103.102,120.279],"ix":2},"a":{"a":0,"k":[0,0],"ix":1},"s":{"a":0,"k":[100,100],"ix":3},"r":{"a":0,"k":0,"ix":6},"o":{"a":0,"k":100,"ix":7},"sk":{"a":0,"k":0,"ix":4},"sa":{"a":0,"k":0,"ix":5},"nm":"Transform"}],"nm":"Group 33","np":4,"cix":2,"bm":0,"ix":33,"mn":"ADBE Vector Group","hd":false},{"ty":"gr","it":[{"ind":0,"ty":"sh","ix":1,"ks":{"a":0,"k":{"i":[[0.184,-2.756],[-1.087,-0.117],[-0.11,0.613],[-4.741,-0.229],[-0.097,0.314],[0.578,0.34],[1.524,-1.555]],"o":[[0.091,0.812],[0.865,0.093],[0.671,-3.716],[0.248,0.013],[0.224,-0.731],[-1.513,-0.893],[-2.023,2.063]],"v":[[14.826,-87.292],[15.752,-85.353],[16.726,-86.742],[23.282,-93.459],[24.039,-94.22],[23.214,-95.815],[17.826,-94.706]],"c":true},"ix":2},"nm":"Path 1","mn":"ADBE Vector Shape - Group","hd":false},{"ind":1,"ty":"sh","ix":2,"ks":{"a":0,"k":{"i":[[-0.098,-2.744],[-0.056,-0.387],[-1.589,-0.022],[-0.537,1.585],[0.096,1.996],[1.565,0.487],[0.851,-1.442]],"o":[[-0.026,-0.465],[0.302,2.129],[1.867,0.027],[0.632,-1.862],[-0.076,-1.564],[-1.825,-0.567],[-0.946,1.603]],"v":[[24.352,-74.969],[24.376,-74.653],[27.417,-71.131],[30.779,-73.897],[31.755,-79.66],[29.568,-83.037],[25.75,-81.046]],"c":true},"ix":2},"nm":"Path 2","mn":"ADBE Vector Shape - Group","hd":false},{"ind":2,"ty":"sh","ix":3,"ks":{"a":0,"k":{"i":[[0.049,-4.315],[-3.832,-0.142],[-0.042,4.242],[4.133,-0.06]],"o":[[-0.044,3.877],[4.161,0.152],[0.041,-4.09],[-4.224,0.061]],"v":[[-3.292,-62.826],[3.533,-55.587],[11.726,-63.556],[4.434,-70.74]],"c":true},"ix":2},"nm":"Path 3","mn":"ADBE Vector Shape - Group","hd":false},{"ind":3,"ty":"sh","ix":4,"ks":{"a":0,"k":{"i":[[1.072,-0.248],[0.497,0.064],[1.79,0.621],[4.136,5.298],[-1.042,1.577],[-1.931,4.03],[-3.85,8.221],[2.767,1.156],[1.021,-1.801],[6.152,-10.135],[-2.248,-1.771],[-0.025,-1.182],[1.347,-2.315],[1.691,0.362],[0.094,1.516],[0.085,0.916],[1.439,-0.53],[1.335,-1.118],[2.419,-1.146],[1.067,1.291],[-0.726,0.894],[-1.473,1.683],[0.383,0.701],[0.68,-0.369],[1.922,-1.157],[-2.319,1.471],[-2.841,0.72],[1.84,2.215],[-0.083,0.339],[-0.94,1.63],[-4.45,7.64],[-4.257,4.01],[-3.849,-0.197],[-0.188,0.779],[0.494,0.439],[1.781,-0.609],[2.934,-3.07],[2.851,-3.951],[0.011,1.866],[-2.88,9.391],[-1.194,3.775],[0.904,0.908],[1.114,-0.487],[0.25,-0.082],[1.189,1.054],[-0.288,1.386],[-0.061,0.257],[-2.414,4.426],[1.023,1.099],[1.237,-0.323],[0.98,1.517],[-0.617,1.154],[-0.663,0.985],[-3.866,3.974],[-1.936,0.723],[0.52,1.994],[1.423,-0.58],[1.865,1.939],[0.535,1.788],[-3.812,5.666],[-1.304,-2.737],[-3.358,-4.073],[-2.253,1.293],[-0.378,1.895],[-0.492,1.695],[-0.149,1.477],[-2.716,-0.484],[-0.779,1.523],[0.76,1.072],[-0.235,1.409],[-0.646,-0.087],[-3.695,-1.987],[-2.168,-1.907],[-1.714,-6.53],[-5.288,-4.097],[-3.589,-1.653],[-2.238,-2.234],[0.276,-1.13],[4.931,-2.962],[3.565,-0.648],[0.684,-1.666],[4.36,1.95],[2.727,6.434],[-0.929,0.938],[-0.918,-0.672],[-0.211,-0.156],[-0.603,0.46],[0.38,0.794],[1.239,0.543],[1.41,-2.748],[-0.342,-0.436],[-0.456,0.296],[-0.514,-1.685],[-9.79,-2.98],[-0.888,-0.731],[1.234,-1.567],[3.469,-4.075],[0.373,-0.829],[0.583,-5.995],[0.318,-2.611],[-2.804,-9.394],[-6.464,-2.631],[-0.658,-1.008],[1.036,-0.5],[5.619,0.032],[-1.517,-3.285],[-2.862,-1.373],[0.457,-3.739],[-0.279,-3.131],[1.573,-2.316],[-0.734,-0.777],[-0.747,0.387],[-0.587,0.3],[-2.095,-0.425],[-1.111,-3.216],[1.534,-4.361],[7.181,2.591],[-1.181,5.083],[-1.611,4.883],[-1.384,6.833],[1,0.89]],"o":[[-0.497,-0.064],[-0.256,-2.61],[-6.426,-2.232],[-0.765,-0.979],[2.476,-3.747],[3.921,-8.186],[1.17,-2.496],[-3.063,-1.238],[-5.834,10.298],[-1.242,2.045],[0.104,1.181],[0.06,2.703],[-0.752,1.292],[-1.73,-0.37],[-0.056,-0.92],[-0.141,-1.526],[-1.615,0.596],[-2.014,1.687],[-1.264,0.598],[-1.01,-1.219],[1.41,-1.733],[0.423,-0.485],[-0.504,-0.925],[-1.676,0.912],[-0.196,-3.612],[2.456,-1.557],[2.457,-0.623],[0.083,-0.338],[2.4,0.759],[4.417,-7.658],[2.935,-5.042],[2.492,-2.348],[0.645,0.033],[0.176,-0.729],[-1.425,-1.267],[-4.161,1.422],[-3.393,3.552],[-0.629,-1.765],[-0.061,-9.863],[1.161,-3.785],[0.325,-1.029],[-1.043,-1.046],[-0.241,0.106],[-1.192,0.39],[-1.243,-1.103],[0.052,-0.257],[1.18,-4.916],[0.573,-1.052],[-0.936,-1.004],[-1.166,0.306],[-0.78,-1.208],[0.557,-1.045],[3.11,-4.626],[1.933,0.689],[1.506,-0.563],[-0.58,-2.223],[-2.774,1.13],[-1.294,-1.347],[-1.961,-6.553],[2.068,1.53],[-4.755,2.599],[1.654,2.007],[2.025,-1.162],[2.271,-0.134],[1.599,-0.232],[2.78,0.013],[1.312,0.234],[0.729,-1.423],[-0.609,-0.861],[0.778,-0.465],[4.259,0.578],[1.599,2.199],[5.09,4.475],[1.615,6.157],[3.121,2.418],[0.121,3.373],[-0.593,1.052],[-1.292,5.296],[-3,1.803],[-1.552,0.282],[-4.817,-0.009],[-6.215,-2.781],[-0.454,-1.071],[1.052,-1.062],[0.213,0.155],[0.591,0.436],[0.724,-0.553],[-0.593,-1.239],[-2.79,-1.222],[-0.256,0.497],[0.364,0.465],[1.575,-1.027],[3.106,10.171],[0.992,0.302],[0.004,2.091],[-4.466,-2.865],[-0.592,0.696],[-2.432,5.418],[-0.255,2.618],[-1.177,9.65],[2.054,6.877],[0.956,0.39],[-0.319,1.353],[-4.886,2.359],[-3.58,-0.022],[-1.614,2.458],[-0.065,3.787],[-0.384,3.138],[-2.328,1.221],[-0.428,0.632],[0.605,0.641],[0.585,-0.303],[1.727,-0.881],[3.809,0.054],[1.393,4.026],[-7.578,1.501],[-4.828,-1.743],[1.159,-4.994],[2.19,-6.634],[0.234,-1.154],[-1.201,-1.069]],"v":[[-4.87,63.01],[-6.361,62.818],[-10.648,59.457],[-26.283,47.876],[-26.968,44.413],[-21.153,32.343],[-9.531,7.714],[-11.261,3.844],[-16.235,6.948],[-32.952,38.267],[-31.519,43.091],[-31.222,46.634],[-33.259,54.172],[-36.759,56.219],[-38.944,52.874],[-38.985,50.107],[-41.445,48.545],[-45.829,51.156],[-52.181,55.824],[-55.754,55.49],[-55.28,52.294],[-50.821,47.28],[-50.299,45.512],[-52.362,45.16],[-57.571,48.263],[-53.332,41.422],[-45.295,38.198],[-44.653,34.88],[-44.404,33.865],[-40.157,31.281],[-26.91,8.304],[-16.282,-5.434],[-7.392,-9.97],[-5.88,-10.985],[-6.587,-12.72],[-11.382,-13.466],[-21.476,-6.032],[-30.196,5.699],[-30.998,0.247],[-26.423,-28.573],[-22.905,-39.919],[-23.08,-42.874],[-26.374,-42.969],[-27.097,-42.645],[-30.687,-41.839],[-30.695,-45.944],[-30.473,-46.703],[-24.916,-60.645],[-24.833,-63.935],[-28.126,-64.518],[-31.672,-64.427],[-30.903,-68.134],[-29.005,-71.149],[-18.139,-83.703],[-12.364,-83.766],[-9.518,-86.826],[-13.447,-87.723],[-20.152,-89.564],[-22.952,-94.26],[-20.114,-112.59],[-13.612,-108.469],[-16.754,-93.481],[-10.396,-92.334],[-8.077,-97.485],[-4.914,-101.09],[-2.535,-103.862],[5.662,-102.743],[9.153,-103.494],[7.997,-106.993],[6.128,-109.577],[8.195,-109.749],[19.808,-105.112],[24.472,-98.402],[34.136,-81.58],[43.396,-65.464],[53.466,-59.356],[57.767,-51.356],[56.892,-47.976],[48.689,-34.701],[39.027,-30.492],[35.294,-27.964],[21.48,-30.941],[7.618,-44.403],[7.164,-47.699],[10.182,-46.892],[10.796,-46.395],[12.604,-46.353],[13.137,-48.454],[10.279,-51.08],[0.554,-47.503],[0.54,-46.019],[1.972,-45.853],[4.694,-44.647],[24.976,-25.891],[27.936,-24.779],[25.634,-19.485],[15.217,-17.917],[13.708,-15.61],[8.529,1.306],[7.543,9.138],[9.531,37.704],[22.617,51.561],[25.363,52.996],[22.805,55.258],[7.367,59.704],[4.788,64.014],[6.138,68.16],[5.851,79.51],[5.547,88.861],[-0.899,93.305],[-1.369,95.365],[0.846,95.436],[2.568,94.463],[8.065,92.921],[15.369,98.491],[16.48,111.089],[-5.635,109.01],[-9.945,100.969],[-6.027,86.094],[-1.123,65.776],[-1.652,62.426]],"c":true},"ix":2},"nm":"Path 4","mn":"ADBE Vector Shape - Group","hd":false},{"ty":"mm","mm":1,"nm":"Merge Paths 1","mn":"ADBE Vector Filter - Merge","hd":false},{"ty":"fl","c":{"a":0,"k":[0.984313785329,0.835294177485,0.498039245605,1],"ix":4},"o":{"a":0,"k":100,"ix":5},"r":1,"bm":0,"nm":"Fill 1","mn":"ADBE Vector Graphic - Fill","hd":false},{"ty":"tr","p":{"a":0,"k":[135.534,157.189],"ix":2},"a":{"a":0,"k":[0,0],"ix":1},"s":{"a":0,"k":[100,100],"ix":3},"r":{"a":0,"k":0,"ix":6},"o":{"a":0,"k":100,"ix":7},"sk":{"a":0,"k":0,"ix":4},"sa":{"a":0,"k":0,"ix":5},"nm":"Transform"}],"nm":"Group 34","np":6,"cix":2,"bm":0,"ix":34,"mn":"ADBE Vector Group","hd":false}],"ip":0,"op":5995.00024418136,"st":0,"bm":0},{"ddd":0,"ind":2,"ty":4,"nm":"Shape Layer 1","sr":1,"ks":{"o":{"a":0,"k":56,"ix":11},"r":{"a":0,"k":0,"ix":10},"p":{"a":0,"k":[519,989,0],"ix":2},"a":{"a":0,"k":[14,513,0],"ix":1},"s":{"a":0,"k":[100,100,100],"ix":6}},"ao":0,"shapes":[{"ty":"gr","it":[{"d":1,"ty":"el","s":{"a":0,"k":[430,112],"ix":2},"p":{"a":0,"k":[0,0],"ix":3},"nm":"Ellipse Path 1","mn":"ADBE Vector Shape - Ellipse","hd":false},{"ty":"st","c":{"a":0,"k":[0,0,0,1],"ix":3},"o":{"a":0,"k":100,"ix":4},"w":{"a":0,"k":0,"ix":5},"lc":1,"lj":1,"ml":4,"bm":0,"nm":"Stroke 1","mn":"ADBE Vector Graphic - Stroke","hd":false},{"ty":"fl","c":{"a":0,"k":[0.415686304429,0.490196108351,0.580392156863,1],"ix":4},"o":{"a":0,"k":100,"ix":5},"r":1,"bm":0,"nm":"Fill 1","mn":"ADBE Vector Graphic - Fill","hd":false},{"ty":"tr","p":{"a":0,"k":[14,513],"ix":2},"a":{"a":0,"k":[0,0],"ix":1},"s":{"a":0,"k":[105.164,78.947],"ix":3},"r":{"a":0,"k":0,"ix":6},"o":{"a":0,"k":100,"ix":7},"sk":{"a":0,"k":0,"ix":4},"sa":{"a":0,"k":0,"ix":5},"nm":"Transform"}],"nm":"Ellipse 1","np":3,"cix":2,"bm":0,"ix":1,"mn":"ADBE Vector Group","hd":false}],"ip":0,"op":5995.00024418136,"st":0,"bm":0}],"markers":[]}