{"v":"5.6.8","fr":29.9700012207031,"ip":0,"op":23.0000009368092,"w":1080,"h":1350,"nm":"fill-kenar","ddd":0,"assets":[],"layers":[{"ddd":0,"ind":1,"ty":4,"nm":"Layer 10 Outlines","sr":1,"ks":{"o":{"a":0,"k":100,"ix":11},"r":{"a":0,"k":0,"ix":10},"p":{"a":0,"k":[510,990,0],"ix":2},"a":{"a":0,"k":[118.779,414.108,0],"ix":1},"s":{"a":1,"k":[{"i":{"x":[0.667,0.667,0.667],"y":[1,1,1]},"o":{"x":[0.333,0.333,0.333],"y":[0,0,0]},"t":0,"s":[191.031,191.031,100]},{"i":{"x":[0.667,0.667,0.667],"y":[1,1,1]},"o":{"x":[0.333,0.333,0.333],"y":[0,0,0]},"t":10.824,"s":[191.031,184.031,100]},{"t":23.0000009368092,"s":[191.031,191.031,100]}],"ix":6}},"ao":0,"shapes":[{"ty":"gr","it":[{"ind":0,"ty":"sh","ix":1,"ks":{"a":0,"k":{"i":[[-0.259,0.26],[-0.219,-0.312],[0.256,-0.218],[0.222,0.269]],"o":[[0.219,0.312],[-0.256,0.217],[-0.222,-0.27],[0.259,-0.259]],"v":[[0.061,-0.795],[0.717,0.142],[-0.05,0.795],[-0.717,-0.015]],"c":true},"ix":2},"nm":"Path 1","mn":"ADBE Vector Shape - Group","hd":false},{"ty":"fl","c":{"a":0,"k":[0.313725490196,0.772549079446,0.949019667682,1],"ix":4},"o":{"a":0,"k":100,"ix":5},"r":1,"bm":0,"nm":"Fill 1","mn":"ADBE Vector Graphic - Fill","hd":false},{"ty":"tr","p":{"a":0,"k":[96.937,128.28],"ix":2},"a":{"a":0,"k":[0,0],"ix":1},"s":{"a":0,"k":[100,100],"ix":3},"r":{"a":0,"k":0,"ix":6},"o":{"a":0,"k":100,"ix":7},"sk":{"a":0,"k":0,"ix":4},"sa":{"a":0,"k":0,"ix":5},"nm":"Transform"}],"nm":"Group 1","np":2,"cix":2,"bm":0,"ix":1,"mn":"ADBE Vector Group","hd":false},{"ty":"gr","it":[{"ind":0,"ty":"sh","ix":1,"ks":{"a":0,"k":{"i":[[0,0],[-0.678,-2.072]],"o":[[-1.52,-1.34],[0,0]],"v":[[0.371,1.425],[1.149,0.646]],"c":true},"ix":2},"nm":"Path 1","mn":"ADBE Vector Shape - Group","hd":false},{"ty":"fl","c":{"a":0,"k":[0.313725490196,0.772549079446,0.949019667682,1],"ix":4},"o":{"a":0,"k":100,"ix":5},"r":1,"bm":0,"nm":"Fill 1","mn":"ADBE Vector Graphic - Fill","hd":false},{"ty":"tr","p":{"a":0,"k":[95.85,126.839],"ix":2},"a":{"a":0,"k":[0,0],"ix":1},"s":{"a":0,"k":[100,100],"ix":3},"r":{"a":0,"k":0,"ix":6},"o":{"a":0,"k":100,"ix":7},"sk":{"a":0,"k":0,"ix":4},"sa":{"a":0,"k":0,"ix":5},"nm":"Transform"}],"nm":"Group 2","np":2,"cix":2,"bm":0,"ix":2,"mn":"ADBE Vector Group","hd":false},{"ty":"gr","it":[{"ind":0,"ty":"sh","ix":1,"ks":{"a":0,"k":{"i":[[-0.237,-0.188],[-0.595,0.687]],"o":[[-0.364,0.964],[0.236,0.187]],"v":[[0.653,-0.201],[-0.058,-0.764]],"c":true},"ix":2},"nm":"Path 1","mn":"ADBE Vector Shape - Group","hd":false},{"ty":"fl","c":{"a":0,"k":[0.313725490196,0.772549079446,0.949019667682,1],"ix":4},"o":{"a":0,"k":100,"ix":5},"r":1,"bm":0,"nm":"Fill 1","mn":"ADBE Vector Graphic - Fill","hd":false},{"ty":"tr","p":{"a":0,"k":[69.934,259.958],"ix":2},"a":{"a":0,"k":[0,0],"ix":1},"s":{"a":0,"k":[100,100],"ix":3},"r":{"a":0,"k":0,"ix":6},"o":{"a":0,"k":100,"ix":7},"sk":{"a":0,"k":0,"ix":4},"sa":{"a":0,"k":0,"ix":5},"nm":"Transform"}],"nm":"Group 3","np":2,"cix":2,"bm":0,"ix":3,"mn":"ADBE Vector Group","hd":false},{"ty":"gr","it":[{"ind":0,"ty":"sh","ix":1,"ks":{"a":0,"k":{"i":[[-0.326,-0.29],[-0.355,1.056]],"o":[[-0.999,0.466],[0.326,0.29]],"v":[[0.667,0.202],[-0.312,-0.668]],"c":true},"ix":2},"nm":"Path 1","mn":"ADBE Vector Shape - Group","hd":false},{"ty":"fl","c":{"a":0,"k":[0.647058823529,0.658823529412,0.658823529412,1],"ix":4},"o":{"a":0,"k":100,"ix":5},"r":1,"bm":0,"nm":"Fill 1","mn":"ADBE Vector Graphic - Fill","hd":false},{"ty":"tr","p":{"a":0,"k":[97.945,47.958],"ix":2},"a":{"a":0,"k":[0,0],"ix":1},"s":{"a":0,"k":[100,100],"ix":3},"r":{"a":0,"k":0,"ix":6},"o":{"a":0,"k":100,"ix":7},"sk":{"a":0,"k":0,"ix":4},"sa":{"a":0,"k":0,"ix":5},"nm":"Transform"}],"nm":"Group 4","np":2,"cix":2,"bm":0,"ix":4,"mn":"ADBE Vector Group","hd":false},{"ty":"gr","it":[{"ind":0,"ty":"sh","ix":1,"ks":{"a":0,"k":{"i":[[4.437,8.087],[-1.773,-0.681]],"o":[[1.712,0.957],[3.787,2.356]],"v":[[-4.56,-4.044],[0.774,-1.923]],"c":true},"ix":2},"nm":"Path 1","mn":"ADBE Vector Shape - Group","hd":false},{"ty":"fl","c":{"a":0,"k":[0.933333393172,0.380392186782,0.141176470588,1],"ix":4},"o":{"a":0,"k":100,"ix":5},"r":1,"bm":0,"nm":"Fill 1","mn":"ADBE Vector Graphic - Fill","hd":false},{"ty":"tr","p":{"a":0,"k":[162.357,159.108],"ix":2},"a":{"a":0,"k":[0,0],"ix":1},"s":{"a":0,"k":[100,100],"ix":3},"r":{"a":0,"k":0,"ix":6},"o":{"a":0,"k":100,"ix":7},"sk":{"a":0,"k":0,"ix":4},"sa":{"a":0,"k":0,"ix":5},"nm":"Transform"}],"nm":"Group 5","np":2,"cix":2,"bm":0,"ix":5,"mn":"ADBE Vector Group","hd":false},{"ty":"gr","it":[{"ind":0,"ty":"sh","ix":1,"ks":{"a":0,"k":{"i":[[-2.398,-3.233],[0.269,-0.269],[-0.444,4.404]],"o":[[-0.268,0.271],[-3.034,-3.319],[1.419,3.637]],"v":[[2.354,5.04],[1.55,5.851],[-1.91,-5.851]],"c":true},"ix":2},"nm":"Path 1","mn":"ADBE Vector Shape - Group","hd":false},{"ty":"fl","c":{"a":0,"k":[0.415686304429,0.490196108351,0.580392156863,1],"ix":4},"o":{"a":0,"k":100,"ix":5},"r":1,"bm":0,"nm":"Fill 1","mn":"ADBE Vector Graphic - Fill","hd":false},{"ty":"tr","p":{"a":0,"k":[20.313,353.625],"ix":2},"a":{"a":0,"k":[0,0],"ix":1},"s":{"a":0,"k":[100,100],"ix":3},"r":{"a":0,"k":0,"ix":6},"o":{"a":0,"k":100,"ix":7},"sk":{"a":0,"k":0,"ix":4},"sa":{"a":0,"k":0,"ix":5},"nm":"Transform"}],"nm":"Group 6","np":2,"cix":2,"bm":0,"ix":6,"mn":"ADBE Vector Group","hd":false},{"ty":"gr","it":[{"ind":0,"ty":"sh","ix":1,"ks":{"a":0,"k":{"i":[[-0.268,0.271],[-0.145,15.086],[-8.011,-10.488],[6.058,-15.356],[5.057,10.686]],"o":[[13.079,14.255],[-0.009,-5.713],[-14.218,11.925],[-4.965,10.864],[0.269,-0.269]],"v":[[-20.533,17.567],[6.542,1.731],[21.337,-21.335],[4.75,18.164],[-21.337,18.378]],"c":true},"ix":2},"nm":"Path 1","mn":"ADBE Vector Shape - Group","hd":false},{"ty":"fl","c":{"a":0,"k":[0.313725490196,0.772549079446,0.949019667682,1],"ix":4},"o":{"a":0,"k":100,"ix":5},"r":1,"bm":0,"nm":"Fill 1","mn":"ADBE Vector Graphic - Fill","hd":false},{"ty":"tr","p":{"a":0,"k":[43.2,341.098],"ix":2},"a":{"a":0,"k":[0,0],"ix":1},"s":{"a":0,"k":[100,100],"ix":3},"r":{"a":0,"k":0,"ix":6},"o":{"a":0,"k":100,"ix":7},"sk":{"a":0,"k":0,"ix":4},"sa":{"a":0,"k":0,"ix":5},"nm":"Transform"}],"nm":"Group 7","np":2,"cix":2,"bm":0,"ix":7,"mn":"ADBE Vector Group","hd":false},{"ty":"gr","it":[{"ind":0,"ty":"sh","ix":1,"ks":{"a":0,"k":{"i":[[3.536,-8.733],[-9.23,8.635],[-0.685,-4.375]],"o":[[-8.424,-8.141],[4.057,-4.264],[2.129,9.689]],"v":[[1.921,17.574],[-0.889,-13.31],[7.99,-8.569]],"c":true},"ix":2},"nm":"Path 1","mn":"ADBE Vector Shape - Group","hd":false},{"ty":"fl","c":{"a":0,"k":[0.933333393172,0.380392186782,0.141176470588,1],"ix":4},"o":{"a":0,"k":100,"ix":5},"r":1,"bm":0,"nm":"Fill 1","mn":"ADBE Vector Graphic - Fill","hd":false},{"ty":"tr","p":{"a":0,"k":[16.954,327.531],"ix":2},"a":{"a":0,"k":[0,0],"ix":1},"s":{"a":0,"k":[100,100],"ix":3},"r":{"a":0,"k":0,"ix":6},"o":{"a":0,"k":100,"ix":7},"sk":{"a":0,"k":0,"ix":4},"sa":{"a":0,"k":0,"ix":5},"nm":"Transform"}],"nm":"Group 8","np":2,"cix":2,"bm":0,"ix":8,"mn":"ADBE Vector Group","hd":false},{"ty":"gr","it":[{"ind":0,"ty":"sh","ix":1,"ks":{"a":0,"k":{"i":[[0.347,-0.281],[-0.554,0.026]],"o":[[0.182,-0.485],[-0.347,0.281]],"v":[[-0.521,0.421],[0.521,-0.421]],"c":true},"ix":2},"nm":"Path 1","mn":"ADBE Vector Shape - Group","hd":false},{"ty":"fl","c":{"a":0,"k":[0.800000059838,0.90588241278,0.941176530427,1],"ix":4},"o":{"a":0,"k":100,"ix":5},"r":1,"bm":0,"nm":"Fill 1","mn":"ADBE Vector Graphic - Fill","hd":false},{"ty":"tr","p":{"a":0,"k":[28.657,56.782],"ix":2},"a":{"a":0,"k":[0,0],"ix":1},"s":{"a":0,"k":[100,100],"ix":3},"r":{"a":0,"k":0,"ix":6},"o":{"a":0,"k":100,"ix":7},"sk":{"a":0,"k":0,"ix":4},"sa":{"a":0,"k":0,"ix":5},"nm":"Transform"}],"nm":"Group 9","np":2,"cix":2,"bm":0,"ix":9,"mn":"ADBE Vector Group","hd":false},{"ty":"gr","it":[{"ind":0,"ty":"sh","ix":1,"ks":{"a":0,"k":{"i":[[-2.31,3.45],[0.128,-5.123],[3.61,-4.857]],"o":[[2.953,-1.955],[-10.149,-1.822],[-3.594,-3.422]],"v":[[-0.075,-6.191],[7.592,-3.888],[-4.126,9.011]],"c":true},"ix":2},"nm":"Path 1","mn":"ADBE Vector Shape - Group","hd":false},{"ty":"fl","c":{"a":0,"k":[0.035294117647,0.043137254902,0.047058827269,1],"ix":4},"o":{"a":0,"k":100,"ix":5},"r":1,"bm":0,"nm":"Fill 1","mn":"ADBE Vector Graphic - Fill","hd":false},{"ty":"tr","p":{"a":0,"k":[136.135,64.331],"ix":2},"a":{"a":0,"k":[0,0],"ix":1},"s":{"a":0,"k":[100,100],"ix":3},"r":{"a":0,"k":0,"ix":6},"o":{"a":0,"k":100,"ix":7},"sk":{"a":0,"k":0,"ix":4},"sa":{"a":0,"k":0,"ix":5},"nm":"Transform"}],"nm":"Group 10","np":2,"cix":2,"bm":0,"ix":10,"mn":"ADBE Vector Group","hd":false},{"ty":"gr","it":[{"ind":0,"ty":"sh","ix":1,"ks":{"a":0,"k":{"i":[[0.877,-5.373],[-1.785,6.108]],"o":[[-0.837,9.862],[2.086,-8.059]],"v":[[5.187,1.714],[-4.279,-3.518]],"c":true},"ix":2},"nm":"Path 1","mn":"ADBE Vector Shape - Group","hd":false},{"ty":"fl","c":{"a":0,"k":[0.035294117647,0.043137254902,0.047058827269,1],"ix":4},"o":{"a":0,"k":100,"ix":5},"r":1,"bm":0,"nm":"Fill 1","mn":"ADBE Vector Graphic - Fill","hd":false},{"ty":"tr","p":{"a":0,"k":[160.8,95.848],"ix":2},"a":{"a":0,"k":[0,0],"ix":1},"s":{"a":0,"k":[100,100],"ix":3},"r":{"a":0,"k":0,"ix":6},"o":{"a":0,"k":100,"ix":7},"sk":{"a":0,"k":0,"ix":4},"sa":{"a":0,"k":0,"ix":5},"nm":"Transform"}],"nm":"Group 11","np":2,"cix":2,"bm":0,"ix":11,"mn":"ADBE Vector Group","hd":false},{"ty":"gr","it":[{"ind":0,"ty":"sh","ix":1,"ks":{"a":0,"k":{"i":[[0.22,-10.409],[-0.007,9.858]],"o":[[-0.084,11.13],[0.056,-11.224]],"v":[[8.167,0.531],[-8.38,-0.437]],"c":true},"ix":2},"nm":"Path 1","mn":"ADBE Vector Shape - Group","hd":false},{"ty":"fl","c":{"a":0,"k":[0.933333393172,0.380392186782,0.141176470588,1],"ix":4},"o":{"a":0,"k":100,"ix":5},"r":1,"bm":0,"nm":"Fill 1","mn":"ADBE Vector Graphic - Fill","hd":false},{"ty":"tr","p":{"a":0,"k":[132.921,109.448],"ix":2},"a":{"a":0,"k":[0,0],"ix":1},"s":{"a":0,"k":[100,100],"ix":3},"r":{"a":0,"k":0,"ix":6},"o":{"a":0,"k":100,"ix":7},"sk":{"a":0,"k":0,"ix":4},"sa":{"a":0,"k":0,"ix":5},"nm":"Transform"}],"nm":"Group 12","np":2,"cix":2,"bm":0,"ix":12,"mn":"ADBE Vector Group","hd":false},{"ty":"gr","it":[{"ind":0,"ty":"sh","ix":1,"ks":{"a":0,"k":{"i":[[3.09,-6.042],[0.078,3.039],[-0.976,9.155],[-6.227,-0.49],[-0.239,-10.181]],"o":[[-3.119,-0.568],[-0.24,-9.212],[1.669,-4.552],[3.091,9.678],[-1.1,6.69]],"v":[[-0.793,26.17],[-4.087,22.514],[-2.911,-5.046],[1.568,-25.68],[0.846,5.554]],"c":true},"ix":2},"nm":"Path 1","mn":"ADBE Vector Shape - Group","hd":false},{"ty":"fl","c":{"a":0,"k":[0.035294117647,0.043137254902,0.047058827269,1],"ix":4},"o":{"a":0,"k":100,"ix":5},"r":1,"bm":0,"nm":"Fill 1","mn":"ADBE Vector Graphic - Fill","hd":false},{"ty":"tr","p":{"a":0,"k":[133.166,266.15],"ix":2},"a":{"a":0,"k":[0,0],"ix":1},"s":{"a":0,"k":[100,100],"ix":3},"r":{"a":0,"k":0,"ix":6},"o":{"a":0,"k":100,"ix":7},"sk":{"a":0,"k":0,"ix":4},"sa":{"a":0,"k":0,"ix":5},"nm":"Transform"}],"nm":"Group 13","np":2,"cix":2,"bm":0,"ix":13,"mn":"ADBE Vector Group","hd":false},{"ty":"gr","it":[{"ind":0,"ty":"sh","ix":1,"ks":{"a":0,"k":{"i":[[0.01,-1.005],[3.248,-3.607],[4.198,2.94],[-15.384,-13.092],[1.718,-4.632],[-0.24,-9.212],[-3.119,-0.568]],"o":[[-7.208,-0.867],[-1.86,-4.892],[11.412,-1.588],[-6.308,-0.307],[-0.973,9.156],[0.078,3.039],[-0.009,1.006]],"v":[[5.652,29.457],[1.403,38.5],[-8.044,27.583],[8.044,-25.409],[3.562,-4.776],[2.388,22.784],[5.682,26.441]],"c":true},"ix":2},"nm":"Path 1","mn":"ADBE Vector Shape - Group","hd":false},{"ty":"fl","c":{"a":0,"k":[0.800000059838,0.90588241278,0.941176530427,1],"ix":4},"o":{"a":0,"k":100,"ix":5},"r":1,"bm":0,"nm":"Fill 1","mn":"ADBE Vector Graphic - Fill","hd":false},{"ty":"tr","p":{"a":0,"k":[126.69,265.879],"ix":2},"a":{"a":0,"k":[0,0],"ix":1},"s":{"a":0,"k":[100,100],"ix":3},"r":{"a":0,"k":0,"ix":6},"o":{"a":0,"k":100,"ix":7},"sk":{"a":0,"k":0,"ix":4},"sa":{"a":0,"k":0,"ix":5},"nm":"Transform"}],"nm":"Group 14","np":2,"cix":2,"bm":0,"ix":14,"mn":"ADBE Vector Group","hd":false},{"ty":"gr","it":[{"ind":0,"ty":"sh","ix":1,"ks":{"a":0,"k":{"i":[[3.768,-0.734],[2.342,0.763],[-3.087,-1.984],[4.036,1.333],[-1.404,3.39],[-3.205,-0.207],[0.498,0.671],[17.156,7.402],[-1.689,-0.646],[-9.179,-22.936],[4.226,0.058],[1.001,-0.729]],"o":[[-1.704,-1.989],[-3.236,-1.253],[11.38,7.799],[-2.212,-2.642],[2.636,-3.668],[0.58,-1.037],[-10.714,-15.378],[0.768,-1.51],[23.679,7.75],[0.849,2.287],[-0.679,-0.479],[-1.022,1.403]],"v":[[22.292,29.286],[15.69,25.92],[17.3,22.336],[12.338,12.213],[1.317,4.697],[14.068,8.135],[13.377,5.707],[-28.68,-28.029],[-25.117,-29.489],[25.705,20.968],[23.979,26.083],[22.112,24.285]],"c":true},"ix":2},"nm":"Path 1","mn":"ADBE Vector Shape - Group","hd":false},{"ty":"fl","c":{"a":0,"k":[0.035294117647,0.043137254902,0.047058827269,1],"ix":4},"o":{"a":0,"k":100,"ix":5},"r":1,"bm":0,"nm":"Fill 1","mn":"ADBE Vector Graphic - Fill","hd":false},{"ty":"tr","p":{"a":0,"k":[73.676,102.34],"ix":2},"a":{"a":0,"k":[0,0],"ix":1},"s":{"a":0,"k":[100,100],"ix":3},"r":{"a":0,"k":0,"ix":6},"o":{"a":0,"k":100,"ix":7},"sk":{"a":0,"k":0,"ix":4},"sa":{"a":0,"k":0,"ix":5},"nm":"Transform"}],"nm":"Group 15","np":2,"cix":2,"bm":0,"ix":15,"mn":"ADBE Vector Group","hd":false},{"ty":"gr","it":[{"ind":0,"ty":"sh","ix":1,"ks":{"a":0,"k":{"i":[[-0.113,1.703],[-2.8,3.631],[-2.676,-8.946],[0.072,2.306],[-2.889,-12.74],[11.146,0.059]],"o":[[3.073,-3.14],[3.797,-7.968],[0.823,2.065],[3.393,-19.566],[1.848,17.299],[-0.413,-1.585]],"v":[[-20.328,11.676],[-15.453,-0.626],[-0.053,0.037],[3.653,-0.652],[18.594,2.919],[-19.269,16.475]],"c":true},"ix":2},"nm":"Path 1","mn":"ADBE Vector Shape - Group","hd":false},{"ty":"fl","c":{"a":0,"k":[0.800000059838,0.90588241278,0.941176530427,1],"ix":4},"o":{"a":0,"k":100,"ix":5},"r":1,"bm":0,"nm":"Fill 1","mn":"ADBE Vector Graphic - Fill","hd":false},{"ty":"tr","p":{"a":0,"k":[141.526,398.211],"ix":2},"a":{"a":0,"k":[0,0],"ix":1},"s":{"a":0,"k":[100,100],"ix":3},"r":{"a":0,"k":0,"ix":6},"o":{"a":0,"k":100,"ix":7},"sk":{"a":0,"k":0,"ix":4},"sa":{"a":0,"k":0,"ix":5},"nm":"Transform"}],"nm":"Group 16","np":2,"cix":2,"bm":0,"ix":16,"mn":"ADBE Vector Group","hd":false},{"ty":"gr","it":[{"ind":0,"ty":"sh","ix":1,"ks":{"a":0,"k":{"i":[[8.675,1.527],[10.924,-0.766],[6.06,-6.689],[-1.284,-8.739],[-6.346,1.8],[-0.705,-2.245],[23.227,-13.014],[-1.649,1.756],[-2.043,12.49],[1.944,16.579],[-18.607,-3.517]],"o":[[13.013,-2.326],[-8.668,-2.57],[-6.236,6.121],[1.244,4.205],[-1.872,2.693],[8.438,24.76],[-0.56,-2.487],[8.562,-9.121],[4.131,-17.028],[-2.683,-16.838],[10.392,1.568]],"v":[[14.094,-66.329],[17.745,-48.347],[-4.727,-43.031],[-12.228,-20.619],[-3.969,-5.179],[-4.056,1.937],[-28.109,68.655],[-25.828,62.731],[-8.833,30.699],[-15.517,-18.6],[13.544,-52.442]],"c":true},"ix":2},"nm":"Path 1","mn":"ADBE Vector Shape - Group","hd":false},{"ty":"fl","c":{"a":0,"k":[0.800000059838,0.90588241278,0.941176530427,1],"ix":4},"o":{"a":0,"k":100,"ix":5},"r":1,"bm":0,"nm":"Fill 1","mn":"ADBE Vector Graphic - Fill","hd":false},{"ty":"tr","p":{"a":0,"k":[254.93,76.061],"ix":2},"a":{"a":0,"k":[0,0],"ix":1},"s":{"a":0,"k":[100,100],"ix":3},"r":{"a":0,"k":0,"ix":6},"o":{"a":0,"k":100,"ix":7},"sk":{"a":0,"k":0,"ix":4},"sa":{"a":0,"k":0,"ix":5},"nm":"Transform"}],"nm":"Group 17","np":2,"cix":2,"bm":0,"ix":17,"mn":"ADBE Vector Group","hd":false},{"ty":"gr","it":[{"ind":0,"ty":"sh","ix":1,"ks":{"a":0,"k":{"i":[[-1.355,5.542],[-2.353,-2.576],[-0.317,-1.672],[-2.522,-5.986],[44.193,-8.973],[-0.372,-4.868],[1.023,-12.749],[2.716,-1.586],[6.049,2.289],[-3.746,1.888],[30.34,39.35]],"o":[[2.418,2.579],[1.008,1.787],[1.275,6.332],[24.775,36.462],[-5.097,3.178],[1.485,12.419],[-3.803,-0.913],[2.16,-6.288],[-3.694,-2.005],[46.716,-11.734],[-2.356,-5.171]],"v":[[-8.025,-90.699],[-0.581,-83.062],[3.268,-81.947],[13.937,-65.813],[-24.847,33.422],[-26.989,49.618],[-27.514,87.145],[-36.146,90.699],[-35.018,36.297],[-34.639,27.836],[3.759,-73.806]],"c":true},"ix":2},"nm":"Path 1","mn":"ADBE Vector Shape - Group","hd":false},{"ty":"fl","c":{"a":0,"k":[0.800000059838,0.90588241278,0.941176530427,1],"ix":4},"o":{"a":0,"k":100,"ix":5},"r":1,"bm":0,"nm":"Fill 1","mn":"ADBE Vector Graphic - Fill","hd":false},{"ty":"tr","p":{"a":0,"k":[180.87,295.203],"ix":2},"a":{"a":0,"k":[0,0],"ix":1},"s":{"a":0,"k":[100,100],"ix":3},"r":{"a":0,"k":0,"ix":6},"o":{"a":0,"k":100,"ix":7},"sk":{"a":0,"k":0,"ix":4},"sa":{"a":0,"k":0,"ix":5},"nm":"Transform"}],"nm":"Group 18","np":2,"cix":2,"bm":0,"ix":18,"mn":"ADBE Vector Group","hd":false},{"ty":"gr","it":[{"ind":0,"ty":"sh","ix":1,"ks":{"a":0,"k":{"i":[[7.413,-15.942],[2.325,3.464],[3.85,-6.213],[2.904,-0.245],[5.395,4.376],[2.587,-7.241],[-11.266,-8.671],[-9.966,-1.483],[15.548,13.992],[18.012,-2.012],[0.434,1.62],[-1.468,-15.632],[-7.208,-0.866],[11.377,-1.343],[-14.368,28.307],[-34.677,12.706],[3.12,-0.581],[7.38,-21.746],[-2.039,1.956],[-2.36,-11.15]],"o":[[-3.726,0.354],[-2.045,-9.085],[-1.84,1.962],[-3.68,-2.384],[-6.562,-7.398],[-7.215,10.941],[7.818,6.471],[8.553,1.564],[-15.413,-9.41],[-1.379,0.323],[1.521,-10.47],[3.248,-3.608],[6.309,16.176],[-22.349,3.463],[14.257,-28.645],[2.942,-0.76],[-23.455,9.557],[-0.158,0.914],[9.921,-6.25],[14.359,-16.85]],"v":[[24.264,30.56],[21.267,17.356],[5.356,17.198],[-0.142,23.929],[-5.479,8.101],[-25.173,16.061],[-23.878,45.639],[3.244,56.922],[28.118,43.103],[-24.917,30.473],[-28.228,29.299],[36.875,48.558],[41.124,39.515],[17.665,61.583],[-33.065,20.904],[16.68,-64.286],[17.695,-60.192],[-19.87,-1.959],[-20.632,3.936],[1.993,14.385]],"c":true},"ix":2},"nm":"Path 1","mn":"ADBE Vector Shape - Group","hd":false},{"ty":"fl","c":{"a":0,"k":[0.035294117647,0.043137254902,0.047058827269,1],"ix":4},"o":{"a":0,"k":100,"ix":5},"r":1,"bm":0,"nm":"Fill 1","mn":"ADBE Vector Graphic - Fill","hd":false},{"ty":"tr","p":{"a":0,"k":[91.218,255.821],"ix":2},"a":{"a":0,"k":[0,0],"ix":1},"s":{"a":0,"k":[100,100],"ix":3},"r":{"a":0,"k":0,"ix":6},"o":{"a":0,"k":100,"ix":7},"sk":{"a":0,"k":0,"ix":4},"sa":{"a":0,"k":0,"ix":5},"nm":"Transform"}],"nm":"Group 19","np":2,"cix":2,"bm":0,"ix":19,"mn":"ADBE Vector Group","hd":false},{"ty":"gr","it":[{"ind":0,"ty":"sh","ix":1,"ks":{"a":0,"k":{"i":[[-3.763,0.309],[0.761,-1.482],[3.286,-9.61],[-1.379,0.321],[-15.415,-9.411],[8.549,1.546],[7.819,6.471],[-7.234,10.945],[-6.556,-7.396],[-3.687,-2.395],[-1.842,1.968],[-2.04,-9.091]],"o":[[0.104,1.8],[-7.734,-3.732],[0.435,1.621],[18.012,-2.012],[15.552,14.013],[-9.967,-1.483],[-11.248,-8.674],[2.577,-7.246],[5.413,4.424],[2.907,-0.251],[3.844,-6.206],[2.35,3.525]],"v":[[19.993,0.974],[18.282,5.631],[-32.5,-0.288],[-29.188,0.889],[23.846,13.516],[-1.026,27.336],[-28.15,16.053],[-29.442,-13.524],[-9.75,-21.486],[-4.416,-5.657],[1.085,-12.388],[16.997,-12.23]],"c":true},"ix":2},"nm":"Path 1","mn":"ADBE Vector Shape - Group","hd":false},{"ty":"fl","c":{"a":0,"k":[0.800000059838,0.90588241278,0.941176530427,1],"ix":4},"o":{"a":0,"k":100,"ix":5},"r":1,"bm":0,"nm":"Fill 1","mn":"ADBE Vector Graphic - Fill","hd":false},{"ty":"tr","p":{"a":0,"k":[95.49,285.407],"ix":2},"a":{"a":0,"k":[0,0],"ix":1},"s":{"a":0,"k":[100,100],"ix":3},"r":{"a":0,"k":0,"ix":6},"o":{"a":0,"k":100,"ix":7},"sk":{"a":0,"k":0,"ix":4},"sa":{"a":0,"k":0,"ix":5},"nm":"Transform"}],"nm":"Group 20","np":2,"cix":2,"bm":0,"ix":20,"mn":"ADBE Vector Group","hd":false},{"ty":"gr","it":[{"ind":0,"ty":"sh","ix":1,"ks":{"a":0,"k":{"i":[[-1.703,-1.989],[2.37,32.317],[-17.88,-2.623],[-10.715,-15.379],[0.58,-1.037],[2.647,-3.661],[-2.159,-2.595],[11.381,7.798],[-3.228,-1.24]],"o":[[-8.266,51.256],[-1.089,-11.697],[17.158,7.402],[0.498,0.67],[-3.216,-0.214],[-1.473,3.326],[4.036,1.332],[-3.093,-1.991],[2.341,0.763]],"v":[[31.232,4.341],[-34.246,-18.95],[-19.74,-52.974],[22.317,-19.238],[23.008,-16.81],[10.257,-20.25],[21.278,-12.732],[26.239,-2.61],[24.63,0.973]],"c":true},"ix":2},"nm":"Path 1","mn":"ADBE Vector Shape - Group","hd":false},{"ty":"fl","c":{"a":0,"k":[0.933333393172,0.380392186782,0.141176470588,1],"ix":4},"o":{"a":0,"k":100,"ix":5},"r":1,"bm":0,"nm":"Fill 1","mn":"ADBE Vector Graphic - Fill","hd":false},{"ty":"tr","p":{"a":0,"k":[64.736,127.285],"ix":2},"a":{"a":0,"k":[0,0],"ix":1},"s":{"a":0,"k":[100,100],"ix":3},"r":{"a":0,"k":0,"ix":6},"o":{"a":0,"k":100,"ix":7},"sk":{"a":0,"k":0,"ix":4},"sa":{"a":0,"k":0,"ix":5},"nm":"Transform"}],"nm":"Group 21","np":2,"cix":2,"bm":0,"ix":21,"mn":"ADBE Vector Group","hd":false},{"ty":"gr","it":[{"ind":0,"ty":"sh","ix":1,"ks":{"a":0,"k":{"i":[[2.501,0.106],[-0.432,2.094],[-0.208,-2.199]],"o":[[-3.257,-0.926],[0.886,-1.953],[0.46,2.49]],"v":[[-1.533,4.76],[-0.103,-2.914],[4.33,-2.126]],"c":true},"ix":2},"nm":"Path 1","mn":"ADBE Vector Shape - Group","hd":false},{"ty":"fl","c":{"a":0,"k":[0.035294117647,0.043137254902,0.047058827269,1],"ix":4},"o":{"a":0,"k":100,"ix":5},"r":1,"bm":0,"nm":"Fill 1","mn":"ADBE Vector Graphic - Fill","hd":false},{"ty":"tr","p":{"a":0,"k":[113.143,38.806],"ix":2},"a":{"a":0,"k":[0,0],"ix":1},"s":{"a":0,"k":[100,100],"ix":3},"r":{"a":0,"k":0,"ix":6},"o":{"a":0,"k":100,"ix":7},"sk":{"a":0,"k":0,"ix":4},"sa":{"a":0,"k":0,"ix":5},"nm":"Transform"}],"nm":"Group 22","np":2,"cix":2,"bm":0,"ix":22,"mn":"ADBE Vector Group","hd":false},{"ty":"gr","it":[{"ind":0,"ty":"sh","ix":1,"ks":{"a":0,"k":{"i":[[-0.252,0],[-1.266,0.599],[-7.042,-1.534],[-9.578,-16.011],[3.262,3.967],[21.495,-7.176],[0.118,1.16]],"o":[[1.304,0.395],[6.817,-3.221],[18.014,4.442],[-4.015,7.755],[-14.477,-15.582],[0.29,-1.043],[0.252,0.001]],"v":[[-34.084,-16.564],[-30.246,-16.767],[-9.372,-17.758],[35.733,12.863],[22.311,8.248],[-35.733,-13.442],[-34.84,-16.566]],"c":true},"ix":2},"nm":"Path 1","mn":"ADBE Vector Shape - Group","hd":false},{"ty":"fl","c":{"a":0,"k":[0.800000059838,0.90588241278,0.941176530427,1],"ix":4},"o":{"a":0,"k":100,"ix":5},"r":1,"bm":0,"nm":"Fill 1","mn":"ADBE Vector Graphic - Fill","hd":false},{"ty":"tr","p":{"a":0,"k":[64.828,69.835],"ix":2},"a":{"a":0,"k":[0,0],"ix":1},"s":{"a":0,"k":[100,100],"ix":3},"r":{"a":0,"k":0,"ix":6},"o":{"a":0,"k":100,"ix":7},"sk":{"a":0,"k":0,"ix":4},"sa":{"a":0,"k":0,"ix":5},"nm":"Transform"}],"nm":"Group 23","np":2,"cix":2,"bm":0,"ix":23,"mn":"ADBE Vector Group","hd":false},{"ty":"gr","it":[{"ind":0,"ty":"sh","ix":1,"ks":{"a":0,"k":{"i":[[14.238,-8.825],[1.484,0.948],[-6.191,1.922],[-0.564,2.058],[-1.659,0.004],[-1.37,0.053],[-8.194,-27.235],[2.27,2.938],[10.013,5.129],[9.517,-4.894]],"o":[[-1.537,-0.982],[3.885,-5.284],[1.896,-0.458],[1.658,-0.004],[0.63,1.542],[28.472,-0.483],[-4.261,-0.226],[-5.581,-9.643],[-5.204,-2.038],[-15.838,-4.651]],"v":[[-41.335,-7.765],[-45.892,-10.677],[-28.027,-19.861],[-23.985,-23.053],[-19.01,-23.064],[-15.716,-21.59],[45.892,23.064],[37.802,14.549],[14.618,-9.24],[4.448,-13.353]],"c":true},"ix":2},"nm":"Path 1","mn":"ADBE Vector Shape - Group","hd":false},{"ty":"fl","c":{"a":0,"k":[0.800000059838,0.90588241278,0.941176530427,1],"ix":4},"o":{"a":0,"k":100,"ix":5},"r":1,"bm":0,"nm":"Fill 1","mn":"ADBE Vector Graphic - Fill","hd":false},{"ty":"tr","p":{"a":0,"k":[131.611,71.493],"ix":2},"a":{"a":0,"k":[0,0],"ix":1},"s":{"a":0,"k":[100,100],"ix":3},"r":{"a":0,"k":0,"ix":6},"o":{"a":0,"k":100,"ix":7},"sk":{"a":0,"k":0,"ix":4},"sa":{"a":0,"k":0,"ix":5},"nm":"Transform"}],"nm":"Group 24","np":2,"cix":2,"bm":0,"ix":24,"mn":"ADBE Vector Group","hd":false},{"ty":"gr","it":[{"ind":0,"ty":"sh","ix":1,"ks":{"a":0,"k":{"i":[[-1.537,-0.982],[9.181,-3.155],[18.016,4.443],[6.817,-3.221],[1.304,0.395],[-5.772,-1.638],[-6.22,-4.164],[-1.937,1.3],[0.689,7.379],[-3.57,4.016],[2.377,-6.978],[-0.579,0.416],[-0.416,6.07],[-0.408,-3.377],[3.363,-4.848],[-0.476,-1.504],[1.896,-0.459],[3.885,-5.283]],"o":[[2.759,3.751],[-9.58,-16.012],[-7.041,-1.534],[-1.267,0.598],[-1.98,-9.951],[7.178,1.9],[1.92,1.284],[5.351,-4.084],[1.12,-5.462],[11.989,-2.052],[-0.854,1.919],[3.328,-5.153],[0.675,-3.452],[1.244,6.006],[1.865,0.089],[-0.564,2.058],[-6.189,1.92],[1.484,0.948]],"v":[[19.952,12.018],[30.238,30.988],[-14.868,0.367],[-35.741,1.358],[-39.58,1.561],[-12.402,-3.764],[7.958,4.738],[13.169,4.418],[24.132,-12.276],[21.085,-28.936],[27.309,-4.421],[29.697,-4.123],[34.708,-20.94],[40.316,-20.704],[33.778,-5.521],[37.303,-3.27],[33.261,-0.077],[15.395,9.106]],"c":true},"ix":2},"nm":"Path 1","mn":"ADBE Vector Shape - Group","hd":false},{"ty":"fl","c":{"a":0,"k":[0.035294117647,0.043137254902,0.047058827269,1],"ix":4},"o":{"a":0,"k":100,"ix":5},"r":1,"bm":0,"nm":"Fill 1","mn":"ADBE Vector Graphic - Fill","hd":false},{"ty":"tr","p":{"a":0,"k":[70.324,51.71],"ix":2},"a":{"a":0,"k":[0,0],"ix":1},"s":{"a":0,"k":[100,100],"ix":3},"r":{"a":0,"k":0,"ix":6},"o":{"a":0,"k":100,"ix":7},"sk":{"a":0,"k":0,"ix":4},"sa":{"a":0,"k":0,"ix":5},"nm":"Transform"}],"nm":"Group 25","np":2,"cix":2,"bm":0,"ix":25,"mn":"ADBE Vector Group","hd":false},{"ty":"gr","it":[{"ind":0,"ty":"sh","ix":1,"ks":{"a":0,"k":{"i":[[1.712,0.957],[3.794,2.378]],"o":[[4.415,8.065],[-1.774,-0.681]],"v":[[-44.232,71.316],[-38.897,73.438]],"c":true},"ix":2},"nm":"Path 1","mn":"ADBE Vector Shape - Group","hd":false},{"ind":1,"ty":"sh","ix":2,"ks":{"a":0,"k":{"i":[[9.06,-1.327],[-7.669,-27.971],[-1.591,-5.315],[17.065,27.722],[28.468,-0.484],[0.63,1.542],[-2.249,-0.15],[-13.417,-16.398],[-15.649,-4.278],[-1.128,12.823],[1.075,11.629],[-28.11,-4.939],[18.896,7.284],[-6.579,-13.494],[0.749,-1.99],[-0.633,-0.114],[-0.594,-1.53],[29.231,-13.526],[17.425,2.52],[6.683,3.849],[6.021,5.399],[1.009,7.084],[-0.22,-4.751],[-6.573,-5.54],[-19.491,26.249],[5.796,18.424],[-1.871,2.693],[1.243,4.128],[-6.234,6.121],[-5.55,8.496]],"o":[[-25.989,-2.936],[1.359,5.378],[10.098,32.532],[-8.189,-27.235],[-1.369,0.053],[0.446,-2.388],[20.212,1.339],[10.554,10.194],[11.341,3.645],[2.426,-11.813],[-4.461,-31.009],[17.933,2.152],[-17.709,-2.039],[0.632,1.666],[-0.228,0.605],[2.153,0.383],[10.909,30.485],[-15.944,8.578],[-5.641,-2.839],[-6.853,-4.386],[-4.763,-5.19],[-1.237,-4.41],[1.681,8.496],[27.305,19.855],[11.035,-15.95],[-0.705,-2.245],[-6.343,1.867],[-1.283,-8.74],[12.107,-13.794],[4.482,-7.423]],"v":[[66.996,-74.016],[18.84,-26.669],[23.277,-10.626],[-24.526,10.809],[-86.134,-33.844],[-89.427,-35.318],[-85.142,-38.448],[-33.336,-14.941],[-7.482,18.979],[19.493,4.01],[13.457,-30.409],[71.494,-78.307],[64.908,-52.364],[47.64,-18.655],[48.694,-13.354],[49.398,-12.269],[52.338,-8.41],[19.538,69.5],[-31.418,75.774],[-40.333,79.397],[-56.156,61.423],[-64.942,42.706],[-61.054,41.851],[-48.48,62.806],[41.4,45.967],[48.845,-5.75],[48.932,-12.866],[40.672,-28.306],[48.173,-50.718],[76.133,-59.111]],"c":true},"ix":2},"nm":"Path 2","mn":"ADBE Vector Shape - Group","hd":false},{"ty":"mm","mm":1,"nm":"Merge Paths 1","mn":"ADBE Vector Filter - Merge","hd":false},{"ty":"fl","c":{"a":0,"k":[0.035294117647,0.043137254902,0.047058827269,1],"ix":4},"o":{"a":0,"k":100,"ix":5},"r":1,"bm":0,"nm":"Fill 1","mn":"ADBE Vector Graphic - Fill","hd":false},{"ty":"tr","p":{"a":0,"k":[202.029,83.748],"ix":2},"a":{"a":0,"k":[0,0],"ix":1},"s":{"a":0,"k":[100,100],"ix":3},"r":{"a":0,"k":0,"ix":6},"o":{"a":0,"k":100,"ix":7},"sk":{"a":0,"k":0,"ix":4},"sa":{"a":0,"k":0,"ix":5},"nm":"Transform"}],"nm":"Group 26","np":4,"cix":2,"bm":0,"ix":26,"mn":"ADBE Vector Group","hd":false},{"ty":"gr","it":[{"ind":0,"ty":"sh","ix":1,"ks":{"a":0,"k":{"i":[[-8.425,-8.148],[2.133,9.686],[4.059,-4.272]],"o":[[3.534,-8.73],[-0.685,-4.367],[-9.227,8.642]],"v":[[-94.791,110.497],[-88.724,84.353],[-97.602,79.614]],"c":true},"ix":2},"nm":"Path 1","mn":"ADBE Vector Shape - Group","hd":false},{"ind":1,"ty":"sh","ix":2,"ks":{"a":0,"k":{"i":[[-3.032,-3.316],[-4.967,10.868],[-14.303,12.071],[2.064,-4.378],[7.616,-8.97],[1.338,12.219]],"o":[[5.062,10.687],[6.112,-15.462],[-5.177,-7.624],[-4.289,10.303],[-9.887,11.364],[-0.445,4.403]],"v":[[-91.805,124.866],[-65.718,124.653],[-49.129,85.155],[-60.752,93.563],[-70.02,125.085],[-95.263,113.166]],"c":true},"ix":2},"nm":"Path 2","mn":"ADBE Vector Shape - Group","hd":false},{"ind":2,"ty":"sh","ix":3,"ks":{"a":0,"k":{"i":[[2.418,2.579],[-5.238,12.69],[-4.831,0.678],[-0.124,-4.734],[-7.861,-10.035],[-2.23,-2.612],[55.007,-13.029],[1.232,-13.297],[-4.725,-5.476],[14.405,-0.854],[18.342,6.714],[-5.272,9.84],[0.067,13.696],[6.012,1.103],[4.419,3.231],[1.401,-1.134],[27.33,0.505],[-0.332,10.601],[-4.347,16.998],[2.302,-19.801],[0.702,-6.961],[-5.718,9.216],[-13.835,12.588],[-17.14,34.942],[5.736,3.289],[-9.251,38.931],[-7.368,-4.91],[0.29,-1.044],[-9.534,-24.48],[-21.178,36.023],[2.326,-3.243],[13.911,2.457],[3.266,-6.285],[-4.497,-26.244],[-30.096,-0.717],[3.389,0.74],[-0.8,-5.394],[1.677,-13.624],[-18.43,-5.312],[-18.65,6.365],[4.559,6.47],[2.111,-2.321],[2.974,-1.701],[1.284,1.555],[2.416,-5.336],[3.08,-3.137],[-13.629,-12.997],[-0.289,1.978],[-3.802,-0.913],[1.485,12.418],[-5.087,3.144],[24.775,36.468],[1.275,6.34],[1.008,1.786]],"o":[[-9.023,-9.248],[1.901,-3.607],[4.008,3.441],[-4.506,14.599],[0.848,5.013],[38.379,39.221],[1.981,13.205],[-0.512,6.497],[8.384,11.398],[-19.209,2.744],[-12.667,-5.98],[3.928,-13.086],[-0.136,-4.993],[-5.283,-1.108],[-1.569,-1.146],[-17.055,11.376],[-9.983,-0.056],[-4.28,-12.057],[8.733,-22.794],[0,7.176],[-1.782,9.973],[7.674,-14.493],[-27.996,-32.21],[1.706,-5.041],[-36.903,-16.266],[0.874,-6.447],[0.118,1.16],[-20.183,18.651],[9.065,25.759],[2.376,-5.274],[-5.057,12.026],[-1.181,6.629],[-10.979,23.47],[4.98,30.413],[4.197,0.51],[-3.047,0.357],[1.722,13.849],[-2.263,11.6],[18.961,4.014],[9.061,-5.264],[-1.705,-2.547],[-3.752,2.813],[-2.572,0.201],[-3.686,-6.362],[-2.805,3.628],[-7.013,-5.765],[0.886,-1.72],[2.715,-1.586],[1.024,-12.749],[-0.387,-4.816],[44.196,-8.983],[-2.52,-5.99],[-0.317,-1.672],[-2.353,-2.577]],"v":[[59.178,-30.104],[49.602,-63.718],[56.801,-74.233],[52.957,-59.204],[69.882,-25.224],[74.928,-20.896],[43.246,98.838],[45.008,138.396],[48.223,156.793],[35.802,183.505],[-22.444,179.165],[-25.616,148.275],[-21.03,107.078],[-27.945,96.563],[-42.563,89.688],[-46.801,89.846],[-78.876,136.744],[-98.599,115.144],[-106.639,85.612],[-84.096,94.376],[-90.588,113.767],[-72.806,121.446],[-56.371,78.597],[-56.481,-34.047],[-56.056,-53.778],[-104.056,-153.354],[-83.678,-181.339],[-84.572,-178.214],[-94.853,-101.781],[-21.485,-69.857],[-17.192,-67.987],[-48.324,-51.382],[-52.518,-31.623],[-68.065,44.066],[-4.928,96.371],[-5.493,100.887],[-16.828,102.447],[-19.418,143.476],[-16.849,176.498],[41.788,176.893],[40.561,153.649],[35.133,153.486],[30.018,164.969],[25.999,160.118],[12.406,162.977],[7.531,175.279],[28.644,156.488],[31.057,151.294],[39.689,147.74],[40.215,110.214],[42.357,94.017],[81.139,-5.219],[70.47,-21.352],[66.622,-22.466]],"c":true},"ix":2},"nm":"Path 3","mn":"ADBE Vector Shape - Group","hd":false},{"ty":"mm","mm":1,"nm":"Merge Paths 1","mn":"ADBE Vector Filter - Merge","hd":false},{"ty":"fl","c":{"a":0,"k":[0.035294117647,0.043137254902,0.047058827269,1],"ix":4},"o":{"a":0,"k":100,"ix":5},"r":1,"bm":0,"nm":"Fill 1","mn":"ADBE Vector Graphic - Fill","hd":false},{"ty":"tr","p":{"a":0,"k":[113.666,234.608],"ix":2},"a":{"a":0,"k":[0,0],"ix":1},"s":{"a":0,"k":[100,100],"ix":3},"r":{"a":0,"k":0,"ix":6},"o":{"a":0,"k":100,"ix":7},"sk":{"a":0,"k":0,"ix":4},"sa":{"a":0,"k":0,"ix":5},"nm":"Transform"}],"nm":"Group 27","np":5,"cix":2,"bm":0,"ix":27,"mn":"ADBE Vector Group","hd":false},{"ty":"gr","it":[{"ind":0,"ty":"sh","ix":1,"ks":{"a":0,"k":{"i":[[-1.558,12.387],[4.51,-1.124]],"o":[[-0.062,-3.708],[-8.45,3.939]],"v":[[22.565,-114.18],[15.537,-122.681]],"c":true},"ix":2},"nm":"Path 1","mn":"ADBE Vector Shape - Group","hd":false},{"ind":1,"ty":"sh","ix":2,"ks":{"a":0,"k":{"i":[[-0.083,11.131],[0.055,-11.226]],"o":[[0.217,-10.409],[-0.004,9.856]],"v":[[-2.334,-101.764],[-18.881,-102.73]],"c":true},"ix":2},"nm":"Path 2","mn":"ADBE Vector Shape - Group","hd":false},{"ind":2,"ty":"sh","ix":3,"ks":{"a":0,"k":{"i":[[-0.255,0.218],[0.86,2.297],[23.675,7.747],[0.768,-1.511],[-1.063,-11.678],[-8.258,51.25],[0.406,1.108]],"o":[[4.219,0.049],[-9.174,-22.932],[-1.689,-0.645],[-17.897,-2.642],[2.375,32.326],[1.956,-0.256],[0.256,-0.217]],"v":[[-45.768,-83.321],[-44.042,-88.435],[-94.863,-138.892],[-98.427,-137.431],[-112.935,-103.407],[-47.455,-80.117],[-46.535,-82.669]],"c":true},"ix":2},"nm":"Path 3","mn":"ADBE Vector Shape - Group","hd":false},{"ind":3,"ty":"sh","ix":4,"ks":{"a":0,"k":{"i":[[1.743,9.437],[-1.099,6.687],[3.088,9.677],[1.625,-4.014],[10.893,-6.674],[1.628,0.809],[0.105,1.8],[14.345,-16.841],[9.919,-6.248],[0.237,0.188],[-25.039,10.529],[0.611,1.456],[2.185,-0.764],[6.092,-16.188],[6.956,-13.085],[-11.733,-5.722],[-17.676,9.128]],"o":[[3.09,-6.037],[-0.237,-10.18],[-3.095,-3.175],[-6.864,12.782],[-1.628,-0.808],[0.763,-1.483],[7.415,-15.963],[-2.361,-11.154],[-0.237,-0.188],[7.491,-23.409],[1.076,-0.489],[-1.194,-3.216],[-16.293,7.978],[-5.476,13.727],[-7.936,11.891],[16.921,9.597],[7.891,-4.278]],"v":[[-11.049,80.578],[-9.411,59.961],[-8.686,28.727],[-15.248,29.898],[-24.769,81.723],[-29.652,79.296],[-27.94,74.638],[-50.211,58.464],[-72.836,48.014],[-73.547,47.45],[-34.51,-16.115],[-32.696,-18.65],[-40,-18.638],[-70.616,23.175],[-85.267,64.982],[-73.051,97.446],[-16.786,100.481]],"c":true},"ix":2},"nm":"Path 4","mn":"ADBE Vector Shape - Group","hd":false},{"ind":4,"ty":"sh","ix":5,"ks":{"a":0,"k":{"i":[[-5.595,-2.871],[0.049,-0.284],[1.905,-3.601],[-9.02,-9.242],[-2.384,-5.183],[46.71,-11.746],[-3.694,-2.005],[5.126,-5.038],[-7.013,-5.774],[-0.415,-1.586],[-3.375,17.712],[-0.719,6.815],[1.721,13.848],[-3.05,0.361],[4.204,0.5],[-12.123,44.074],[-0.994,20.716],[-5.049,12.044],[2.404,-5.254],[9.083,25.767],[-20.561,19.136],[0,0],[-14.48,-15.584],[-4.009,7.758],[2.781,3.772],[-15.84,-4.651],[-3.594,-3.41],[-10.13,-1.836],[-5.831,-11.041],[-4.27,-0.236],[-10.14,15.752],[-19.965,21.46],[-16.958,-1.027],[3.198,-4.77],[3.669,0.247],[-8.801,-20.068],[15.929,-15.846],[-0.56,-2.486],[20.845,15.482],[1.682,8.496],[1.964,-0.303],[-0.124,-1.696],[-4.601,-5.012],[-6.851,-4.39]],"o":[[-0.048,0.284],[-4.831,0.672],[-5.236,12.686],[-1.286,5.603],[30.343,39.39],[-3.744,1.889],[6.034,2.648],[-13.626,-12.994],[-0.113,1.703],[-11.615,-1.369],[1.131,-6.744],[1.676,-13.624],[-0.79,-5.395],[3.377,0.743],[-47.55,-1.327],[3.475,-20.432],[13.905,2.436],[2.298,-3.262],[-21.195,36.02],[-9.402,-24.567],[0,0],[21.498,-7.175],[3.261,3.966],[9.174,-3.159],[14.239,-8.826],[-2.301,3.432],[3.602,-4.847],[10.483,6.144],[2.276,2.945],[8.308,16.414],[14.147,-22.567],[10.776,-13.361],[4.76,1.248],[-2.191,4.051],[-27.165,2.23],[7.317,21.47],[-1.649,1.757],[-20.703,14.338],[-6.574,-5.541],[-0.274,-1.386],[-2.471,0.403],[1.154,6.819],[6.017,5.403],[6.647,3.856]],"v":[[27.19,-52.22],[27.044,-51.368],[19.844,-40.853],[29.422,-7.239],[41.208,9.655],[2.806,111.295],[2.429,119.757],[-1.112,179.353],[-22.224,198.144],[-21.162,202.944],[-55.856,185.326],[-49.173,166.341],[-46.584,125.313],[-35.249,123.751],[-34.685,119.238],[-96.298,29.919],[-78.081,-28.517],[-46.948,-45.123],[-51.242,-46.992],[-124.607,-78.915],[-114.245,-155.382],[-114.327,-155.349],[-56.284,-133.659],[-42.861,-129.045],[-53.146,-148.014],[-7.363,-153.602],[-11.414,-138.401],[0.3,-151.298],[25.992,-125.7],[34.082,-117.185],[78.968,-113.752],[83.605,-184.183],[125.602,-202.011],[131.608,-190.618],[121.174,-188.732],[100.632,-134.302],[85.68,-72.951],[83.399,-67.028],[10.127,-65.188],[-2.448,-86.144],[-4.805,-89.144],[-6.223,-84.506],[2.452,-66.573],[18.274,-48.597]],"c":true},"ix":2},"nm":"Path 5","mn":"ADBE Vector Shape - Group","hd":false},{"ty":"mm","mm":1,"nm":"Merge Paths 1","mn":"ADBE Vector Filter - Merge","hd":false},{"ty":"fl","c":{"a":0,"k":[0.313725490196,0.772549079446,0.949019667682,1],"ix":4},"o":{"a":0,"k":100,"ix":5},"r":1,"bm":0,"nm":"Fill 1","mn":"ADBE Vector Graphic - Fill","hd":false},{"ty":"tr","p":{"a":0,"k":[143.422,211.743],"ix":2},"a":{"a":0,"k":[0,0],"ix":1},"s":{"a":0,"k":[100,100],"ix":3},"r":{"a":0,"k":0,"ix":6},"o":{"a":0,"k":100,"ix":7},"sk":{"a":0,"k":0,"ix":4},"sa":{"a":0,"k":0,"ix":5},"nm":"Transform"}],"nm":"Group 28","np":7,"cix":2,"bm":0,"ix":28,"mn":"ADBE Vector Group","hd":false}],"ip":0,"op":5995.00024418136,"st":0,"bm":0},{"ddd":0,"ind":2,"ty":4,"nm":"Shape Layer 1","sr":1,"ks":{"o":{"a":0,"k":56,"ix":11},"r":{"a":0,"k":0,"ix":10},"p":{"a":0,"k":[519,989,0],"ix":2},"a":{"a":0,"k":[14,513,0],"ix":1},"s":{"a":0,"k":[100,100,100],"ix":6}},"ao":0,"shapes":[{"ty":"gr","it":[{"d":1,"ty":"el","s":{"a":0,"k":[430,112],"ix":2},"p":{"a":0,"k":[0,0],"ix":3},"nm":"Ellipse Path 1","mn":"ADBE Vector Shape - Ellipse","hd":false},{"ty":"st","c":{"a":0,"k":[0,0,0,1],"ix":3},"o":{"a":0,"k":100,"ix":4},"w":{"a":0,"k":0,"ix":5},"lc":1,"lj":1,"ml":4,"bm":0,"nm":"Stroke 1","mn":"ADBE Vector Graphic - Stroke","hd":false},{"ty":"fl","c":{"a":0,"k":[0.415686304429,0.490196108351,0.580392156863,1],"ix":4},"o":{"a":0,"k":100,"ix":5},"r":1,"bm":0,"nm":"Fill 1","mn":"ADBE Vector Graphic - Fill","hd":false},{"ty":"tr","p":{"a":0,"k":[14,513],"ix":2},"a":{"a":0,"k":[0,0],"ix":1},"s":{"a":0,"k":[105.164,78.947],"ix":3},"r":{"a":0,"k":0,"ix":6},"o":{"a":0,"k":100,"ix":7},"sk":{"a":0,"k":0,"ix":4},"sa":{"a":0,"k":0,"ix":5},"nm":"Transform"}],"nm":"Ellipse 1","np":3,"cix":2,"bm":0,"ix":1,"mn":"ADBE Vector Group","hd":false}],"ip":0,"op":5995.00024418136,"st":0,"bm":0}],"markers":[]}