{"v":"5.6.8","fr":29.9700012207031,"ip":0,"op":42.0000017106951,"w":1080,"h":1350,"nm":"dolfin-kenar","ddd":0,"assets":[],"layers":[{"ddd":0,"ind":1,"ty":4,"nm":"Layer 9 Outlines","sr":1,"ks":{"o":{"a":0,"k":100,"ix":11},"r":{"a":1,"k":[{"i":{"x":[0.667],"y":[1]},"o":{"x":[0.333],"y":[0]},"t":0,"s":[0]},{"i":{"x":[0.667],"y":[1]},"o":{"x":[0.333],"y":[0]},"t":21,"s":[5]},{"t":42.0000017106951,"s":[0]}],"ix":10},"p":{"a":0,"k":[583.5,667.5,0],"ix":2},"a":{"a":0,"k":[130.5,182.5,0],"ix":1},"s":{"a":1,"k":[{"i":{"x":[0.667,0.667,0.667],"y":[1,1,1]},"o":{"x":[0.333,0.333,0.333],"y":[0,0,0]},"t":0,"s":[220.878,220.878,100]},{"i":{"x":[0.667,0.667,0.667],"y":[1,1,1]},"o":{"x":[0.333,0.333,0.333],"y":[0,0,0]},"t":21,"s":[220.878,215.878,100]},{"t":42.0000017106951,"s":[220.878,220.878,100]}],"ix":6}},"ao":0,"shapes":[{"ty":"gr","it":[{"ind":0,"ty":"sh","ix":1,"ks":{"a":0,"k":{"i":[[0.893,0.055],[0.737,1.877],[-1.194,1.139],[-1.56,0.037],[-0.493,-1.715],[1.956,-1.012]],"o":[[-2.036,0.094],[-0.691,-1.759],[1.077,-1.028],[2.251,-0.052],[0.515,1.791],[-0.951,0.492]],"v":[[-0.389,4.072],[-4.772,1.831],[-3.266,-2.319],[0.562,-4.114],[4.948,-1.507],[2.458,3.344]],"c":true},"ix":2},"nm":"Path 1","mn":"ADBE Vector Shape - Group","hd":false},{"ty":"fl","c":{"a":0,"k":[0.647058823529,0.658823529412,0.658823529412,1],"ix":4},"o":{"a":0,"k":100,"ix":5},"r":1,"bm":0,"nm":"Fill 1","mn":"ADBE Vector Graphic - Fill","hd":false},{"ty":"tr","p":{"a":0,"k":[142.441,29.761],"ix":2},"a":{"a":0,"k":[0,0],"ix":1},"s":{"a":0,"k":[100,100],"ix":3},"r":{"a":0,"k":0,"ix":6},"o":{"a":0,"k":100,"ix":7},"sk":{"a":0,"k":0,"ix":4},"sa":{"a":0,"k":0,"ix":5},"nm":"Transform"}],"nm":"Group 1","np":2,"cix":2,"bm":0,"ix":1,"mn":"ADBE Vector Group","hd":false},{"ty":"gr","it":[{"ind":0,"ty":"sh","ix":1,"ks":{"a":0,"k":{"i":[[-2.036,0.094],[-0.951,0.492],[0.515,1.791],[2.251,-0.052],[1.077,-1.028],[-0.691,-1.759]],"o":[[0.893,0.055],[1.956,-1.012],[-0.493,-1.715],[-1.56,0.037],[-1.194,1.139],[0.737,1.877]],"v":[[-0.204,4.371],[2.643,3.644],[5.133,-1.207],[0.747,-3.814],[-3.082,-2.019],[-4.587,2.131]],"c":true},"ix":2},"nm":"Path 1","mn":"ADBE Vector Shape - Group","hd":false},{"ind":1,"ty":"sh","ix":2,"ks":{"a":0,"k":{"i":[[1.682,0.112],[1.124,0.686],[0.785,-1.676],[1.522,-0.637],[1.45,1.55],[-1.037,1.947],[2.242,0.824],[1.078,0.475],[0.237,1.431],[-0.985,0.882],[-1.143,-0.641],[-1.077,-0.475],[0.282,1.707],[0.167,0.772],[-2.766,0.902],[-1.069,-1.163],[-0.265,-1.341],[-2.535,1.294],[-0.743,0.24],[-1.027,-1.629],[1.006,-1.305],[0.395,-0.35],[-1.929,-1.933],[0.718,-1.792]],"o":[[-1.377,0.145],[-1.823,-1.111],[-0.711,1.519],[-1.83,0.766],[-1.37,-1.463],[1.125,-2.114],[-1.111,-0.408],[-1.251,-0.55],[-0.205,-1.238],[1.026,-0.918],[1.033,0.581],[1.603,0.709],[-0.129,-0.775],[-0.624,-2.872],[1.55,-0.505],[0.917,0.997],[0.542,2.734],[0.701,-0.357],[1.636,-0.528],[1.035,1.642],[-0.316,0.411],[-1.94,1.715],[1.407,1.409],[-0.615,1.535]],"v":[[9.292,9.28],[5.538,8.26],[1.716,9.486],[-1.532,12.786],[-6.667,12.061],[-7.333,6.99],[-8.681,3.673],[-12.062,2.581],[-14.479,-0.351],[-13.48,-3.607],[-10.187,-3.877],[-7.122,-2.078],[-4.778,-3.893],[-5.461,-6.168],[-1.521,-13.105],[2.424,-11.969],[4.015,-8.417],[7.32,-6.928],[9.464,-7.91],[13.649,-6.716],[12.93,-2.373],[11.751,-1.32],[11.676,2.395],[12.641,7.065]],"c":true},"ix":2},"nm":"Path 2","mn":"ADBE Vector Shape - Group","hd":false},{"ty":"mm","mm":1,"nm":"Merge Paths 1","mn":"ADBE Vector Filter - Merge","hd":false},{"ty":"fl","c":{"a":0,"k":[0.666666666667,0.84313731474,0.917647118662,1],"ix":4},"o":{"a":0,"k":100,"ix":5},"r":1,"bm":0,"nm":"Fill 1","mn":"ADBE Vector Graphic - Fill","hd":false},{"ty":"tr","p":{"a":0,"k":[142.256,29.462],"ix":2},"a":{"a":0,"k":[0,0],"ix":1},"s":{"a":0,"k":[100,100],"ix":3},"r":{"a":0,"k":0,"ix":6},"o":{"a":0,"k":100,"ix":7},"sk":{"a":0,"k":0,"ix":4},"sa":{"a":0,"k":0,"ix":5},"nm":"Transform"}],"nm":"Group 2","np":4,"cix":2,"bm":0,"ix":2,"mn":"ADBE Vector Group","hd":false},{"ty":"gr","it":[{"ind":0,"ty":"sh","ix":1,"ks":{"a":0,"k":{"i":[[0.549,0.029],[-0.569,-0.054]],"o":[[0.172,-0.458],[0.057,0.754]],"v":[[-0.522,0.394],[0.465,-0.369]],"c":true},"ix":2},"nm":"Path 1","mn":"ADBE Vector Shape - Group","hd":false},{"ty":"fl","c":{"a":0,"k":[0.666666666667,0.84313731474,0.917647118662,1],"ix":4},"o":{"a":0,"k":100,"ix":5},"r":1,"bm":0,"nm":"Fill 1","mn":"ADBE Vector Graphic - Fill","hd":false},{"ty":"tr","p":{"a":0,"k":[140.182,153.217],"ix":2},"a":{"a":0,"k":[0,0],"ix":1},"s":{"a":0,"k":[100,100],"ix":3},"r":{"a":0,"k":0,"ix":6},"o":{"a":0,"k":100,"ix":7},"sk":{"a":0,"k":0,"ix":4},"sa":{"a":0,"k":0,"ix":5},"nm":"Transform"}],"nm":"Group 3","np":2,"cix":2,"bm":0,"ix":3,"mn":"ADBE Vector Group","hd":false},{"ty":"gr","it":[{"ind":0,"ty":"sh","ix":1,"ks":{"a":0,"k":{"i":[[-0.414,-0.699],[0.423,0.678]],"o":[[-0.754,0.055],[0.708,0.046]],"v":[[0.909,0.383],[-0.909,-0.438]],"c":true},"ix":2},"nm":"Path 1","mn":"ADBE Vector Shape - Group","hd":false},{"ty":"fl","c":{"a":0,"k":[0.666666666667,0.84313731474,0.917647118662,1],"ix":4},"o":{"a":0,"k":100,"ix":5},"r":1,"bm":0,"nm":"Fill 1","mn":"ADBE Vector Graphic - Fill","hd":false},{"ty":"tr","p":{"a":0,"k":[47.772,260.205],"ix":2},"a":{"a":0,"k":[0,0],"ix":1},"s":{"a":0,"k":[100,100],"ix":3},"r":{"a":0,"k":0,"ix":6},"o":{"a":0,"k":100,"ix":7},"sk":{"a":0,"k":0,"ix":4},"sa":{"a":0,"k":0,"ix":5},"nm":"Transform"}],"nm":"Group 4","np":2,"cix":2,"bm":0,"ix":4,"mn":"ADBE Vector Group","hd":false},{"ty":"gr","it":[{"ind":0,"ty":"sh","ix":1,"ks":{"a":0,"k":{"i":[[-0.533,-0.741],[0.715,0.282]],"o":[[-0.714,-0.281],[0.956,-0.331]],"v":[[1.072,0.587],[-1.072,-0.256]],"c":true},"ix":2},"nm":"Path 1","mn":"ADBE Vector Shape - Group","hd":false},{"ty":"fl","c":{"a":0,"k":[0.666666666667,0.84313731474,0.917647118662,1],"ix":4},"o":{"a":0,"k":100,"ix":5},"r":1,"bm":0,"nm":"Fill 1","mn":"ADBE Vector Graphic - Fill","hd":false},{"ty":"tr","p":{"a":0,"k":[45.944,259.302],"ix":2},"a":{"a":0,"k":[0,0],"ix":1},"s":{"a":0,"k":[100,100],"ix":3},"r":{"a":0,"k":0,"ix":6},"o":{"a":0,"k":100,"ix":7},"sk":{"a":0,"k":0,"ix":4},"sa":{"a":0,"k":0,"ix":5},"nm":"Transform"}],"nm":"Group 5","np":2,"cix":2,"bm":0,"ix":5,"mn":"ADBE Vector Group","hd":false},{"ty":"gr","it":[{"ind":0,"ty":"sh","ix":1,"ks":{"a":0,"k":{"i":[[4.673,-2.158],[-0.538,0.832],[0.407,2.706],[-1.886,-0.564]],"o":[[-0.336,-1.208],[1.482,-2.289],[1.218,-0.341],[-1.778,4.087]],"v":[[-3.365,5.698],[-2.247,2.913],[-0.527,-4.525],[3.701,-5.134]],"c":true},"ix":2},"nm":"Path 1","mn":"ADBE Vector Shape - Group","hd":false},{"ty":"fl","c":{"a":0,"k":[0.666666666667,0.84313731474,0.917647118662,1],"ix":4},"o":{"a":0,"k":100,"ix":5},"r":1,"bm":0,"nm":"Fill 1","mn":"ADBE Vector Graphic - Fill","hd":false},{"ty":"tr","p":{"a":0,"k":[143.965,147.22],"ix":2},"a":{"a":0,"k":[0,0],"ix":1},"s":{"a":0,"k":[100,100],"ix":3},"r":{"a":0,"k":0,"ix":6},"o":{"a":0,"k":100,"ix":7},"sk":{"a":0,"k":0,"ix":4},"sa":{"a":0,"k":0,"ix":5},"nm":"Transform"}],"nm":"Group 6","np":2,"cix":2,"bm":0,"ix":6,"mn":"ADBE Vector Group","hd":false},{"ty":"gr","it":[{"ind":0,"ty":"sh","ix":1,"ks":{"a":0,"k":{"i":[[15.147,-5.999],[-1.54,0.73],[-4.765,1.174],[-14.727,3.611],[-4.169,1.655],[-0.099,5.757],[-2.378,0.537],[0.143,-0.73],[1.399,-1.268],[3.997,-1.513],[8.481,-1.005]],"o":[[-0.062,-1.883],[4.421,-2.094],[14.723,-3.626],[4.373,-1.073],[5.283,-2.098],[1.681,0.875],[1.084,-0.244],[-0.369,1.883],[-3.171,2.871],[-8.074,3.056],[-16.245,1.925]],"v":[[-42.864,16.49],[-40.226,12.948],[-26.543,7.801],[17.629,-3.075],[30.368,-7.382],[36.57,-16.49],[41.842,-14.329],[42.745,-12.613],[39.877,-7.986],[29.079,-1.518],[4.094,4.359]],"c":true},"ix":2},"nm":"Path 1","mn":"ADBE Vector Shape - Group","hd":false},{"ty":"fl","c":{"a":0,"k":[0.666666666667,0.84313731474,0.917647118662,1],"ix":4},"o":{"a":0,"k":100,"ix":5},"r":1,"bm":0,"nm":"Fill 1","mn":"ADBE Vector Graphic - Fill","hd":false},{"ty":"tr","p":{"a":0,"k":[164.272,129.028],"ix":2},"a":{"a":0,"k":[0,0],"ix":1},"s":{"a":0,"k":[100,100],"ix":3},"r":{"a":0,"k":0,"ix":6},"o":{"a":0,"k":100,"ix":7},"sk":{"a":0,"k":0,"ix":4},"sa":{"a":0,"k":0,"ix":5},"nm":"Transform"}],"nm":"Group 7","np":2,"cix":2,"bm":0,"ix":7,"mn":"ADBE Vector Group","hd":false},{"ty":"gr","it":[{"ind":0,"ty":"sh","ix":1,"ks":{"a":0,"k":{"i":[[-2.157,-0.185],[0.068,-0.194],[2.098,0.029]],"o":[[0.011,0.205],[-2.106,-0.028],[2.094,-0.687]],"v":[[3.191,-0.208],[3.106,0.392],[-3.201,0.307]],"c":true},"ix":2},"nm":"Path 1","mn":"ADBE Vector Shape - Group","hd":false},{"ty":"fl","c":{"a":0,"k":[0.647058823529,0.658823529412,0.658823529412,1],"ix":4},"o":{"a":0,"k":100,"ix":5},"r":1,"bm":0,"nm":"Fill 1","mn":"ADBE Vector Graphic - Fill","hd":false},{"ty":"tr","p":{"a":0,"k":[160.309,6.254],"ix":2},"a":{"a":0,"k":[0,0],"ix":1},"s":{"a":0,"k":[100,100],"ix":3},"r":{"a":0,"k":0,"ix":6},"o":{"a":0,"k":100,"ix":7},"sk":{"a":0,"k":0,"ix":4},"sa":{"a":0,"k":0,"ix":5},"nm":"Transform"}],"nm":"Group 8","np":2,"cix":2,"bm":0,"ix":8,"mn":"ADBE Vector Group","hd":false},{"ty":"gr","it":[{"ind":0,"ty":"sh","ix":1,"ks":{"a":0,"k":{"i":[[-4.563,2.568],[-0.521,0.007],[0.373,-2.768],[1.227,-3.298],[0.364,-1.263],[0.958,0.098],[-0.014,1.01],[-0.09,0.38]],"o":[[0.52,-0.086],[2.309,-0.032],[-3.858,0.831],[-0.456,1.227],[-0.236,0.815],[-1.171,-0.118],[0.006,-0.393],[1.1,-4.694]],"v":[[1.686,-7.34],[3.245,-7.585],[5.247,-4.741],[-1.463,2.357],[-2.524,6.153],[-4.172,7.52],[-5.606,5.538],[-5.502,4.361]],"c":true},"ix":2},"nm":"Path 1","mn":"ADBE Vector Shape - Group","hd":false},{"ty":"fl","c":{"a":0,"k":[0.035294117647,0.047058827269,0.050980395897,1],"ix":4},"o":{"a":0,"k":100,"ix":5},"r":1,"bm":0,"nm":"Fill 1","mn":"ADBE Vector Graphic - Fill","hd":false},{"ty":"tr","p":{"a":0,"k":[201.667,25.501],"ix":2},"a":{"a":0,"k":[0,0],"ix":1},"s":{"a":0,"k":[100,100],"ix":3},"r":{"a":0,"k":0,"ix":6},"o":{"a":0,"k":100,"ix":7},"sk":{"a":0,"k":0,"ix":4},"sa":{"a":0,"k":0,"ix":5},"nm":"Transform"}],"nm":"Group 9","np":2,"cix":2,"bm":0,"ix":9,"mn":"ADBE Vector Group","hd":false},{"ty":"gr","it":[{"ind":0,"ty":"sh","ix":1,"ks":{"a":0,"k":{"i":[[-3.636,0.011],[-2.864,-2.868],[0.755,-0.796],[0.742,0.74],[1.801,0.865],[2.247,-2.535],[0.872,0.46],[-0.048,0.867]],"o":[[3.745,0.339],[0.719,0.72],[-0.755,0.799],[-1.419,-1.416],[-2.901,-1.394],[-0.569,0.643],[-0.777,-0.408],[0.138,-2.493]],"v":[[-2.263,-4.317],[7.616,1.02],[7.742,3.518],[5.286,3.473],[0.491,0.011],[-5.399,1.319],[-7.425,1.98],[-8.448,0.003]],"c":true},"ix":2},"nm":"Path 1","mn":"ADBE Vector Shape - Group","hd":false},{"ty":"fl","c":{"a":0,"k":[0.035294117647,0.047058827269,0.050980395897,1],"ix":4},"o":{"a":0,"k":100,"ix":5},"r":1,"bm":0,"nm":"Fill 1","mn":"ADBE Vector Graphic - Fill","hd":false},{"ty":"tr","p":{"a":0,"k":[172.196,79],"ix":2},"a":{"a":0,"k":[0,0],"ix":1},"s":{"a":0,"k":[100,100],"ix":3},"r":{"a":0,"k":0,"ix":6},"o":{"a":0,"k":100,"ix":7},"sk":{"a":0,"k":0,"ix":4},"sa":{"a":0,"k":0,"ix":5},"nm":"Transform"}],"nm":"Group 10","np":2,"cix":2,"bm":0,"ix":10,"mn":"ADBE Vector Group","hd":false},{"ty":"gr","it":[{"ind":0,"ty":"sh","ix":1,"ks":{"a":0,"k":{"i":[[-0.336,-3.363],[0.056,-0.788],[1.585,-0.485],[0.817,1.111],[-0.555,5.207],[-0.179,0.491],[-1.967,0.145],[-0.813,-1.426]],"o":[[-0.101,1.386],[-0.111,1.571],[-1.408,0.431],[-2.932,-3.987],[0.055,-0.518],[0.622,-1.7],[1.778,-0.131],[2.001,3.513]],"v":[[5.628,3.271],[5.413,6.234],[3.104,9.571],[-0.42,8.35],[-5.073,-5.1],[-4.699,-6.63],[-1.123,-9.87],[2.703,-7.505]],"c":true},"ix":2},"nm":"Path 1","mn":"ADBE Vector Shape - Group","hd":false},{"ty":"fl","c":{"a":0,"k":[0.035294117647,0.047058827269,0.050980395897,1],"ix":4},"o":{"a":0,"k":100,"ix":5},"r":1,"bm":0,"nm":"Fill 1","mn":"ADBE Vector Graphic - Fill","hd":false},{"ty":"tr","p":{"a":0,"k":[209.895,54.999],"ix":2},"a":{"a":0,"k":[0,0],"ix":1},"s":{"a":0,"k":[100,100],"ix":3},"r":{"a":0,"k":0,"ix":6},"o":{"a":0,"k":100,"ix":7},"sk":{"a":0,"k":0,"ix":4},"sa":{"a":0,"k":0,"ix":5},"nm":"Transform"}],"nm":"Group 11","np":2,"cix":2,"bm":0,"ix":11,"mn":"ADBE Vector Group","hd":false},{"ty":"gr","it":[{"ind":0,"ty":"sh","ix":1,"ks":{"a":0,"k":{"i":[[0.463,1.72],[-0.955,2.221],[-0.725,4.554],[0.22,5.793],[-0.138,3.448],[-5.127,0.263],[-0.081,-5.046],[3.639,-9.554],[4.569,-4]],"o":[[2.675,-1.02],[1.831,-4.254],[0.914,-5.738],[-0.129,-3.411],[0.197,-4.92],[-2.448,4.574],[0.161,10.067],[-2.059,5.402],[-0.814,-1.711]],"v":[[-7.24,24.392],[-2.956,18.562],[0.518,5.211],[1.323,-12.119],[0.566,-22.341],[7.917,-29.584],[5.307,-15.017],[1.329,14.609],[-7.104,29.584]],"c":true},"ix":2},"nm":"Path 1","mn":"ADBE Vector Shape - Group","hd":false},{"ty":"fl","c":{"a":0,"k":[0.666666666667,0.84313731474,0.917647118662,1],"ix":4},"o":{"a":0,"k":100,"ix":5},"r":1,"bm":0,"nm":"Fill 1","mn":"ADBE Vector Graphic - Fill","hd":false},{"ty":"tr","p":{"a":0,"k":[54.185,328.411],"ix":2},"a":{"a":0,"k":[0,0],"ix":1},"s":{"a":0,"k":[100,100],"ix":3},"r":{"a":0,"k":0,"ix":6},"o":{"a":0,"k":100,"ix":7},"sk":{"a":0,"k":0,"ix":4},"sa":{"a":0,"k":0,"ix":5},"nm":"Transform"}],"nm":"Group 12","np":2,"cix":2,"bm":0,"ix":12,"mn":"ADBE Vector Group","hd":false},{"ty":"gr","it":[{"ind":0,"ty":"sh","ix":1,"ks":{"a":0,"k":{"i":[[-2.714,-2.013],[0.264,-1.339],[1.694,-1.871],[16.533,0.027],[3.455,1.465],[-1.484,-0.112],[-11.308,7.621],[-2.78,4.346]],"o":[[-1.018,0.658],[-0.494,2.498],[-10.872,12.004],[-3.702,-0.006],[1.155,-1.129],[14.264,1.078],[4.376,-2.949],[1.881,-2.942]],"v":[[28.448,-13.243],[26.444,-10.497],[22.97,-3.907],[-17.635,15.229],[-28.448,13.184],[-24.386,12.155],[13.018,-0.532],[22.902,-12.217]],"c":true},"ix":2},"nm":"Path 1","mn":"ADBE Vector Shape - Group","hd":false},{"ty":"fl","c":{"a":0,"k":[0.666666666667,0.84313731474,0.917647118662,1],"ix":4},"o":{"a":0,"k":100,"ix":5},"r":1,"bm":0,"nm":"Fill 1","mn":"ADBE Vector Graphic - Fill","hd":false},{"ty":"tr","p":{"a":0,"k":[96.515,111.384],"ix":2},"a":{"a":0,"k":[0,0],"ix":1},"s":{"a":0,"k":[100,100],"ix":3},"r":{"a":0,"k":0,"ix":6},"o":{"a":0,"k":100,"ix":7},"sk":{"a":0,"k":0,"ix":4},"sa":{"a":0,"k":0,"ix":5},"nm":"Transform"}],"nm":"Group 13","np":2,"cix":2,"bm":0,"ix":13,"mn":"ADBE Vector Group","hd":false},{"ty":"gr","it":[{"ind":0,"ty":"sh","ix":1,"ks":{"a":0,"k":{"i":[[-6.149,-0.144],[-1.527,-4.082],[6.015,-0.758],[0.368,5.94]],"o":[[5.991,-0.084],[1.992,5.327],[-5.898,0.742],[-0.364,-5.873]],"v":[[-1.23,-10.585],[9.76,-2.363],[1.284,9.987],[-11.388,-0.525]],"c":true},"ix":2},"nm":"Path 1","mn":"ADBE Vector Shape - Group","hd":false},{"ty":"fl","c":{"a":0,"k":[0.878431432387,0.423529441684,0.160784313725,1],"ix":4},"o":{"a":0,"k":100,"ix":5},"r":1,"bm":0,"nm":"Fill 1","mn":"ADBE Vector Graphic - Fill","hd":false},{"ty":"tr","p":{"a":0,"k":[172.644,61.058],"ix":2},"a":{"a":0,"k":[0,0],"ix":1},"s":{"a":0,"k":[100,100],"ix":3},"r":{"a":0,"k":0,"ix":6},"o":{"a":0,"k":100,"ix":7},"sk":{"a":0,"k":0,"ix":4},"sa":{"a":0,"k":0,"ix":5},"nm":"Transform"}],"nm":"Group 14","np":2,"cix":2,"bm":0,"ix":14,"mn":"ADBE Vector Group","hd":false},{"ty":"gr","it":[{"ind":0,"ty":"sh","ix":1,"ks":{"a":0,"k":{"i":[[-1.376,0.145],[-0.615,1.534],[1.406,1.409],[-1.939,1.716],[-0.316,0.41],[1.036,1.642],[1.636,-0.528],[0.7,-0.357],[0.541,2.734],[0.918,0.998],[1.551,-0.505],[-0.623,-2.872],[-0.128,-0.775],[1.603,0.709],[1.034,0.58],[1.026,-0.918],[-0.206,-1.239],[-1.251,-0.551],[-1.111,-0.408],[1.125,-2.113],[-1.37,-1.464],[-1.831,0.766],[-0.71,1.519],[-1.822,-1.111]],"o":[[1.682,0.112],[0.719,-1.792],[-1.93,-1.933],[0.395,-0.349],[1.006,-1.305],[-1.026,-1.628],[-0.743,0.24],[-2.536,1.293],[-0.266,-1.342],[-1.069,-1.162],[-2.766,0.902],[0.168,0.772],[0.283,1.707],[-1.076,-0.475],[-1.143,-0.641],[-0.985,0.882],[0.237,1.43],[1.078,0.475],[2.241,0.824],[-1.037,1.948],[1.449,1.55],[1.522,-0.636],[0.785,-1.677],[1.125,0.686]],"v":[[10.631,9.509],[13.979,7.294],[13.015,2.624],[13.09,-1.091],[14.268,-2.144],[14.988,-6.487],[10.803,-7.681],[8.659,-6.699],[5.354,-8.188],[3.762,-11.741],[-0.182,-12.876],[-4.123,-5.939],[-3.44,-3.664],[-5.783,-1.849],[-8.848,-3.648],[-12.142,-3.378],[-13.14,-0.122],[-10.723,2.81],[-7.342,3.902],[-5.994,7.218],[-5.328,12.29],[-0.193,13.015],[3.054,9.715],[6.876,8.489]],"c":true},"ix":2},"nm":"Path 1","mn":"ADBE Vector Shape - Group","hd":false},{"ind":1,"ty":"sh","ix":2,"ks":{"a":0,"k":{"i":[[0.033,-5.726],[-0.307,-3.621],[4.764,0.997],[1.686,-1.633],[3.089,2.031],[-0.209,2.389],[2.151,0.897],[0.655,1.346],[-5.053,0.046],[-0.309,1.835],[-1.419,1.256],[-3.023,-4.457],[-2.069,0.41]],"o":[[-1.189,2.75],[0.401,4.735],[-2.349,-0.492],[-3.077,2.98],[-1.992,-1.311],[0.226,-2.593],[-1.366,-0.569],[-2.213,-4.548],[1.816,-0.017],[0.311,-1.849],[4.011,-3.553],[0.968,1.427],[4.904,-0.974]],"v":[[17.983,-3.949],[17.522,5.876],[9.073,12.712],[3.641,14.317],[-6.528,15.568],[-9.812,10.043],[-12.864,5.363],[-15.803,2.259],[-10.131,-7.294],[-7.287,-9.481],[-4.314,-14.046],[7.148,-12.7],[10.817,-10.852]],"c":true},"ix":2},"nm":"Path 2","mn":"ADBE Vector Shape - Group","hd":false},{"ty":"mm","mm":1,"nm":"Merge Paths 1","mn":"ADBE Vector Filter - Merge","hd":false},{"ty":"fl","c":{"a":0,"k":[0.035294117647,0.047058827269,0.050980395897,1],"ix":4},"o":{"a":0,"k":100,"ix":5},"r":1,"bm":0,"nm":"Fill 1","mn":"ADBE Vector Graphic - Fill","hd":false},{"ty":"tr","p":{"a":0,"k":[140.917,29.232],"ix":2},"a":{"a":0,"k":[0,0],"ix":1},"s":{"a":0,"k":[100,100],"ix":3},"r":{"a":0,"k":0,"ix":6},"o":{"a":0,"k":100,"ix":7},"sk":{"a":0,"k":0,"ix":4},"sa":{"a":0,"k":0,"ix":5},"nm":"Transform"}],"nm":"Group 15","np":4,"cix":2,"bm":0,"ix":15,"mn":"ADBE Vector Group","hd":false},{"ty":"gr","it":[{"ind":0,"ty":"sh","ix":1,"ks":{"a":0,"k":{"i":[[-1.018,0.658],[0.695,-1.954],[1.955,-2.185],[16.808,-0.663],[6.043,2.921],[-2.479,6.081],[-2.065,2.754],[-2.559,7.392],[-0.272,1.83],[-1.134,-0.113],[-0.118,-1.011],[0.426,-1.403],[5.336,-7.187],[1.194,-2.513],[-5.157,-2.322],[-1.245,-0.42],[-3.702,-0.006],[-10.872,12.004],[-0.494,2.498]],"o":[[1.958,0.855],[-0.986,2.771],[-11.052,12.343],[-6.699,0.264],[-5.888,-2.846],[1.303,-3.197],[4.726,-6.302],[0.609,-1.759],[0.147,-0.989],[1.072,0.107],[0.171,1.468],[-2.583,8.521],[-1.656,2.231],[-2.465,5.193],[1.193,0.537],[3.455,1.465],[16.533,0.027],[1.694,-1.871],[0.264,-1.339]],"v":[[34.294,-5.051],[35.886,-0.862],[31.69,6.71],[-9.692,27.175],[-28.87,23.095],[-34.103,9.289],[-28.8,0.495],[-18.361,-20.292],[-17.216,-25.703],[-15.338,-27.326],[-13.622,-25.459],[-14.166,-21.171],[-25.637,2.592],[-30.075,9.607],[-26.329,20.096],[-22.603,21.375],[-11.789,23.42],[28.816,4.284],[32.289,-2.305]],"c":true},"ix":2},"nm":"Path 1","mn":"ADBE Vector Shape - Group","hd":false},{"ty":"fl","c":{"a":0,"k":[0.035294117647,0.047058827269,0.050980395897,1],"ix":4},"o":{"a":0,"k":100,"ix":5},"r":1,"bm":0,"nm":"Fill 1","mn":"ADBE Vector Graphic - Fill","hd":false},{"ty":"tr","p":{"a":0,"k":[90.669,103.192],"ix":2},"a":{"a":0,"k":[0,0],"ix":1},"s":{"a":0,"k":[100,100],"ix":3},"r":{"a":0,"k":0,"ix":6},"o":{"a":0,"k":100,"ix":7},"sk":{"a":0,"k":0,"ix":4},"sa":{"a":0,"k":0,"ix":5},"nm":"Transform"}],"nm":"Group 16","np":2,"cix":2,"bm":0,"ix":16,"mn":"ADBE Vector Group","hd":false},{"ty":"gr","it":[{"ind":0,"ty":"sh","ix":1,"ks":{"a":0,"k":{"i":[[0.011,0.205],[-4.181,1.102],[-1.622,-0.167],[-5.091,-1.454],[-5.417,-14.855],[-1.338,-4.961],[-6.4,-3.556],[-1.031,-0.59],[6.366,-7.134],[1.511,-0.655],[-0.353,1.538],[4.997,3.423],[3.6,3.029],[0.801,3.371],[1.069,3.944],[7.488,6.725],[2.309,-0.033],[0.52,-0.086],[10.029,1.446],[3.87,0.903]],"o":[[4.126,-0.915],[1.1,-0.289],[5.254,0.54],[15.127,4.317],[1.762,4.832],[1.953,7.234],[1.039,0.577],[5.8,3.322],[-1.05,1.177],[0.403,-1.526],[1.348,-5.887],[-3.813,-2.613],[-2.647,-2.226],[-0.944,-3.973],[-2.616,-9.661],[0.373,-2.768],[-0.521,0.007],[-8.511,-5.803],[-3.919,-0.565],[0.068,-0.194]],"v":[[-46.59,-42.058],[-34.028,-42.95],[-29.645,-41.765],[-14.071,-38.948],[16.99,-10.381],[21.805,4.283],[34.588,20.124],[37.664,21.927],[40.308,40.139],[36.764,43.239],[37.966,38.658],[32.097,24.295],[20.175,17.325],[14.947,9.212],[11.716,-2.612],[-3.175,-27.346],[-5.177,-30.189],[-6.736,-29.943],[-34.914,-39.79],[-46.674,-41.458]],"c":true},"ix":2},"nm":"Path 1","mn":"ADBE Vector Shape - Group","hd":false},{"ty":"fl","c":{"a":0,"k":[0.666666666667,0.84313731474,0.917647118662,1],"ix":4},"o":{"a":0,"k":100,"ix":5},"r":1,"bm":0,"nm":"Fill 1","mn":"ADBE Vector Graphic - Fill","hd":false},{"ty":"tr","p":{"a":0,"k":[210.089,48.105],"ix":2},"a":{"a":0,"k":[0,0],"ix":1},"s":{"a":0,"k":[100,100],"ix":3},"r":{"a":0,"k":0,"ix":6},"o":{"a":0,"k":100,"ix":7},"sk":{"a":0,"k":0,"ix":4},"sa":{"a":0,"k":0,"ix":5},"nm":"Transform"}],"nm":"Group 17","np":2,"cix":2,"bm":0,"ix":17,"mn":"ADBE Vector Group","hd":false},{"ty":"gr","it":[{"ind":0,"ty":"sh","ix":1,"ks":{"a":0,"k":{"i":[[0,0],[-1.446,-0.49],[-5.446,-0.948],[-5.526,-0.197],[-4.612,-1.144],[-2.331,-2.552],[0.117,-3.12],[2.143,-0.519],[8.468,-2.533],[4.64,-5.006],[0.196,-4.92],[-0.129,-3.411],[0.913,-5.738],[1.83,-4.254],[2.676,-1.02],[1.368,2.648],[0.474,11.546],[-1.61,8.676],[2.331,6.796],[-0.295,9.969],[-10.25,15.992],[-12.853,10.11],[-7.648,4.477],[-6.456,5.034],[-9.329,5.83],[-9.988,1.723],[-1.31,0.172],[-8.24,-2.582],[-0.904,-0.977],[-1.971,-2.118],[5.283,-2.097],[4.372,-1.072],[14.723,-3.626],[4.421,-2.094],[-0.062,-1.883],[6.777,-3.513],[11.083,-11.416],[5.648,-14.352],[0.587,-4.463],[-1.186,-1.217],[0.501,-0.503],[-0.413,-1.914],[-4.373,-3.482],[-0.09,-1.453],[-0.714,-0.282],[-0.001,0.001],[-0.754,0.054]],"o":[[0.366,1.98],[5.276,1.79],[5.502,0.959],[4.739,0.167],[3.226,0.8],[2.026,2.219],[-1.747,1.593],[-8.567,2.074],[-6.363,1.903],[-5.128,0.263],[-0.139,3.448],[0.22,5.793],[-0.725,4.554],[-0.956,2.22],[-3.254,-0.969],[-5.278,-10.217],[-0.357,-8.717],[1.292,-6.959],[-3.236,-9.432],[0.551,-18.648],[8.916,-13.911],[6.986,-5.495],[7.115,-4.166],[8.647,-6.74],[8.424,-5.265],[1.3,-0.224],[4.111,7.459],[1.307,0.41],[1.965,2.123],[-0.098,5.757],[-4.169,1.656],[-14.728,3.612],[-4.766,1.174],[-1.54,0.729],[-6.935,3.21],[-13.972,7.243],[-10.665,10.985],[-1.652,4.197],[-0.189,1.433],[0.406,0.416],[-1.678,1.68],[1.195,5.544],[0.832,0.663],[0.714,0.281],[0,0],[0.424,0.679],[0,0]],"v":[[-64.746,39.852],[-61.184,42.52],[-44.917,45.683],[-28.349,46.498],[-14.264,48.216],[-5.694,52.879],[-2.353,60.65],[-8.523,63.028],[-34.34,68.742],[-51.354,78.184],[-58.705,85.427],[-57.95,95.65],[-58.754,112.98],[-62.227,126.331],[-66.513,132.161],[-72.585,125.744],[-81.691,93.16],[-80.348,67.082],[-82.292,46.393],[-87.089,17.201],[-72.089,-35.078],[-38.674,-70.261],[-16.531,-84.906],[3.049,-99.73],[29.041,-119.881],[56.158,-131.637],[60.084,-132.161],[78.298,-116.73],[81.472,-114.46],[87.384,-108.105],[81.183,-98.997],[68.444,-94.69],[24.272,-83.814],[10.589,-78.666],[7.951,-75.125],[-12.825,-65.444],[-51.315,-38.682],[-76.441,-1.102],[-79.727,11.903],[-79.094,16.024],[-79.022,17.284],[-79.66,22.878],[-70.921,36.151],[-68.585,38.404],[-66.442,39.248],[-66.594,39.123],[-64.777,39.946]],"c":true},"ix":2},"nm":"Path 1","mn":"ADBE Vector Shape - Group","hd":false},{"ty":"fl","c":{"a":0,"k":[0.439215716194,0.800000059838,0.913725550034,1],"ix":4},"o":{"a":0,"k":100,"ix":5},"r":1,"bm":0,"nm":"Fill 1","mn":"ADBE Vector Graphic - Fill","hd":false},{"ty":"tr","p":{"a":0,"k":[113.457,220.642],"ix":2},"a":{"a":0,"k":[0,0],"ix":1},"s":{"a":0,"k":[100,100],"ix":3},"r":{"a":0,"k":0,"ix":6},"o":{"a":0,"k":100,"ix":7},"sk":{"a":0,"k":0,"ix":4},"sa":{"a":0,"k":0,"ix":5},"nm":"Transform"}],"nm":"Group 18","np":2,"cix":2,"bm":0,"ix":18,"mn":"ADBE Vector Group","hd":false},{"ty":"gr","it":[{"ind":0,"ty":"sh","ix":1,"ks":{"a":0,"k":{"i":[[0.138,0.549],[-3.641,0.87],[1.482,-2.289],[-0.336,-1.208],[0,0],[0.172,-0.458],[0.69,1.421],[1.742,0.422]],"o":[[3.397,-1.611],[0.407,2.706],[-0.538,0.832],[0,0],[-0.568,-0.055],[-1.949,0.292],[-0.683,-1.404],[-0.137,-0.55]],"v":[[-5.518,-2.105],[5.112,-5.605],[3.391,1.834],[2.274,4.619],[2.321,4.549],[1.333,5.313],[-2.125,2.839],[-5.107,-0.456]],"c":true},"ix":2},"nm":"Path 1","mn":"ADBE Vector Shape - Group","hd":false},{"ty":"fl","c":{"a":0,"k":[0.003921568627,0.58431372549,0.827451040231,1],"ix":4},"o":{"a":0,"k":100,"ix":5},"r":1,"bm":0,"nm":"Fill 1","mn":"ADBE Vector Graphic - Fill","hd":false},{"ty":"tr","p":{"a":0,"k":[138.326,148.3],"ix":2},"a":{"a":0,"k":[0,0],"ix":1},"s":{"a":0,"k":[100,100],"ix":3},"r":{"a":0,"k":0,"ix":6},"o":{"a":0,"k":100,"ix":7},"sk":{"a":0,"k":0,"ix":4},"sa":{"a":0,"k":0,"ix":5},"nm":"Transform"}],"nm":"Group 19","np":2,"cix":2,"bm":0,"ix":19,"mn":"ADBE Vector Group","hd":false},{"ty":"gr","it":[{"ind":0,"ty":"sh","ix":1,"ks":{"a":0,"k":{"i":[[-0.324,0.238],[-1.992,-0.025],[-2.242,-0.002],[-8.299,-2.211],[-3.772,-3.043],[-0.942,-1.625],[3.091,-2.665],[2.026,2.219],[3.226,0.8],[4.739,0.168],[5.502,0.959],[5.275,1.79],[0.365,1.98],[-2.666,0.025],[-0.657,3.031]],"o":[[0.264,2.056],[2.241,0.029],[8.426,0.009],[4.627,1.232],[1.441,1.163],[1.883,3.247],[0.117,-3.121],[-2.331,-2.553],[-4.612,-1.145],[-5.526,-0.196],[-5.445,-0.948],[-1.447,-0.491],[2.586,0.469],[2.545,-0.024],[0.33,0.225]],"v":[[-20.851,-11.385],[-17.349,-8.385],[-10.626,-8.333],[14.567,-6.839],[27.362,-0.853],[31.095,3.198],[29.415,11.385],[26.075,3.614],[17.504,-1.049],[3.42,-2.768],[-13.149,-3.582],[-29.416,-6.745],[-32.978,-9.413],[-25.191,-8.165],[-21.833,-11.375]],"c":true},"ix":2},"nm":"Path 1","mn":"ADBE Vector Shape - Group","hd":false},{"ty":"fl","c":{"a":0,"k":[0.666666666667,0.84313731474,0.917647118662,1],"ix":4},"o":{"a":0,"k":100,"ix":5},"r":1,"bm":0,"nm":"Fill 1","mn":"ADBE Vector Graphic - Fill","hd":false},{"ty":"tr","p":{"a":0,"k":[81.689,269.908],"ix":2},"a":{"a":0,"k":[0,0],"ix":1},"s":{"a":0,"k":[100,100],"ix":3},"r":{"a":0,"k":0,"ix":6},"o":{"a":0,"k":100,"ix":7},"sk":{"a":0,"k":0,"ix":4},"sa":{"a":0,"k":0,"ix":5},"nm":"Transform"}],"nm":"Group 20","np":2,"cix":2,"bm":0,"ix":20,"mn":"ADBE Vector Group","hd":false},{"ty":"gr","it":[{"ind":0,"ty":"sh","ix":1,"ks":{"a":0,"k":{"i":[[0.621,-0.207],[-3.087,1.472],[-13.207,0.45],[-4.822,-0.968],[-1.862,-1.018],[-1.194,0.891],[-1.768,-0.821],[3.82,-1.903],[4.661,0.733],[3.981,0.117],[11.629,-5.867]],"o":[[1.837,-3.109],[11.941,-5.697],[4.881,-0.166],[2.08,0.418],[1.309,0.716],[2.048,-0.099],[-3.502,2.481],[-4.161,-2.685],[-3.905,-0.614],[-13.147,-0.383],[-0.578,0.292]],"v":[[-37.751,7.755],[-29.816,1.489],[7.963,-7.589],[22.538,-6.687],[28.528,-4.745],[32.211,-4.896],[37.751,-3.207],[26.582,3.04],[12.907,-0.582],[1.081,-1.784],[-35.894,7.124]],"c":true},"ix":2},"nm":"Path 1","mn":"ADBE Vector Shape - Group","hd":false},{"ty":"fl","c":{"a":0,"k":[0.666666666667,0.84313731474,0.917647118662,1],"ix":4},"o":{"a":0,"k":100,"ix":5},"r":1,"bm":0,"nm":"Fill 1","mn":"ADBE Vector Graphic - Fill","hd":false},{"ty":"tr","p":{"a":0,"k":[62.21,21.917],"ix":2},"a":{"a":0,"k":[0,0],"ix":1},"s":{"a":0,"k":[100,100],"ix":3},"r":{"a":0,"k":0,"ix":6},"o":{"a":0,"k":100,"ix":7},"sk":{"a":0,"k":0,"ix":4},"sa":{"a":0,"k":0,"ix":5},"nm":"Transform"}],"nm":"Group 21","np":2,"cix":2,"bm":0,"ix":21,"mn":"ADBE Vector Group","hd":false},{"ty":"gr","it":[{"ind":0,"ty":"sh","ix":1,"ks":{"a":0,"k":{"i":[[1.206,3.073],[-0.62,0.756],[-2.059,5.402],[0.161,10.067],[-2.447,4.574],[-6.363,1.903],[-8.566,2.074],[-1.745,1.593],[1.883,3.247],[1.442,1.163],[4.627,1.232],[8.427,0.008],[2.241,0.029],[0.264,2.055],[-1.205,-0.097],[-8.313,-0.75],[-5.732,-2.903],[-2.329,-2.758],[8.247,-2.94],[6.34,-1.261],[4.876,-1.681],[2.716,-2.17],[0.101,-2.8],[0.205,-5.806],[5.673,-9.916],[1.947,-1.617]],"o":[[0.62,-0.757],[4.569,-4],[3.64,-9.554],[-0.081,-5.046],[4.641,-5.005],[8.467,-2.532],[2.144,-0.518],[3.092,-2.664],[-0.942,-1.625],[-3.771,-3.043],[-8.3,-2.211],[-2.241,-0.002],[-1.992,-0.026],[0.736,-0.782],[8.304,0.668],[6.386,0.576],[3.216,1.63],[5.654,6.697],[-6.108,2.176],[-5.055,1.004],[-3.283,1.131],[-2.228,1.78],[-0.208,5.805],[-0.404,11.447],[-1.257,2.196],[-2.226,1.847]],"v":[[-37.763,50.089],[-35.903,47.821],[-27.471,32.846],[-23.493,3.22],[-20.882,-11.349],[-3.867,-20.791],[21.949,-26.504],[28.118,-28.882],[29.799,-37.067],[26.066,-41.12],[13.272,-47.105],[-11.922,-48.6],[-18.645,-48.651],[-22.147,-51.65],[-19.448,-53.045],[5.488,-52.788],[23.71,-47.833],[32.109,-41.317],[27.451,-23.52],[8.538,-19.283],[-6.378,-15.338],[-15.32,-10.349],[-18.751,-3.526],[-19.382,13.89],[-28.672,45.883],[-33.404,51.69]],"c":true},"ix":2},"nm":"Path 1","mn":"ADBE Vector Shape - Group","hd":false},{"ty":"fl","c":{"a":0,"k":[0.035294117647,0.047058827269,0.050980395897,1],"ix":4},"o":{"a":0,"k":100,"ix":5},"r":1,"bm":0,"nm":"Fill 1","mn":"ADBE Vector Graphic - Fill","hd":false},{"ty":"tr","p":{"a":0,"k":[82.985,310.174],"ix":2},"a":{"a":0,"k":[0,0],"ix":1},"s":{"a":0,"k":[100,100],"ix":3},"r":{"a":0,"k":0,"ix":6},"o":{"a":0,"k":100,"ix":7},"sk":{"a":0,"k":0,"ix":4},"sa":{"a":0,"k":0,"ix":5},"nm":"Transform"}],"nm":"Group 22","np":2,"cix":2,"bm":0,"ix":22,"mn":"ADBE Vector Group","hd":false},{"ty":"gr","it":[{"ind":0,"ty":"sh","ix":1,"ks":{"a":0,"k":{"i":[[1.837,-3.109],[-5.149,-4.306],[-4.888,-2.354],[-2.043,-3.409],[-0.939,0.833],[-1.247,-1.299],[0.92,-0.993],[5.871,-8.828],[3.292,-26.584],[-5.457,-25.639],[-1.221,-4.87],[-1.14,-2.552],[1.586,-6.871],[0.845,-4.811],[-9.337,-16.546],[-5.893,-3.224],[-0.717,-0.578],[2.386,1.273],[2.711,3.349],[2.309,12.538],[-2.702,11.466],[-0.613,2.018],[2.009,6.283],[-1.902,31.713],[-24.002,29.719],[4.347,3.187],[1.404,0.727],[4.278,3.394],[-4.192,5.403],[-3.986,1.867],[-10.147,1.361],[-7.907,-1.25],[-2.543,-1.177],[0.588,-2.083],[1.309,0.716],[2.08,0.418],[4.881,-0.166],[11.941,-5.697]],"o":[[-4.217,5.437],[4.19,3.504],[3.532,1.701],[1.617,-0.068],[1.25,-1.112],[1.27,1.322],[-7.21,7.774],[-14.841,22.319],[-3.242,26.17],[1.045,4.909],[0.675,2.688],[2.802,6.278],[-1.1,4.763],[-3.275,18.644],[3.241,5.744],[0.795,0.436],[-0.797,3.067],[-3.757,-2.005],[-8.106,-10.011],[-2.138,-11.611],[0.484,-2.059],[1.924,-6.329],[-9.619,-30.086],[2.289,-38.191],[3.348,-4.147],[-1.268,-0.929],[-4.819,-2.494],[-8.23,-6.53],[2.75,-3.546],[9.294,-4.354],[7.895,-1.06],[2.754,0.436],[1.753,0.813],[-1.194,0.891],[-1.862,-1.018],[-4.822,-0.968],[-13.207,0.45],[-3.087,1.472]],"v":[[-23.352,-157.206],[-22.08,-143.582],[-8.212,-135.173],[0.363,-127.806],[3.406,-130.156],[7.233,-130.422],[6.498,-127.029],[-12.994,-102.039],[-39.93,-28.653],[-35.469,48.963],[-31.907,63.598],[-29.107,71.398],[-26.725,91.115],[-29.831,105.447],[-20.956,158.294],[-7.721,172.169],[-5.558,173.884],[-9.439,176.169],[-19.302,168.31],[-34.28,134.184],[-33.145,99.558],[-31.699,93.382],[-32.599,74.774],[-45.296,-17.787],[-5.706,-119.557],[-6.971,-129.309],[-11.085,-131.673],[-24.907,-140.175],[-26.946,-160.056],[-16.546,-167.801],[12.692,-176.165],[36.406,-176.192],[44.375,-173.887],[46.61,-169.857],[42.927,-169.706],[36.936,-171.648],[22.362,-172.551],[-15.418,-163.473]],"c":true},"ix":2},"nm":"Path 1","mn":"ADBE Vector Shape - Group","hd":false},{"ty":"fl","c":{"a":0,"k":[0.035294117647,0.047058827269,0.050980395897,1],"ix":4},"o":{"a":0,"k":100,"ix":5},"r":1,"bm":0,"nm":"Fill 1","mn":"ADBE Vector Graphic - Fill","hd":false},{"ty":"tr","p":{"a":0,"k":[47.811,186.879],"ix":2},"a":{"a":0,"k":[0,0],"ix":1},"s":{"a":0,"k":[100,100],"ix":3},"r":{"a":0,"k":0,"ix":6},"o":{"a":0,"k":100,"ix":7},"sk":{"a":0,"k":0,"ix":4},"sa":{"a":0,"k":0,"ix":5},"nm":"Transform"}],"nm":"Group 23","np":2,"cix":2,"bm":0,"ix":23,"mn":"ADBE Vector Group","hd":false},{"ty":"gr","it":[{"ind":0,"ty":"sh","ix":1,"ks":{"a":0,"k":{"i":[[2.086,-0.686],[9.473,-2.794],[13.573,-9.874],[1.526,-0.254],[-0.33,1.376],[-0.86,0.592],[-3.148,2.148],[-3.501,2.481],[-0.579,0.28],[-17.363,3.144],[-6.715,-0.531],[-3.28,-0.297],[-5.902,-2.016],[-6.108,-13.454],[-1.436,-5.091],[-1.251,-2.65],[-3.116,-2.067],[-1.566,-1.21],[5.889,-7.566],[3.215,-1.911],[11.539,-0.649],[1.464,-0.928],[-0.68,-1.641],[2.654,-2.913],[4.787,-2.053],[6.196,-1.349],[7.83,-1.24],[0.442,-2.694],[3.955,-3.243],[2.576,3.644],[0.542,1.2],[-1.515,0.656],[-0.683,-1.404],[-1.949,0.292],[0.057,0.754],[0,0],[-1.779,4.087],[1.219,-0.343],[3.397,-1.611],[3.738,-1.622],[13.599,-10.216],[7.725,-18.753],[0.478,-4.084],[0.115,-0.215],[-1.073,-3.697],[-2.84,-2.231],[-3.912,-0.212],[-1.109,-0.79],[2.546,-0.024],[2.587,0.469],[0,0],[0.71,0.045],[0,0],[0.956,-0.331],[0.832,0.664],[1.195,5.544],[-1.678,1.681],[0.406,0.416],[-0.189,1.434],[-1.652,4.198],[-10.665,10.986],[-13.972,7.242],[-6.935,3.21],[-16.244,1.925],[-8.074,3.056],[-3.171,2.871],[-0.369,1.883],[1.084,-0.244],[1.682,0.876],[1.965,2.123],[1.306,0.409],[4.111,7.457],[0.306,1.274],[-0.26,0.214],[-0.338,-0.431],[-0.257,-0.459],[-12.634,-0.64],[-10.381,4.647],[-2.998,2.423],[-1.05,1.177],[5.8,3.322],[1.038,0.577],[1.953,7.234],[1.763,4.832],[15.127,4.317],[5.253,0.54],[1.1,-0.289],[4.126,-0.915]],"o":[[-9.987,0.391],[-16.045,4.731],[-1.41,1.026],[-1.526,0.254],[0.278,-1.154],[3.141,-2.163],[3.821,-1.902],[0.622,-0.191],[15.942,-7.711],[6.645,-1.203],[3.282,0.259],[6.176,0.561],[13.779,4.707],[2.196,4.835],[0.79,2.797],[1.673,3.547],[1.652,1.096],[7.57,5.845],[-2.297,2.952],[-9.989,5.94],[-1.419,0.08],[0.089,1.858],[1.566,3.78],[-3.545,3.889],[-5.87,2.516],[-7.758,1.69],[-2.116,0.335],[-0.794,4.837],[-3.472,2.847],[-0.753,-1.067],[-0.651,-1.439],[1.743,0.422],[0.69,1.421],[0.549,0.029],[0,0],[4.673,-2.158],[-1.886,-0.565],[-3.64,0.869],[-4.034,0.861],[-15.52,6.732],[-16.197,12.167],[-1.567,3.802],[-0.031,0.263],[-2.154,4.021],[1.024,3.533],[3.115,2.446],[1.363,0.074],[-0.656,3.031],[-2.665,0.025],[0,0],[-0.414,-0.699],[0,0],[-0.533,-0.741],[-0.09,-1.453],[-4.373,-3.481],[-0.412,-1.914],[0.501,-0.503],[-1.186,-1.216],[0.587,-4.463],[5.648,-14.351],[11.083,-11.415],[6.777,-3.513],[15.147,-5.999],[8.482,-1.005],[3.997,-1.513],[1.399,-1.268],[0.143,-0.73],[-2.378,0.537],[-1.971,-2.118],[-0.904,-0.977],[-8.241,-2.582],[-0.383,-1.257],[-0.072,-0.295],[0.503,-0.416],[0.324,0.413],[6.44,11.471],[11.184,0.567],[3.504,-1.569],[1.512,-0.656],[6.366,-7.134],[-1.031,-0.591],[-6.401,-3.556],[-1.338,-4.961],[-5.417,-14.855],[-5.091,-1.454],[-1.623,-0.167],[-4.181,1.102],[-2.156,-0.185]],"v":[[10.742,-124.72],[-18.181,-118.618],[-62.848,-97.145],[-67.274,-95.785],[-69.071,-97.575],[-67.029,-99.873],[-57.582,-106.323],[-46.413,-112.569],[-44.553,-113.153],[5.59,-128.904],[25.742,-129.957],[35.598,-129.134],[53.838,-125.491],[84.119,-98.742],[89.328,-83.784],[92.431,-75.666],[99.915,-67.711],[104.828,-64.36],[107.727,-41.198],[99.385,-33.966],[66.983,-24.479],[62.61,-23.789],[64.493,-18.746],[62.573,-8.912],[49.925,-0.224],[31.616,4.831],[8.144,8.682],[4.575,12.122],[-2.604,24.581],[-12.549,23.297],[-14.375,19.792],[-13.154,16.562],[-10.171,19.857],[-6.713,22.332],[-5.726,21.567],[-5.773,21.639],[1.293,10.806],[-2.936,11.416],[-13.565,14.915],[-25.03,19.206],[-69.288,43.605],[-105.283,89.918],[-108.267,101.78],[-108.358,102.562],[-107.388,114.011],[-100.841,122.258],[-90.225,126.117],[-86.517,127.252],[-89.876,130.462],[-97.662,129.214],[-97.693,129.308],[-99.511,128.486],[-99.358,128.609],[-101.501,127.766],[-103.837,125.513],[-112.576,112.241],[-111.938,106.646],[-112.01,105.386],[-112.643,101.265],[-109.357,88.259],[-84.231,50.68],[-45.741,23.918],[-24.965,14.237],[21.992,2.106],[46.978,-3.771],[57.776,-10.238],[60.644,-14.866],[59.741,-16.582],[54.468,-18.744],[48.556,-25.098],[45.383,-27.368],[27.169,-42.796],[26.054,-46.575],[26.489,-47.586],[27.812,-47.248],[28.67,-45.921],[58.062,-28.785],[90.605,-34.177],[100.48,-39.937],[104.024,-43.037],[101.38,-61.249],[98.305,-63.051],[85.521,-78.893],[80.706,-93.557],[49.645,-122.124],[34.072,-124.94],[29.688,-126.125],[17.126,-125.233]],"c":true},"ix":2},"nm":"Path 1","mn":"ADBE Vector Shape - Group","hd":false},{"ty":"fl","c":{"a":0,"k":[0.035294117647,0.047058827269,0.050980395897,1],"ix":4},"o":{"a":0,"k":100,"ix":5},"r":1,"bm":0,"nm":"Fill 1","mn":"ADBE Vector Graphic - Fill","hd":false},{"ty":"tr","p":{"a":0,"k":[146.373,131.28],"ix":2},"a":{"a":0,"k":[0,0],"ix":1},"s":{"a":0,"k":[100,100],"ix":3},"r":{"a":0,"k":0,"ix":6},"o":{"a":0,"k":100,"ix":7},"sk":{"a":0,"k":0,"ix":4},"sa":{"a":0,"k":0,"ix":5},"nm":"Transform"}],"nm":"Group 24","np":2,"cix":2,"bm":0,"ix":24,"mn":"ADBE Vector Group","hd":false},{"ty":"gr","it":[{"ind":0,"ty":"sh","ix":1,"ks":{"a":0,"k":{"i":[[3.745,0.339],[0.138,-2.493],[-0.777,-0.408],[-0.569,0.643],[-2.901,-1.394],[-1.419,-1.416],[-0.755,0.799],[0.719,0.72]],"o":[[-3.636,0.011],[-0.048,0.867],[0.872,0.46],[2.247,-2.535],[1.801,0.865],[0.742,0.74],[0.755,-0.796],[-2.864,-2.868]],"v":[[42.912,-108.979],[36.727,-104.66],[37.75,-102.683],[39.776,-103.344],[45.666,-104.651],[50.461,-101.189],[52.917,-101.145],[52.791,-103.643]],"c":true},"ix":2},"nm":"Path 1","mn":"ADBE Vector Shape - Group","hd":false},{"ind":1,"ty":"sh","ix":2,"ks":{"a":0,"k":{"i":[[-0.1,1.387],[2.002,3.512],[1.778,-0.131],[0.621,-1.701],[0.055,-0.518],[-2.932,-3.988],[-1.407,0.43],[-0.111,1.57]],"o":[[-0.336,-3.362],[-0.812,-1.427],[-1.967,0.145],[-0.18,0.49],[-0.556,5.206],[0.817,1.11],[1.585,-0.486],[0.056,-0.788]],"v":[[88.502,-125.392],[85.577,-136.167],[81.751,-138.534],[78.176,-135.292],[77.802,-133.763],[82.454,-120.312],[85.978,-119.092],[88.287,-122.429]],"c":true},"ix":2},"nm":"Path 2","mn":"ADBE Vector Shape - Group","hd":false},{"ind":2,"ty":"sh","ix":3,"ks":{"a":0,"k":{"i":[[5.991,-0.084],[-0.364,-5.873],[-5.897,0.743],[1.993,5.327]],"o":[[-6.149,-0.143],[0.369,5.94],[6.015,-0.757],[-1.527,-4.082]],"v":[[44.392,-133.19],[34.234,-123.13],[46.907,-112.618],[55.383,-124.968]],"c":true},"ix":2},"nm":"Path 3","mn":"ADBE Vector Shape - Group","hd":false},{"ind":3,"ty":"sh","ix":4,"ks":{"a":0,"k":{"i":[[-1.189,2.749],[4.905,-0.974],[0.969,1.427],[4.012,-3.553],[0.311,-1.849],[1.816,-0.017],[-2.214,-4.548],[-1.366,-0.57],[0.226,-2.592],[-1.992,-1.311],[-3.076,2.98],[-2.35,-0.491],[0.401,4.735]],"o":[[0.034,-5.726],[-2.069,0.41],[-3.022,-4.457],[-1.418,1.256],[-0.309,1.835],[-5.054,0.046],[0.654,1.346],[2.15,0.897],[-0.208,2.389],[3.088,2.031],[1.687,-1.633],[4.763,0.997],[-0.307,-3.621]],"v":[[31.879,-158.378],[24.713,-165.282],[21.044,-167.13],[9.582,-168.476],[6.61,-163.911],[3.766,-161.724],[-1.906,-152.171],[1.033,-149.066],[4.084,-144.387],[7.369,-138.862],[17.537,-140.113],[22.97,-141.718],[31.419,-148.554]],"c":true},"ix":2},"nm":"Path 4","mn":"ADBE Vector Shape - Group","hd":false},{"ind":4,"ty":"sh","ix":5,"ks":{"a":0,"k":{"i":[[1.958,0.855],[1.882,-2.942],[4.376,-2.949],[14.264,1.078],[1.155,-1.129],[1.193,0.537],[-2.466,5.193],[-1.656,2.231],[-2.584,8.521],[0.171,1.468],[1.072,0.107],[0.146,-0.989],[0.609,-1.759],[4.726,-6.302],[1.304,-3.197],[-5.888,-2.846],[-6.699,0.264],[-11.051,12.344],[-0.986,2.771]],"o":[[-2.715,-2.013],[-2.779,4.346],[-11.308,7.621],[-1.484,-0.112],[-1.245,-0.42],[-5.157,-2.322],[1.193,-2.513],[5.336,-7.187],[0.426,-1.403],[-0.118,-1.011],[-1.134,-0.113],[-0.272,1.83],[-2.559,7.392],[-2.065,2.754],[-2.479,6.081],[6.043,2.921],[16.808,-0.663],[1.956,-2.185],[0.694,-1.954]],"v":[[-2.058,-85.521],[-7.605,-84.496],[-17.488,-72.811],[-54.893,-60.124],[-58.954,-59.095],[-62.681,-60.374],[-66.427,-70.863],[-61.989,-77.878],[-50.517,-101.641],[-49.974,-105.929],[-51.689,-107.796],[-53.567,-106.173],[-54.713,-100.762],[-65.151,-79.975],[-70.455,-71.181],[-65.222,-57.375],[-46.043,-53.295],[-4.663,-73.76],[-0.465,-81.332]],"c":true},"ix":2},"nm":"Path 5","mn":"ADBE Vector Shape - Group","hd":false},{"ind":5,"ty":"sh","ix":6,"ks":{"a":0,"k":{"i":[[0.62,-0.757],[0.99,-0.167],[0.795,0.435],[3.241,5.744],[-3.274,18.644],[-1.1,4.763],[2.803,6.278],[0.675,2.689],[1.045,4.909],[-3.242,26.169],[-14.841,22.32],[-7.21,7.774],[1.27,1.323],[1.25,-1.112],[1.616,-0.069],[3.532,1.702],[4.19,3.504],[-4.217,5.436],[-0.578,0.291],[-13.148,-0.384],[-3.905,-0.614],[-4.164,-2.685],[3.141,-2.163],[0.277,-1.153],[-1.526,0.255],[-1.41,1.026],[-16.045,4.732],[-9.98,0.391],[-2.105,-0.028],[-3.919,-0.565],[-8.511,-5.803],[1.101,-4.694],[0.005,-0.393],[-1.17,-0.118],[-0.235,0.815],[-0.456,1.227],[-3.857,0.831],[-2.617,-9.661],[-0.945,-3.973],[-2.647,-2.227],[-3.813,-2.612],[1.348,-5.888],[0.403,-1.526],[3.504,-1.569],[11.184,0.567],[6.44,11.471],[0.324,0.412],[0.504,-0.416],[-0.072,-0.294],[-0.382,-1.255],[1.3,-0.224],[8.425,-5.265],[8.647,-6.74],[7.115,-4.166],[6.985,-5.495],[8.917,-13.911],[0.551,-18.648],[-3.235,-9.432],[1.292,-6.96],[-0.357,-8.717],[-5.278,-10.217],[-3.255,-0.969],[-0.815,-1.711]],"o":[[-0.99,0.166],[-0.717,-0.579],[-5.893,-3.224],[-9.338,-16.546],[0.846,-4.811],[1.586,-6.871],[-1.139,-2.552],[-1.221,-4.87],[-5.457,-25.639],[3.292,-26.584],[5.87,-8.827],[0.92,-0.993],[-1.247,-1.298],[-0.939,0.833],[-2.043,-3.409],[-4.888,-2.354],[-5.15,-4.306],[0.621,-0.207],[11.629,-5.867],[3.981,0.116],[4.661,0.732],[-3.152,2.149],[-0.86,0.591],[-0.331,1.376],[1.526,-0.254],[13.574,-9.873],[9.473,-2.794],[2.097,0.029],[3.872,0.903],[10.029,1.447],[-4.563,2.568],[-0.089,0.38],[-0.014,1.01],[0.958,0.098],[0.364,-1.262],[1.227,-3.298],[7.488,6.724],[1.068,3.944],[0.8,3.371],[3.6,3.028],[4.997,3.423],[-0.352,1.538],[-2.998,2.423],[-10.381,4.648],[-12.634,-0.64],[-0.257,-0.458],[-0.337,-0.432],[-0.26,0.214],[0.306,1.275],[-1.31,0.172],[-9.988,1.723],[-9.329,5.83],[-6.457,5.034],[-7.647,4.477],[-12.854,10.11],[-10.249,15.993],[-0.294,9.969],[2.331,6.796],[-1.61,8.675],[0.474,11.547],[1.369,2.648],[0.463,1.719],[-0.62,0.756]],"v":[[-81.799,176.602],[-84.768,177.101],[-86.931,175.386],[-100.166,161.511],[-109.042,108.664],[-105.935,94.332],[-108.317,74.615],[-111.117,66.814],[-114.679,52.18],[-119.14,-25.436],[-92.204,-98.823],[-72.711,-123.812],[-71.977,-127.206],[-75.803,-126.939],[-78.847,-124.589],[-87.421,-131.957],[-101.29,-140.365],[-102.562,-153.989],[-100.705,-154.621],[-63.73,-163.529],[-51.904,-162.326],[-38.226,-158.706],[-47.677,-152.254],[-49.718,-149.957],[-47.922,-148.167],[-43.496,-149.527],[1.171,-171],[30.087,-177.101],[36.393,-177.016],[48.154,-175.348],[76.332,-165.501],[69.144,-153.801],[69.041,-152.624],[70.474,-150.642],[72.122,-152.009],[73.183,-155.805],[79.893,-162.903],[94.785,-138.17],[98.016,-126.346],[103.243,-118.232],[115.165,-111.263],[121.034,-96.899],[119.832,-92.319],[109.957,-86.56],[77.414,-81.167],[48.022,-98.304],[47.164,-99.629],[45.841,-99.968],[45.406,-98.957],[46.52,-95.181],[42.594,-94.657],[15.477,-82.901],[-10.514,-62.75],[-30.095,-47.926],[-52.237,-33.281],[-85.653,1.902],[-100.653,54.181],[-95.856,83.373],[-93.912,104.063],[-95.255,130.14],[-86.149,162.724],[-80.076,169.141],[-79.939,174.333]],"c":true},"ix":2},"nm":"Path 6","mn":"ADBE Vector Shape - Group","hd":false},{"ty":"mm","mm":1,"nm":"Merge Paths 1","mn":"ADBE Vector Filter - Merge","hd":false},{"ty":"fl","c":{"a":0,"k":[0.003921568627,0.58431372549,0.827451040231,1],"ix":4},"o":{"a":0,"k":100,"ix":5},"r":1,"bm":0,"nm":"Fill 1","mn":"ADBE Vector Graphic - Fill","hd":false},{"ty":"tr","p":{"a":0,"k":[127.021,183.662],"ix":2},"a":{"a":0,"k":[0,0],"ix":1},"s":{"a":0,"k":[100,100],"ix":3},"r":{"a":0,"k":0,"ix":6},"o":{"a":0,"k":100,"ix":7},"sk":{"a":0,"k":0,"ix":4},"sa":{"a":0,"k":0,"ix":5},"nm":"Transform"}],"nm":"Group 25","np":8,"cix":2,"bm":0,"ix":25,"mn":"ADBE Vector Group","hd":false}],"ip":0,"op":5995.00024418136,"st":0,"bm":0}],"markers":[]}