{"v":"5.6.8","fr":29.9700012207031,"ip":0,"op":27.0000010997325,"w":1080,"h":1350,"nm":"asb abi-kenar","ddd":0,"assets":[],"layers":[{"ddd":0,"ind":2,"ty":4,"nm":"Layer 12 Outlines","sr":1,"ks":{"o":{"a":0,"k":100,"ix":11},"r":{"a":0,"k":0,"ix":10},"p":{"a":0,"k":[515.5,1067.5,0],"ix":2},"a":{"a":0,"k":[110.615,410.047,0],"ix":1},"s":{"a":1,"k":[{"i":{"x":[0.667,0.667,0.667],"y":[1,1,1]},"o":{"x":[0.333,0.333,0.333],"y":[0,0,0]},"t":0,"s":[201.449,201.449,100]},{"i":{"x":[0.667,0.667,0.667],"y":[1,1,1]},"o":{"x":[0.333,0.333,0.333],"y":[0,0,0]},"t":14.143,"s":[201.449,196.449,100]},{"t":27.0000010997325,"s":[201.449,201.449,100]}],"ix":6}},"ao":0,"shapes":[{"ty":"gr","it":[{"ind":0,"ty":"sh","ix":1,"ks":{"a":0,"k":{"i":[[1.667,1.327],[-1.872,0.19],[0.2,-1.669]],"o":[[-0.407,-1.906],[1.945,-0.197],[-1.339,1.422]],"v":[[-2.127,1.104],[0.141,-2.235],[2.335,0.573]],"c":true},"ix":2},"nm":"Path 1","mn":"ADBE Vector Shape - Group","hd":false},{"ty":"fl","c":{"a":0,"k":[0.043137254902,0.043137254902,0.043137254902,1],"ix":4},"o":{"a":0,"k":100,"ix":5},"r":1,"bm":0,"nm":"Fill 1","mn":"ADBE Vector Graphic - Fill","hd":false},{"ty":"tr","p":{"a":0,"k":[164.006,202.276],"ix":2},"a":{"a":0,"k":[0,0],"ix":1},"s":{"a":0,"k":[100,100],"ix":3},"r":{"a":0,"k":0,"ix":6},"o":{"a":0,"k":100,"ix":7},"sk":{"a":0,"k":0,"ix":4},"sa":{"a":0,"k":0,"ix":5},"nm":"Transform"}],"nm":"Group 1","np":2,"cix":2,"bm":0,"ix":1,"mn":"ADBE Vector Group","hd":false},{"ty":"gr","it":[{"ind":0,"ty":"sh","ix":1,"ks":{"a":0,"k":{"i":[[-0.072,-0.473],[-0.034,0.559]],"o":[[-0.427,-0.185],[0.547,0.086]],"v":[[0.407,0.479],[-0.373,-0.479]],"c":true},"ix":2},"nm":"Path 1","mn":"ADBE Vector Shape - Group","hd":false},{"ty":"fl","c":{"a":0,"k":[0.486274539723,0.533333333333,0.756862804936,1],"ix":4},"o":{"a":0,"k":100,"ix":5},"r":1,"bm":0,"nm":"Fill 1","mn":"ADBE Vector Graphic - Fill","hd":false},{"ty":"tr","p":{"a":0,"k":[90.656,19.207],"ix":2},"a":{"a":0,"k":[0,0],"ix":1},"s":{"a":0,"k":[100,100],"ix":3},"r":{"a":0,"k":0,"ix":6},"o":{"a":0,"k":100,"ix":7},"sk":{"a":0,"k":0,"ix":4},"sa":{"a":0,"k":0,"ix":5},"nm":"Transform"}],"nm":"Group 2","np":2,"cix":2,"bm":0,"ix":2,"mn":"ADBE Vector Group","hd":false},{"ty":"gr","it":[{"ind":0,"ty":"sh","ix":1,"ks":{"a":0,"k":{"i":[[-5.813,2.244],[4.498,-1.543],[3.347,0.194],[0.51,2.1],[-1.617,0.275]],"o":[[0.528,5.45],[-3.159,1.083],[-2.154,-0.125],[-0.355,-1.462],[5.859,-1]],"v":[[9.378,-5.333],[4.093,3.85],[-5.669,5.139],[-9.551,1.901],[-8.014,-0.522]],"c":true},"ix":2},"nm":"Path 1","mn":"ADBE Vector Shape - Group","hd":false},{"ty":"fl","c":{"a":0,"k":[0.823529471603,0.835294177485,0.913725550034,1],"ix":4},"o":{"a":0,"k":100,"ix":5},"r":1,"bm":0,"nm":"Fill 1","mn":"ADBE Vector Graphic - Fill","hd":false},{"ty":"tr","p":{"a":0,"k":[222.091,152.522],"ix":2},"a":{"a":0,"k":[0,0],"ix":1},"s":{"a":0,"k":[100,100],"ix":3},"r":{"a":0,"k":0,"ix":6},"o":{"a":0,"k":100,"ix":7},"sk":{"a":0,"k":0,"ix":4},"sa":{"a":0,"k":0,"ix":5},"nm":"Transform"}],"nm":"Group 3","np":2,"cix":2,"bm":0,"ix":3,"mn":"ADBE Vector Group","hd":false},{"ty":"gr","it":[{"ind":0,"ty":"sh","ix":1,"ks":{"a":0,"k":{"i":[[0,0],[0,0],[0.001,0.004]],"o":[[0,0],[0,0],[-0.002,-0.003]],"v":[[0.075,0.052],[-0.075,-0.052],[0.062,-0.006]],"c":true},"ix":2},"nm":"Path 1","mn":"ADBE Vector Shape - Group","hd":false},{"ty":"fl","c":{"a":0,"k":[0.921568687289,0.482352971096,0.149019607843,1],"ix":4},"o":{"a":0,"k":100,"ix":5},"r":1,"bm":0,"nm":"Fill 1","mn":"ADBE Vector Graphic - Fill","hd":false},{"ty":"tr","p":{"a":0,"k":[67.24,149.589],"ix":2},"a":{"a":0,"k":[0,0],"ix":1},"s":{"a":0,"k":[100,100],"ix":3},"r":{"a":0,"k":0,"ix":6},"o":{"a":0,"k":100,"ix":7},"sk":{"a":0,"k":0,"ix":4},"sa":{"a":0,"k":0,"ix":5},"nm":"Transform"}],"nm":"Group 4","np":2,"cix":2,"bm":0,"ix":4,"mn":"ADBE Vector Group","hd":false},{"ty":"gr","it":[{"ind":0,"ty":"sh","ix":1,"ks":{"a":0,"k":{"i":[[0,0],[0,0],[0,0]],"o":[[0,0],[0,0],[0,0]],"v":[[-0.051,-0.082],[0.051,0.082],[-0.037,-0.02]],"c":true},"ix":2},"nm":"Path 1","mn":"ADBE Vector Shape - Group","hd":false},{"ty":"fl","c":{"a":0,"k":[0.921568687289,0.482352971096,0.149019607843,1],"ix":4},"o":{"a":0,"k":100,"ix":5},"r":1,"bm":0,"nm":"Fill 1","mn":"ADBE Vector Graphic - Fill","hd":false},{"ty":"tr","p":{"a":0,"k":[67.352,149.661],"ix":2},"a":{"a":0,"k":[0,0],"ix":1},"s":{"a":0,"k":[100,100],"ix":3},"r":{"a":0,"k":0,"ix":6},"o":{"a":0,"k":100,"ix":7},"sk":{"a":0,"k":0,"ix":4},"sa":{"a":0,"k":0,"ix":5},"nm":"Transform"}],"nm":"Group 5","np":2,"cix":2,"bm":0,"ix":5,"mn":"ADBE Vector Group","hd":false},{"ty":"gr","it":[{"ind":0,"ty":"sh","ix":1,"ks":{"a":0,"k":{"i":[[-0.297,-0.619],[0.452,-0.069],[0.031,0.382],[-0.157,0.183]],"o":[[-0.45,0.069],[-0.371,-0.068],[0.172,-0.168],[0.603,0.161]],"v":[[0.984,0.388],[-0.369,0.595],[-0.984,-0.069],[-0.491,-0.595]],"c":true},"ix":2},"nm":"Path 1","mn":"ADBE Vector Shape - Group","hd":false},{"ty":"fl","c":{"a":0,"k":[0.921568687289,0.482352971096,0.149019607843,1],"ix":4},"o":{"a":0,"k":100,"ix":5},"r":1,"bm":0,"nm":"Fill 1","mn":"ADBE Vector Graphic - Fill","hd":false},{"ty":"tr","p":{"a":0,"k":[71.231,152.331],"ix":2},"a":{"a":0,"k":[0,0],"ix":1},"s":{"a":0,"k":[100,100],"ix":3},"r":{"a":0,"k":0,"ix":6},"o":{"a":0,"k":100,"ix":7},"sk":{"a":0,"k":0,"ix":4},"sa":{"a":0,"k":0,"ix":5},"nm":"Transform"}],"nm":"Group 6","np":2,"cix":2,"bm":0,"ix":6,"mn":"ADBE Vector Group","hd":false},{"ty":"gr","it":[{"ind":0,"ty":"sh","ix":1,"ks":{"a":0,"k":{"i":[[0.299,-0.241],[-0.216,0.897],[-0.336,-0.572]],"o":[[-0.448,-0.771],[1.024,0.298],[-0.298,0.242]],"v":[[-0.173,1.232],[-0.506,-1.232],[0.723,0.509]],"c":true},"ix":2},"nm":"Path 1","mn":"ADBE Vector Shape - Group","hd":false},{"ty":"fl","c":{"a":0,"k":[0.486274539723,0.533333333333,0.756862804936,1],"ix":4},"o":{"a":0,"k":100,"ix":5},"r":1,"bm":0,"nm":"Fill 1","mn":"ADBE Vector Graphic - Fill","hd":false},{"ty":"tr","p":{"a":0,"k":[28.908,272.618],"ix":2},"a":{"a":0,"k":[0,0],"ix":1},"s":{"a":0,"k":[100,100],"ix":3},"r":{"a":0,"k":0,"ix":6},"o":{"a":0,"k":100,"ix":7},"sk":{"a":0,"k":0,"ix":4},"sa":{"a":0,"k":0,"ix":5},"nm":"Transform"}],"nm":"Group 7","np":2,"cix":2,"bm":0,"ix":7,"mn":"ADBE Vector Group","hd":false},{"ty":"gr","it":[{"ind":0,"ty":"sh","ix":1,"ks":{"a":0,"k":{"i":[[0.173,-0.168],[-0.448,0.547],[-0.406,-0.454]],"o":[[-0.571,-0.27],[0.374,-0.459],[-0.157,0.183]],"v":[[0.449,0.868],[-0.495,-0.409],[0.943,0.342]],"c":true},"ix":2},"nm":"Path 1","mn":"ADBE Vector Shape - Group","hd":false},{"ty":"fl","c":{"a":0,"k":[0.921568687289,0.482352971096,0.149019607843,1],"ix":4},"o":{"a":0,"k":100,"ix":5},"r":1,"bm":0,"nm":"Fill 1","mn":"ADBE Vector Graphic - Fill","hd":false},{"ty":"tr","p":{"a":0,"k":[69.797,151.394],"ix":2},"a":{"a":0,"k":[0,0],"ix":1},"s":{"a":0,"k":[100,100],"ix":3},"r":{"a":0,"k":0,"ix":6},"o":{"a":0,"k":100,"ix":7},"sk":{"a":0,"k":0,"ix":4},"sa":{"a":0,"k":0,"ix":5},"nm":"Transform"}],"nm":"Group 8","np":2,"cix":2,"bm":0,"ix":8,"mn":"ADBE Vector Group","hd":false},{"ty":"gr","it":[{"ind":0,"ty":"sh","ix":1,"ks":{"a":0,"k":{"i":[[1.556,2.89],[-0.254,0.513],[-0.469,-3.717]],"o":[[0.254,-0.513],[1.811,3.216],[-2.529,-2.376]],"v":[[-2.285,-3.588],[-1.525,-5.127],[2.285,5.127]],"c":true},"ix":2},"nm":"Path 1","mn":"ADBE Vector Shape - Group","hd":false},{"ty":"fl","c":{"a":0,"k":[0.647058823529,0.658823529412,0.658823529412,1],"ix":4},"o":{"a":0,"k":100,"ix":5},"r":1,"bm":0,"nm":"Fill 1","mn":"ADBE Vector Graphic - Fill","hd":false},{"ty":"tr","p":{"a":0,"k":[17.559,313.977],"ix":2},"a":{"a":0,"k":[0,0],"ix":1},"s":{"a":0,"k":[100,100],"ix":3},"r":{"a":0,"k":0,"ix":6},"o":{"a":0,"k":100,"ix":7},"sk":{"a":0,"k":0,"ix":4},"sa":{"a":0,"k":0,"ix":5},"nm":"Transform"}],"nm":"Group 9","np":2,"cix":2,"bm":0,"ix":9,"mn":"ADBE Vector Group","hd":false},{"ty":"gr","it":[{"ind":0,"ty":"sh","ix":1,"ks":{"a":0,"k":{"i":[[0.254,-0.513],[2.827,1.374],[-2.015,-3.192],[-0.613,-1.274]],"o":[[-1.913,-2.569],[2.858,-2.953],[0.749,1.187],[-0.254,0.513]],"v":[[3.291,4.281],[-4.052,-1.328],[2.192,-1.063],[4.052,2.743]],"c":true},"ix":2},"nm":"Path 1","mn":"ADBE Vector Shape - Group","hd":false},{"ty":"fl","c":{"a":0,"k":[0.823529471603,0.835294177485,0.913725550034,1],"ix":4},"o":{"a":0,"k":100,"ix":5},"r":1,"bm":0,"nm":"Fill 1","mn":"ADBE Vector Graphic - Fill","hd":false},{"ty":"tr","p":{"a":0,"k":[11.982,306.107],"ix":2},"a":{"a":0,"k":[0,0],"ix":1},"s":{"a":0,"k":[100,100],"ix":3},"r":{"a":0,"k":0,"ix":6},"o":{"a":0,"k":100,"ix":7},"sk":{"a":0,"k":0,"ix":4},"sa":{"a":0,"k":0,"ix":5},"nm":"Transform"}],"nm":"Group 10","np":2,"cix":2,"bm":0,"ix":10,"mn":"ADBE Vector Group","hd":false},{"ty":"gr","it":[{"ind":0,"ty":"sh","ix":1,"ks":{"a":0,"k":{"i":[[0.812,-0.962],[0.627,0.839],[3.804,-0.448],[1.191,0.563],[-1.626,0.234],[-2.018,-3.85]],"o":[[-0.636,-0.832],[-2.311,-3.089],[-1.423,0.168],[-0.105,-2.163],[4.329,-0.622],[0.859,1.637]],"v":[[6.492,5.354],[4.586,2.857],[-4.636,-1.241],[-8.395,-1.948],[-5.339,-4.732],[7.641,2.013]],"c":true},"ix":2},"nm":"Path 1","mn":"ADBE Vector Shape - Group","hd":false},{"ty":"fl","c":{"a":0,"k":[0.823529471603,0.835294177485,0.913725550034,1],"ix":4},"o":{"a":0,"k":100,"ix":5},"r":1,"bm":0,"nm":"Fill 1","mn":"ADBE Vector Graphic - Fill","hd":false},{"ty":"tr","p":{"a":0,"k":[31.854,126.543],"ix":2},"a":{"a":0,"k":[0,0],"ix":1},"s":{"a":0,"k":[100,100],"ix":3},"r":{"a":0,"k":0,"ix":6},"o":{"a":0,"k":100,"ix":7},"sk":{"a":0,"k":0,"ix":4},"sa":{"a":0,"k":0,"ix":5},"nm":"Transform"}],"nm":"Group 11","np":2,"cix":2,"bm":0,"ix":11,"mn":"ADBE Vector Group","hd":false},{"ty":"gr","it":[{"ind":0,"ty":"sh","ix":1,"ks":{"a":0,"k":{"i":[[-0.636,-0.832],[1.388,7.459],[-1.423,0.168],[-2.311,-3.089]],"o":[[-6.662,2.713],[1.191,0.563],[3.804,-0.448],[0.627,0.839]],"v":[[7.444,2.294],[-7.444,-5.008],[-3.685,-4.301],[5.537,-0.202]],"c":true},"ix":2},"nm":"Path 1","mn":"ADBE Vector Shape - Group","hd":false},{"ty":"fl","c":{"a":0,"k":[0.964705942191,0.639215686275,0.105882360421,1],"ix":4},"o":{"a":0,"k":100,"ix":5},"r":1,"bm":0,"nm":"Fill 1","mn":"ADBE Vector Graphic - Fill","hd":false},{"ty":"tr","p":{"a":0,"k":[30.902,129.603],"ix":2},"a":{"a":0,"k":[0,0],"ix":1},"s":{"a":0,"k":[100,100],"ix":3},"r":{"a":0,"k":0,"ix":6},"o":{"a":0,"k":100,"ix":7},"sk":{"a":0,"k":0,"ix":4},"sa":{"a":0,"k":0,"ix":5},"nm":"Transform"}],"nm":"Group 12","np":2,"cix":2,"bm":0,"ix":12,"mn":"ADBE Vector Group","hd":false},{"ty":"gr","it":[{"ind":0,"ty":"sh","ix":1,"ks":{"a":0,"k":{"i":[[-0.194,0.238],[-0.844,-0.873],[-2.654,9.015],[-0.318,2.084],[-2.573,3.762],[-1.76,-1.357],[0.814,-0.898],[1.379,-5.858],[2.738,-2.509],[2.755,0.174],[2.859,5.34],[0.009,0.258]],"o":[[1.41,0.232],[6.515,6.738],[0.592,-2.01],[0.688,-4.499],[1.293,-1.891],[0.895,0.692],[-4.315,4.763],[-0.847,3.602],[-2.057,1.886],[-5.976,-0.375],[-0.118,-0.221],[-0.004,-0.099]],"v":[[-16.122,6.409],[-13.438,8.93],[5.534,4.323],[6.663,-1.898],[11.387,-14.372],[15.274,-14.903],[15.659,-12.632],[9.238,4.16],[4.243,13.358],[-2.948,16.089],[-16.321,7.616],[-16.469,6.851]],"c":true},"ix":2},"nm":"Path 1","mn":"ADBE Vector Shape - Group","hd":false},{"ty":"fl","c":{"a":0,"k":[0.486274539723,0.533333333333,0.756862804936,1],"ix":4},"o":{"a":0,"k":100,"ix":5},"r":1,"bm":0,"nm":"Fill 1","mn":"ADBE Vector Graphic - Fill","hd":false},{"ty":"tr","p":{"a":0,"k":[35.323,325.8],"ix":2},"a":{"a":0,"k":[0,0],"ix":1},"s":{"a":0,"k":[100,100],"ix":3},"r":{"a":0,"k":0,"ix":6},"o":{"a":0,"k":100,"ix":7},"sk":{"a":0,"k":0,"ix":4},"sa":{"a":0,"k":0,"ix":5},"nm":"Transform"}],"nm":"Group 13","np":2,"cix":2,"bm":0,"ix":13,"mn":"ADBE Vector Group","hd":false},{"ty":"gr","it":[{"ind":0,"ty":"sh","ix":1,"ks":{"a":0,"k":{"i":[[2.847,-0.182],[2.14,1.142],[-0.563,1.679],[-5.532,0.325],[0.091,-1.872],[-1.282,-2.398],[1.438,-0.766]],"o":[[-2.343,-0.255],[-1.51,-0.807],[1.739,-5.183],[1.585,-0.094],[-0.129,2.666],[0.764,1.427],[-2.475,1.318]],"v":[[-0.441,7.746],[-7.239,5.922],[-8.681,2.329],[4.494,-7.653],[6.932,-5.55],[8.48,2.114],[7.486,5.386]],"c":true},"ix":2},"nm":"Path 1","mn":"ADBE Vector Shape - Group","hd":false},{"ty":"fl","c":{"a":0,"k":[0.964705942191,0.639215686275,0.105882360421,1],"ix":4},"o":{"a":0,"k":100,"ix":5},"r":1,"bm":0,"nm":"Fill 1","mn":"ADBE Vector Graphic - Fill","hd":false},{"ty":"tr","p":{"a":0,"k":[29.201,144.893],"ix":2},"a":{"a":0,"k":[0,0],"ix":1},"s":{"a":0,"k":[100,100],"ix":3},"r":{"a":0,"k":0,"ix":6},"o":{"a":0,"k":100,"ix":7},"sk":{"a":0,"k":0,"ix":4},"sa":{"a":0,"k":0,"ix":5},"nm":"Transform"}],"nm":"Group 14","np":2,"cix":2,"bm":0,"ix":14,"mn":"ADBE Vector Group","hd":false},{"ty":"gr","it":[{"ind":0,"ty":"sh","ix":1,"ks":{"a":0,"k":{"i":[[-2.528,-2.379],[1.001,-1.988],[3.111,2.207],[0.566,1.052],[-3.486,6.481],[-1.913,-2.569]],"o":[[1.093,2.223],[-1.459,2.894],[-0.983,-0.698],[-3.407,-6.33],[2.827,1.374],[1.555,2.89]],"v":[[7.153,2.286],[6.673,8.677],[-2.014,9.835],[-4.345,7.175],[-4.76,-12.042],[2.583,-6.432]],"c":true},"ix":2},"nm":"Path 1","mn":"ADBE Vector Shape - Group","hd":false},{"ty":"fl","c":{"a":0,"k":[0.921568687289,0.482352971096,0.149019607843,1],"ix":4},"o":{"a":0,"k":100,"ix":5},"r":1,"bm":0,"nm":"Fill 1","mn":"ADBE Vector Graphic - Fill","hd":false},{"ty":"tr","p":{"a":0,"k":[12.69,316.821],"ix":2},"a":{"a":0,"k":[0,0],"ix":1},"s":{"a":0,"k":[100,100],"ix":3},"r":{"a":0,"k":0,"ix":6},"o":{"a":0,"k":100,"ix":7},"sk":{"a":0,"k":0,"ix":4},"sa":{"a":0,"k":0,"ix":5},"nm":"Transform"}],"nm":"Group 15","np":2,"cix":2,"bm":0,"ix":15,"mn":"ADBE Vector Group","hd":false},{"ty":"gr","it":[{"ind":0,"ty":"sh","ix":1,"ks":{"a":0,"k":{"i":[[-0.407,-1.906],[0.127,-0.024],[0.514,2.269],[-1.65,0.576],[-2.865,1.617],[-1.8,3.006],[2.968,3.786],[-0.326,0.203],[1.222,2.813],[-0.754,-4.583],[1.943,-1.741],[3.987,-2.103],[-0.496,-1.47],[-1.342,0.374],[-2.032,-0.027],[4.137,-4.186],[1.831,0.111],[2.582,0.553],[-1.224,0.509],[-1.472,1.449],[3.628,2.693],[1.945,-0.197]],"o":[[-0.124,0.041],[-1.683,0.321],[-0.49,-2.161],[3.093,-1.077],[3.027,-1.709],[2.383,-3.981],[0.295,-0.255],[1.973,-1.222],[4.136,3.002],[0.424,2.573],[-3.342,2.997],[-1.088,0.574],[0.547,1.616],[1.51,-0.422],[-0.537,5.841],[-1.22,1.234],[-2.632,-0.16],[0.196,-1.535],[1.978,-0.823],[3.252,-3.205],[0.2,-1.669],[-1.872,0.19]],"v":[[-9.772,8.025],[-10.145,8.146],[-14.383,6.772],[-11.232,3.494],[-2.233,-0.399],[5.079,-7.347],[4.428,-16.49],[5.317,-17.247],[7.642,-22.676],[14.448,-10.947],[11.34,-4.42],[0.488,3.443],[-1.351,5.997],[1.973,7.116],[6.838,5.7],[0.249,20.882],[-4.444,22.564],[-12.275,21.616],[-9.679,18.996],[-4.759,15.211],[-5.31,7.493],[-7.504,4.686]],"c":true},"ix":2},"nm":"Path 1","mn":"ADBE Vector Shape - Group","hd":false},{"ty":"fl","c":{"a":0,"k":[0.823529471603,0.835294177485,0.913725550034,1],"ix":4},"o":{"a":0,"k":100,"ix":5},"r":1,"bm":0,"nm":"Fill 1","mn":"ADBE Vector Graphic - Fill","hd":false},{"ty":"tr","p":{"a":0,"k":[171.651,195.355],"ix":2},"a":{"a":0,"k":[0,0],"ix":1},"s":{"a":0,"k":[100,100],"ix":3},"r":{"a":0,"k":0,"ix":6},"o":{"a":0,"k":100,"ix":7},"sk":{"a":0,"k":0,"ix":4},"sa":{"a":0,"k":0,"ix":5},"nm":"Transform"}],"nm":"Group 16","np":2,"cix":2,"bm":0,"ix":16,"mn":"ADBE Vector Group","hd":false},{"ty":"gr","it":[{"ind":0,"ty":"sh","ix":1,"ks":{"a":0,"k":{"i":[[0.196,-1.535],[19.801,13.992],[10.17,10.439],[2.739,5.027],[0.474,2.336],[1.539,-0.298],[-0.152,-1.223],[-0.302,-1.286],[0.999,0.264],[0.484,0.804],[-2.34,2.724],[-2.434,-0.438],[0.391,-0.939],[-0.602,-0.588],[-0.576,0.608],[-1.063,-1.626],[-12.021,-8.985],[-0.578,1.299],[1.211,0.932],[4.81,5.344],[-0.45,0.069],[-10.721,-3.832],[-15.644,-2.728],[-3.956,-0.299],[-5.01,2.401],[2.383,-3.982],[3.027,-1.709],[3.093,-1.078],[-0.49,-2.161],[-1.683,0.322],[-0.124,0.041],[-1.339,1.424],[3.252,-3.205],[1.978,-0.823]],"o":[[-24.114,-3.03],[-11.918,-8.421],[-3.971,-4.077],[-1.155,-2.121],[-0.258,-1.281],[-1.49,0.289],[0.163,1.303],[0.363,1.546],[-0.956,-0.253],[-1.899,-3.154],[1.359,-1.581],[-0.423,0.96],[-0.345,0.829],[0.643,0.627],[2.08,-2.198],[8.304,12.721],[2.304,1.723],[0.896,-2.013],[-5.656,-4.349],[0.452,-0.069],[9.766,5.812],[14.926,5.334],[3.896,0.679],[5.528,0.419],[2.968,3.786],[-1.8,3.006],[-2.865,1.617],[-1.65,0.576],[0.514,2.268],[0.127,-0.024],[1.667,1.327],[3.628,2.694],[-1.472,1.449],[-1.224,0.509]],"v":[[49.886,42.57],[-15.853,16.695],[-48.883,-11.73],[-58.958,-25.436],[-61.178,-32.183],[-63.494,-34.259],[-65.044,-31.46],[-64.178,-27.596],[-65.759,-26.354],[-67.724,-28.205],[-66.794,-40.656],[-61.962,-42.132],[-63.203,-39.309],[-62.708,-37.134],[-60.554,-36.987],[-56.303,-35.982],[-24.718,-4.522],[-20.287,-3.893],[-22.33,-7.647],[-38.629,-21.475],[-37.276,-21.682],[-6.696,-6.898],[39.003,5.781],[50.792,7.156],[66.588,4.464],[67.239,13.606],[59.928,20.555],[50.929,24.448],[47.777,27.726],[52.015,29.099],[52.388,28.979],[56.85,28.445],[57.401,36.165],[52.48,39.95]],"c":true},"ix":2},"nm":"Path 1","mn":"ADBE Vector Shape - Group","hd":false},{"ty":"fl","c":{"a":0,"k":[0.964705942191,0.639215686275,0.105882360421,1],"ix":4},"o":{"a":0,"k":100,"ix":5},"r":1,"bm":0,"nm":"Fill 1","mn":"ADBE Vector Graphic - Fill","hd":false},{"ty":"tr","p":{"a":0,"k":[109.491,174.402],"ix":2},"a":{"a":0,"k":[0,0],"ix":1},"s":{"a":0,"k":[100,100],"ix":3},"r":{"a":0,"k":0,"ix":6},"o":{"a":0,"k":100,"ix":7},"sk":{"a":0,"k":0,"ix":4},"sa":{"a":0,"k":0,"ix":5},"nm":"Transform"}],"nm":"Group 17","np":2,"cix":2,"bm":0,"ix":17,"mn":"ADBE Vector Group","hd":false},{"ty":"gr","it":[{"ind":0,"ty":"sh","ix":1,"ks":{"a":0,"k":{"i":[[-3.232,-0.5],[2.31,-2.898],[0.644,-2.114],[0.184,-0.329],[1.519,0.622],[-0.129,1.184],[-1.271,2.596]],"o":[[1.846,3.394],[-1.304,1.637],[-0.242,0.297],[-0.578,1.031],[-1.312,-0.536],[0.309,-2.867],[1.31,-2.674]],"v":[[3.532,-7.626],[2.978,-0.147],[-0.694,4.939],[-1.412,5.834],[-4.007,7.504],[-5.249,4.491],[-2.98,-3.758]],"c":true},"ix":2},"nm":"Path 1","mn":"ADBE Vector Shape - Group","hd":false},{"ty":"fl","c":{"a":0,"k":[0.043137254902,0.043137254902,0.043137254902,1],"ix":4},"o":{"a":0,"k":100,"ix":5},"r":1,"bm":0,"nm":"Fill 1","mn":"ADBE Vector Graphic - Fill","hd":false},{"ty":"tr","p":{"a":0,"k":[230.549,81.861],"ix":2},"a":{"a":0,"k":[0,0],"ix":1},"s":{"a":0,"k":[100,100],"ix":3},"r":{"a":0,"k":0,"ix":6},"o":{"a":0,"k":100,"ix":7},"sk":{"a":0,"k":0,"ix":4},"sa":{"a":0,"k":0,"ix":5},"nm":"Transform"}],"nm":"Group 18","np":2,"cix":2,"bm":0,"ix":18,"mn":"ADBE Vector Group","hd":false},{"ty":"gr","it":[{"ind":0,"ty":"sh","ix":1,"ks":{"a":0,"k":{"i":[[-3.969,-0.184],[-0.695,-2.955],[0.384,-2.062],[1.479,-0.216],[0.703,1.021],[-0.515,4.157]],"o":[[2.191,2.354],[-0.296,2.077],[-0.261,1.399],[-1.332,0.195],[-2.42,-3.512],[0.407,-3.294]],"v":[[1.553,-8.591],[4.912,-0.236],[3.999,5.992],[1.375,8.58],[-1.613,7.036],[-4.396,-4.594]],"c":true},"ix":2},"nm":"Path 1","mn":"ADBE Vector Shape - Group","hd":false},{"ty":"fl","c":{"a":0,"k":[0.043137254902,0.043137254902,0.043137254902,1],"ix":4},"o":{"a":0,"k":100,"ix":5},"r":1,"bm":0,"nm":"Fill 1","mn":"ADBE Vector Graphic - Fill","hd":false},{"ty":"tr","p":{"a":0,"k":[160.15,68.027],"ix":2},"a":{"a":0,"k":[0,0],"ix":1},"s":{"a":0,"k":[100,100],"ix":3},"r":{"a":0,"k":0,"ix":6},"o":{"a":0,"k":100,"ix":7},"sk":{"a":0,"k":0,"ix":4},"sa":{"a":0,"k":0,"ix":5},"nm":"Transform"}],"nm":"Group 19","np":2,"cix":2,"bm":0,"ix":19,"mn":"ADBE Vector Group","hd":false},{"ty":"gr","it":[{"ind":0,"ty":"sh","ix":1,"ks":{"a":0,"k":{"i":[[-0.427,-0.185],[-0.506,-2.158],[-1.881,-2.115],[1.554,-1.312],[1.52,2.682],[-0.987,5.021],[-2.667,0.154],[0,0]],"o":[[1.108,1.959],[0.627,2.674],[0.363,1.703],[-2.166,1.828],[-2.421,-4.275],[0.483,-2.457],[0,0],[-0.034,0.559]],"v":[[0.093,-9.631],[2.144,-3.337],[5.419,4.071],[4.439,8.761],[-2.297,7.598],[-5.006,-6.326],[-0.657,-10.548],[-0.688,-10.59]],"c":true},"ix":2},"nm":"Path 1","mn":"ADBE Vector Shape - Group","hd":false},{"ty":"fl","c":{"a":0,"k":[0.921568687289,0.482352971096,0.149019607843,1],"ix":4},"o":{"a":0,"k":100,"ix":5},"r":1,"bm":0,"nm":"Fill 1","mn":"ADBE Vector Graphic - Fill","hd":false},{"ty":"tr","p":{"a":0,"k":[90.971,29.317],"ix":2},"a":{"a":0,"k":[0,0],"ix":1},"s":{"a":0,"k":[100,100],"ix":3},"r":{"a":0,"k":0,"ix":6},"o":{"a":0,"k":100,"ix":7},"sk":{"a":0,"k":0,"ix":4},"sa":{"a":0,"k":0,"ix":5},"nm":"Transform"}],"nm":"Group 20","np":2,"cix":2,"bm":0,"ix":20,"mn":"ADBE Vector Group","hd":false},{"ty":"gr","it":[{"ind":0,"ty":"sh","ix":1,"ks":{"a":0,"k":{"i":[[4.379,0.187],[-1.022,0.791],[-2.112,-2.843],[-0.392,-2.227],[-0.454,-3.121],[-3.621,-3.041],[1.505,1.626],[1.325,0.609],[0.627,2.674],[1.108,1.96],[0.547,0.086],[0,0]],"o":[[0.555,-1.25],[2.795,-2.163],[1.359,1.83],[0.547,3.107],[0.663,4.566],[-2.189,0.024],[-0.954,-1.032],[-1.881,-2.115],[-0.506,-2.158],[-0.072,-0.473],[0,0],[-0.658,-4.436]],"v":[[-10.468,-10.211],[-7.841,-13.086],[0.451,-11.895],[2.955,-5.739],[4.525,3.593],[10.468,15.225],[4.985,12.826],[1.778,10.071],[-1.498,2.663],[-3.548,-3.63],[-4.329,-4.589],[-4.298,-4.547]],"c":true},"ix":2},"nm":"Path 1","mn":"ADBE Vector Shape - Group","hd":false},{"ty":"fl","c":{"a":0,"k":[0.823529471603,0.835294177485,0.913725550034,1],"ix":4},"o":{"a":0,"k":100,"ix":5},"r":1,"bm":0,"nm":"Fill 1","mn":"ADBE Vector Graphic - Fill","hd":false},{"ty":"tr","p":{"a":0,"k":[94.612,23.316],"ix":2},"a":{"a":0,"k":[0,0],"ix":1},"s":{"a":0,"k":[100,100],"ix":3},"r":{"a":0,"k":0,"ix":6},"o":{"a":0,"k":100,"ix":7},"sk":{"a":0,"k":0,"ix":4},"sa":{"a":0,"k":0,"ix":5},"nm":"Transform"}],"nm":"Group 21","np":2,"cix":2,"bm":0,"ix":21,"mn":"ADBE Vector Group","hd":false},{"ty":"gr","it":[{"ind":0,"ty":"sh","ix":1,"ks":{"a":0,"k":{"i":[[5.949,-0.067],[0.067,5.902],[-6.018,-0.042],[-0.162,-5.335]],"o":[[-5.541,0.063],[-0.07,-6.234],[5.384,0.037],[0.175,5.79]],"v":[[-1.109,11.373],[-11.25,0.814],[0.476,-11.395],[11.146,-1.058]],"c":true},"ix":2},"nm":"Path 1","mn":"ADBE Vector Shape - Group","hd":false},{"ty":"fl","c":{"a":0,"k":[0.921568687289,0.482352971096,0.149019607843,1],"ix":4},"o":{"a":0,"k":100,"ix":5},"r":1,"bm":0,"nm":"Fill 1","mn":"ADBE Vector Graphic - Fill","hd":false},{"ty":"tr","p":{"a":0,"k":[113.772,97.734],"ix":2},"a":{"a":0,"k":[0,0],"ix":1},"s":{"a":0,"k":[100,100],"ix":3},"r":{"a":0,"k":0,"ix":6},"o":{"a":0,"k":100,"ix":7},"sk":{"a":0,"k":0,"ix":4},"sa":{"a":0,"k":0,"ix":5},"nm":"Transform"}],"nm":"Group 22","np":2,"cix":2,"bm":0,"ix":22,"mn":"ADBE Vector Group","hd":false},{"ty":"gr","it":[{"ind":0,"ty":"sh","ix":1,"ks":{"a":0,"k":{"i":[[1.252,1.968],[3.908,-6.081],[1.149,-1.614],[0.479,-0.935],[-1.092,-0.711],[-0.658,1.177],[-1.317,1.323],[-0.879,-1.692],[4.721,-13.049],[5.417,-2.816],[10.026,-0.992],[4.884,0.663],[-2.444,0.379],[-9.208,4.522],[-1.564,3.358],[-0.201,4.039],[3.504,7.888],[0.303,2.521],[-1.304,1.637],[1.846,3.394]],"o":[[7.17,1.244],[-1.069,1.661],[-0.609,0.856],[-0.517,1.005],[1.255,0.817],[0.777,-1.392],[1.7,1.012],[6.45,12.419],[-2.041,5.641],[-9.074,4.717],[-4.844,0.48],[1.943,-1.915],[10.08,-1.561],[3.508,-1.724],[1.664,-3.574],[0.429,-8.592],[-1.009,-2.27],[0.644,-2.115],[2.31,-2.898],[0.322,-2.406]],"v":[[12.286,-40.934],[17.97,-28.262],[14.446,-23.481],[12.799,-20.786],[13.22,-17.96],[16.201,-18.875],[19.129,-22.92],[22.771,-18.603],[25.117,19.722],[13.667,32.325],[-15.218,40.047],[-29.838,40.271],[-22.854,37.9],[6.22,29.315],[13.669,21.39],[16.45,9.931],[12.072,-14.759],[9.855,-21.919],[13.527,-27.006],[14.082,-34.485]],"c":true},"ix":2},"nm":"Path 1","mn":"ADBE Vector Shape - Group","hd":false},{"ty":"fl","c":{"a":0,"k":[0.823529471603,0.835294177485,0.913725550034,1],"ix":4},"o":{"a":0,"k":100,"ix":5},"r":1,"bm":0,"nm":"Fill 1","mn":"ADBE Vector Graphic - Fill","hd":false},{"ty":"tr","p":{"a":0,"k":[220,108.719],"ix":2},"a":{"a":0,"k":[0,0],"ix":1},"s":{"a":0,"k":[100,100],"ix":3},"r":{"a":0,"k":0,"ix":6},"o":{"a":0,"k":100,"ix":7},"sk":{"a":0,"k":0,"ix":4},"sa":{"a":0,"k":0,"ix":5},"nm":"Transform"}],"nm":"Group 23","np":2,"cix":2,"bm":0,"ix":23,"mn":"ADBE Vector Group","hd":false},{"ty":"gr","it":[{"ind":0,"ty":"sh","ix":1,"ks":{"a":0,"k":{"i":[[-0.131,2.746],[-0.136,1.596],[-0.2,1.835],[-1.921,2.72],[-2.246,-4.561],[-0.23,-0.884],[-1.104,0.144],[-0.13,0.862],[-0.32,1.276],[-0.453,0.79],[-1.732,-2.687],[-0.818,-4.163],[4.971,-2.427],[8.116,0.04]],"o":[[1.399,0.245],[0.155,-1.838],[0.364,-3.359],[2.956,-4.184],[0.405,0.821],[0.268,1.026],[0.886,-0.115],[0.197,-1.303],[0.222,-0.883],[1.6,-2.788],[2.311,3.584],[1.054,5.363],[-7.387,3.608],[-1.014,-2.501]],"v":[[-15.861,7.31],[-13.433,5.57],[-12.802,0.07],[-9.265,-9.05],[-0.129,-8.33],[0.845,-5.753],[2.73,-4.169],[4.107,-5.862],[4.815,-9.751],[5.829,-12.309],[10.29,-12.461],[14.938,-0.772],[9.213,10.471],[-14.195,15.108]],"c":true},"ix":2},"nm":"Path 1","mn":"ADBE Vector Shape - Group","hd":false},{"ty":"fl","c":{"a":0,"k":[0.823529471603,0.835294177485,0.913725550034,1],"ix":4},"o":{"a":0,"k":100,"ix":5},"r":1,"bm":0,"nm":"Fill 1","mn":"ADBE Vector Graphic - Fill","hd":false},{"ty":"tr","p":{"a":0,"k":[134.073,397.03],"ix":2},"a":{"a":0,"k":[0,0],"ix":1},"s":{"a":0,"k":[100,100],"ix":3},"r":{"a":0,"k":0,"ix":6},"o":{"a":0,"k":100,"ix":7},"sk":{"a":0,"k":0,"ix":4},"sa":{"a":0,"k":0,"ix":5},"nm":"Transform"}],"nm":"Group 24","np":2,"cix":2,"bm":0,"ix":24,"mn":"ADBE Vector Group","hd":false},{"ty":"gr","it":[{"ind":0,"ty":"sh","ix":1,"ks":{"a":0,"k":{"i":[[-3.172,-2.482],[0.325,-1.549],[1.292,-6.067],[-0.203,-8.819],[4.705,-1.719],[4.42,0.082],[10.147,5.153],[3.279,2.908],[-0.307,6.268],[-3.356,1.819],[-1.81,-1.475],[-0.306,-2.9],[0.599,-3.144],[-1.145,-0.442],[-0.501,0.832],[-1.151,1.606],[-3.764,0.795],[-1.657,-2.599],[-0.094,-2.59],[0.317,-2.651],[-1.225,-0.392],[-0.553,1.067],[-0.486,0.938],[-2.14,1.606],[-1.669,-4.667],[0.023,-2.902],[-1.017,-0.194],[-0.201,0.904],[-0.216,1.298],[-0.601,4.913],[-4.07,9.114]],"o":[[-2.339,0.218],[-1.276,6.07],[-1.817,8.534],[0.121,5.279],[-4.117,1.502],[-11.472,-0.211],[-3.901,-1.981],[-4.604,-4.083],[0.205,-4.187],[1.945,-1.056],[2.256,1.837],[0.334,3.166],[-0.18,0.943],[1.128,0.436],[1.019,-1.695],[2.264,-3.162],[2.902,-0.612],[1.39,2.179],[0.094,2.636],[-0.125,1.049],[1.454,0.466],[0.485,-0.938],[1.23,-2.376],[3.967,-2.978],[1.01,2.821],[-0.006,0.769],[1.212,0.232],[0.283,-1.283],[2.592,-4.506],[1.205,-9.829],[1.783,-3.989]],"v":[[40.283,-28.727],[37.631,-24.967],[33.992,-6.716],[30.757,19.153],[22.716,29.294],[9.918,31.127],[-22.373,22.736],[-33.207,15.48],[-39.976,0.104],[-33.881,-8.515],[-27.93,-7.729],[-24.067,-0.611],[-24.263,8.866],[-23.593,11.231],[-21.502,9.953],[-18.294,4.962],[-9.094,-0.736],[-2.293,1.995],[0.007,9.045],[0.202,16.955],[1.175,19.685],[3.792,17.816],[5.172,14.965],[10.14,8.87],[19.02,11.616],[19.784,20.245],[20.605,22.194],[22.345,20.484],[23.013,16.593],[26.1,2.07],[33.143,-26.534]],"c":true},"ix":2},"nm":"Path 1","mn":"ADBE Vector Shape - Group","hd":false},{"ty":"fl","c":{"a":0,"k":[0.823529471603,0.835294177485,0.913725550034,1],"ix":4},"o":{"a":0,"k":100,"ix":5},"r":1,"bm":0,"nm":"Fill 1","mn":"ADBE Vector Graphic - Fill","hd":false},{"ty":"tr","p":{"a":0,"k":[73.794,264.87],"ix":2},"a":{"a":0,"k":[0,0],"ix":1},"s":{"a":0,"k":[100,100],"ix":3},"r":{"a":0,"k":0,"ix":6},"o":{"a":0,"k":100,"ix":7},"sk":{"a":0,"k":0,"ix":4},"sa":{"a":0,"k":0,"ix":5},"nm":"Transform"}],"nm":"Group 25","np":2,"cix":2,"bm":0,"ix":25,"mn":"ADBE Vector Group","hd":false},{"ty":"gr","it":[{"ind":0,"ty":"sh","ix":1,"ks":{"a":0,"k":{"i":[[1.445,0.149],[-1.448,-0.175]],"o":[[1.345,-0.647],[-1.296,1.033]],"v":[[-2.106,0.101],[2.106,-0.429]],"c":true},"ix":2},"nm":"Path 1","mn":"ADBE Vector Shape - Group","hd":false},{"ty":"fl","c":{"a":0,"k":[0.486274539723,0.533333333333,0.756862804936,1],"ix":4},"o":{"a":0,"k":100,"ix":5},"r":1,"bm":0,"nm":"Fill 1","mn":"ADBE Vector Graphic - Fill","hd":false},{"ty":"tr","p":{"a":0,"k":[129.478,416.851],"ix":2},"a":{"a":0,"k":[0,0],"ix":1},"s":{"a":0,"k":[100,100],"ix":3},"r":{"a":0,"k":0,"ix":6},"o":{"a":0,"k":100,"ix":7},"sk":{"a":0,"k":0,"ix":4},"sa":{"a":0,"k":0,"ix":5},"nm":"Transform"}],"nm":"Group 26","np":2,"cix":2,"bm":0,"ix":26,"mn":"ADBE Vector Group","hd":false},{"ty":"gr","it":[{"ind":0,"ty":"sh","ix":1,"ks":{"a":0,"k":{"i":[[0.123,0.036],[-1.363,1.912],[-0.178,-1.009],[0.755,-0.666],[1.32,-0.338]],"o":[[0.611,-2.207],[1.183,0.046],[-0.611,1.201],[-0.913,0.807],[-0.106,0.027]],"v":[[-2.487,3.118],[0.003,-3.243],[1.77,-1.398],[1.732,2.064],[-2.123,3.217]],"c":true},"ix":2},"nm":"Path 1","mn":"ADBE Vector Shape - Group","hd":false},{"ty":"fl","c":{"a":0,"k":[0.823529471603,0.835294177485,0.913725550034,1],"ix":4},"o":{"a":0,"k":100,"ix":5},"r":1,"bm":0,"nm":"Fill 1","mn":"ADBE Vector Graphic - Fill","hd":false},{"ty":"tr","p":{"a":0,"k":[176.873,170.408],"ix":2},"a":{"a":0,"k":[0,0],"ix":1},"s":{"a":0,"k":[100,100],"ix":3},"r":{"a":0,"k":0,"ix":6},"o":{"a":0,"k":100,"ix":7},"sk":{"a":0,"k":0,"ix":4},"sa":{"a":0,"k":0,"ix":5},"nm":"Transform"}],"nm":"Group 27","np":2,"cix":2,"bm":0,"ix":27,"mn":"ADBE Vector Group","hd":false},{"ty":"gr","it":[{"ind":0,"ty":"sh","ix":1,"ks":{"a":0,"k":{"i":[[-0.02,-2.355],[1.641,-0.131],[0.24,2.814],[-1.267,0.052]],"o":[[-0.012,1.217],[-2.168,0.174],[-0.165,-1.94],[1.789,-0.075]],"v":[[2.77,0.771],[1.084,3.34],[-2.605,-1.15],[-0.375,-3.439]],"c":true},"ix":2},"nm":"Path 1","mn":"ADBE Vector Shape - Group","hd":false},{"ty":"fl","c":{"a":0,"k":[0.043137254902,0.043137254902,0.043137254902,1],"ix":4},"o":{"a":0,"k":100,"ix":5},"r":1,"bm":0,"nm":"Fill 1","mn":"ADBE Vector Graphic - Fill","hd":false},{"ty":"tr","p":{"a":0,"k":[115.368,17.875],"ix":2},"a":{"a":0,"k":[0,0],"ix":1},"s":{"a":0,"k":[100,100],"ix":3},"r":{"a":0,"k":0,"ix":6},"o":{"a":0,"k":100,"ix":7},"sk":{"a":0,"k":0,"ix":4},"sa":{"a":0,"k":0,"ix":5},"nm":"Transform"}],"nm":"Group 28","np":2,"cix":2,"bm":0,"ix":28,"mn":"ADBE Vector Group","hd":false},{"ty":"gr","it":[{"ind":0,"ty":"sh","ix":1,"ks":{"a":0,"k":{"i":[[1.159,1.265],[-2.85,-2.419],[-3.616,-10.894],[-8.375,0.259],[-0.315,2.206],[-0.355,-0.041],[-1.874,0.536],[-3.796,0.378],[-0.894,-0.61],[1.141,-1.959],[5.043,-0.859],[5.379,11.908],[0.307,0.418],[2.191,2.355],[2.545,3.565],[2.522,2.367]],"o":[[3.775,-0.557],[8.787,7.458],[2.954,8.905],[1.894,-0.059],[0.355,0.041],[0.968,2.273],[3.641,-1.041],[0.624,-0.062],[-0.187,2.04],[-5.081,0.637],[-13.469,2.293],[-0.21,-0.463],[-0.695,-2.955],[-0.333,-4.518],[-1.996,-2.796],[-1.247,-1.171]],"v":[[-34.532,-25.688],[-25,-22.318],[-6.562,5.231],[11.906,19.159],[15.641,16.552],[16.707,16.675],[21.32,18.149],[32.371,15.57],[34.532,15.864],[33.022,22.006],[17.785,23.952],[-15.046,7.372],[-15.953,6.11],[-19.312,-2.246],[-24.329,-14.103],[-31.041,-21.909]],"c":true},"ix":2},"nm":"Path 1","mn":"ADBE Vector Shape - Group","hd":false},{"ty":"fl","c":{"a":0,"k":[0.823529471603,0.835294177485,0.913725550034,1],"ix":4},"o":{"a":0,"k":100,"ix":5},"r":1,"bm":0,"nm":"Fill 1","mn":"ADBE Vector Graphic - Fill","hd":false},{"ty":"tr","p":{"a":0,"k":[181.015,61.682],"ix":2},"a":{"a":0,"k":[0,0],"ix":1},"s":{"a":0,"k":[100,100],"ix":3},"r":{"a":0,"k":0,"ix":6},"o":{"a":0,"k":100,"ix":7},"sk":{"a":0,"k":0,"ix":4},"sa":{"a":0,"k":0,"ix":5},"nm":"Transform"}],"nm":"Group 29","np":2,"cix":2,"bm":0,"ix":29,"mn":"ADBE Vector Group","hd":false},{"ty":"gr","it":[{"ind":0,"ty":"sh","ix":1,"ks":{"a":0,"k":{"i":[[3.775,-0.557],[1.129,-3.132],[0.017,-2.528],[0.594,-1.55],[-6.921,6.184],[3.881,0.636],[0.275,2.396],[0.223,1.382],[-0.636,3.84],[-1.334,1.897],[-1.079,0.471],[-1.029,-0.831],[0.264,-1.147],[1.547,-1.485],[0.241,-4.02],[-1.929,-0.435],[-9.231,-12.875],[-1.872,-5.604],[-6.894,-0.588],[-0.791,-1.476],[1.894,-0.059],[2.954,8.905],[8.787,7.458]],"o":[[-3.727,0.21],[-0.859,2.383],[-0.011,1.565],[-4.75,-3.351],[-3.596,-1.849],[-1.886,-0.309],[0.845,-1.132],[-0.64,-3.954],[0.39,-2.348],[0.68,-0.969],[1.213,-0.529],[1.112,0.899],[-0.492,2.124],[-2.888,2.773],[-0.116,1.92],[15.739,3.544],[3.51,4.897],[2.325,6.958],[1.542,0.132],[-0.315,2.206],[-8.375,0.259],[-3.616,-10.894],[-2.85,-2.419]],"v":[[-15.978,-5.177],[-22.649,0.637],[-23.64,8.066],[-23.896,12.781],[-19.019,-9.391],[-30.204,-13.02],[-34.196,-16.092],[-33.476,-19.835],[-32.366,-31.454],[-29.01,-37.513],[-26.154,-39.396],[-22.833,-39.099],[-22.172,-35.81],[-25.53,-30.566],[-30.168,-20.386],[-27.695,-17.228],[9.022,8.496],[16.431,24.61],[30.539,35.252],[34.196,37.063],[30.461,39.67],[11.993,25.743],[-6.445,-1.807]],"c":true},"ix":2},"nm":"Path 1","mn":"ADBE Vector Shape - Group","hd":false},{"ty":"fl","c":{"a":0,"k":[0.043137254902,0.043137254902,0.043137254902,1],"ix":4},"o":{"a":0,"k":100,"ix":5},"r":1,"bm":0,"nm":"Fill 1","mn":"ADBE Vector Graphic - Fill","hd":false},{"ty":"tr","p":{"a":0,"k":[162.46,41.17],"ix":2},"a":{"a":0,"k":[0,0],"ix":1},"s":{"a":0,"k":[100,100],"ix":3},"r":{"a":0,"k":0,"ix":6},"o":{"a":0,"k":100,"ix":7},"sk":{"a":0,"k":0,"ix":4},"sa":{"a":0,"k":0,"ix":5},"nm":"Transform"}],"nm":"Group 30","np":2,"cix":2,"bm":0,"ix":30,"mn":"ADBE Vector Group","hd":false},{"ty":"gr","it":[{"ind":0,"ty":"sh","ix":1,"ks":{"a":0,"k":{"i":[[-0.309,0.074],[-1.487,-1.641],[-2.32,-8.125],[2.364,-9.286],[14.781,-7.181],[8.55,-0.995],[0.202,-2.569],[-1.956,0.015],[-0.135,-0.885],[0.146,-7.139],[1.121,-7.329],[-0.326,-1.082],[3.032,-2.637],[2.127,0.664],[-1.175,5.542],[3.067,12.048],[3.759,0.182],[-0.134,2.046],[-2.412,0.038],[-2.851,0.557],[-6.773,4.119],[-0.645,19.856],[6.121,9.89],[-1.504,2.007]],"o":[[-1.281,2.631],[5.701,6.292],[2.623,9.184],[-4.058,15.946],[-7.892,3.835],[-1.721,0.2],[-0.197,2.5],[1.364,-0.012],[1.081,7.08],[-0.152,7.399],[-0.179,1.166],[1.273,4.222],[-1.769,-1.299],[0.553,-5.67],[2.597,-12.247],[-0.724,-2.842],[-3.045,-0.149],[0.144,-2.165],[2.919,-0.045],[7.647,-1.493],[16.373,-9.956],[0.374,-11.549],[-1.165,-1.882],[0.312,-0.074]],"v":[[19.255,-79.641],[21.286,-73.772],[33.201,-52.068],[34.156,-24.242],[5.53,10.225],[-19.379,16.243],[-23.854,18.364],[-19.872,21.002],[-18.476,22.961],[-17.298,44.316],[-19.087,66.428],[-19.139,69.976],[-22.96,79.641],[-28.897,76.822],[-25.488,60.168],[-26.58,23.738],[-32.178,18.04],[-36.385,14.577],[-31.604,10.144],[-22.953,9.281],[-0.759,2.391],[26.188,-41.316],[18.465,-73.506],[18.325,-79.418]],"c":true},"ix":2},"nm":"Path 1","mn":"ADBE Vector Shape - Group","hd":false},{"ty":"fl","c":{"a":0,"k":[0.823529471603,0.835294177485,0.913725550034,1],"ix":4},"o":{"a":0,"k":100,"ix":5},"r":1,"bm":0,"nm":"Fill 1","mn":"ADBE Vector Graphic - Fill","hd":false},{"ty":"tr","p":{"a":0,"k":[158.882,303.917],"ix":2},"a":{"a":0,"k":[0,0],"ix":1},"s":{"a":0,"k":[100,100],"ix":3},"r":{"a":0,"k":0,"ix":6},"o":{"a":0,"k":100,"ix":7},"sk":{"a":0,"k":0,"ix":4},"sa":{"a":0,"k":0,"ix":5},"nm":"Transform"}],"nm":"Group 31","np":2,"cix":2,"bm":0,"ix":31,"mn":"ADBE Vector Group","hd":false},{"ty":"gr","it":[{"ind":0,"ty":"sh","ix":1,"ks":{"a":0,"k":{"i":[[0.528,5.45],[5.859,-1],[-0.355,-1.462],[-2.154,-0.125],[-3.159,1.083]],"o":[[-5.813,2.244],[-1.617,0.275],[0.51,2.1],[3.347,0.194],[4.498,-1.543]],"v":[[48.005,29.258],[30.613,34.069],[29.076,36.492],[32.958,39.73],[42.72,38.441]],"c":true},"ix":2},"nm":"Path 1","mn":"ADBE Vector Shape - Group","hd":false},{"ind":1,"ty":"sh","ix":2,"ks":{"a":0,"k":{"i":[[7.17,1.243],[1.726,-5.525],[0.545,-2.302],[0.483,-1.636],[1.662,0.497],[-0.33,1.28],[-0.033,0.518],[-0.187,2.04],[0.624,-0.062],[3.642,-1.041],[0.968,2.273],[-1.556,0.444],[-4.646,0.282],[-0.768,1.844],[-3.192,1.074],[-4.218,-2.473],[1.444,-4.873],[-1.373,-1.897],[0.019,-10.282],[1.596,-4.703],[6.572,-3.902],[-0.071,-1.92],[6.997,-1.932],[3.33,0.219],[1.036,3.833],[3.047,-0.253],[5.018,0.146],[0.847,-1.479],[2.039,-2.083],[0.955,-1.93],[0.611,-2.207],[0,0],[-1.012,2.864],[-2.623,2.651],[-0.967,2.499],[2.406,0.45],[11.18,8.264],[3.322,5.368],[1.615,-0.271],[1.371,0.603],[-0.266,1.229],[-0.929,-0.035],[-1.766,0.741],[-1.081,5.568],[-0.206,1.837],[-0.983,0.037],[-0.252,-0.821],[-0.032,-0.782],[4.763,-4.12],[-1.247,-1.685],[-3.198,-2.58],[-13.427,-2.576],[-5.582,0.26],[-4.843,0.48],[-9.074,4.717],[-2.041,5.641],[6.449,12.419],[1.7,1.012],[0.778,-1.392],[1.256,0.818],[-0.517,1.005],[-0.61,0.857],[-1.068,1.661]],"o":[[-5.914,-1.23],[-0.703,2.253],[-0.393,1.663],[-0.39,1.32],[-1.427,-0.426],[0.128,-0.495],[1.142,-1.959],[-0.894,-0.61],[-3.796,0.378],[-1.873,0.535],[0.39,-1.569],[4.445,-1.269],[1.917,-0.116],[1.369,-3.281],[4.879,-1.643],[3.695,2.166],[-0.694,2.343],[6.113,8.447],[-0.009,4.908],[-2.412,7.114],[-1.509,0.896],[0.269,7.278],[-3.205,0.884],[-3.624,-0.239],[-0.784,-2.902],[-5.011,0.416],[-1.641,-0.048],[-1.448,2.529],[-1.465,1.497],[-1.363,1.912],[0,0],[-3.213,-0.634],[1.262,-3.574],[1.647,-1.665],[-2.45,-1.003],[-13.536,-2.529],[-5.021,-3.712],[-0.94,-1.516],[-1.428,0.239],[-1.021,-0.45],[0.241,-1.113],[1.848,0.07],[5.305,-2.226],[0.35,-1.81],[0.095,-0.85],[0.867,-0.032],[0.229,0.743],[0.262,6.342],[-1.718,1.485],[2.46,3.321],[10.738,8.663],[5.435,1.043],[4.884,0.662],[10.027,-0.992],[5.417,-2.816],[4.721,-13.049],[-0.879,-1.693],[-1.316,1.323],[-0.658,1.177],[-1.092,-0.711],[0.48,-0.935],[1.148,-1.613],[3.908,-6.081]],"v":[[48.821,-50.146],[37.238,-43.716],[35.574,-36.819],[34.375,-31.836],[31.602,-29.766],[30.458,-32.691],[30.573,-34.243],[32.083,-40.385],[29.923,-40.68],[18.871,-38.1],[14.259,-39.574],[17.224,-42.388],[30.729,-45.367],[34.696,-47.952],[42.068,-53.953],[55.742,-51.951],[59.727,-39.602],[60.913,-33.881],[69.208,-5.475],[67.128,8.96],[54.259,25.931],[52.168,29.653],[42.605,42.548],[32.8,43.598],[25.514,38.115],[21.509,35.524],[6.458,35.816],[2.958,37.69],[-2.562,44.406],[-6.587,49.233],[-9.078,55.595],[-9.015,55.547],[-12.277,50.408],[-6.045,41.347],[-1.607,35.64],[-8.984,34.177],[-46.392,18.837],[-59.444,5.722],[-63.047,4.167],[-67.333,3.742],[-68.96,1.34],[-66.718,0.185],[-61.251,-0.294],[-51.813,-12.143],[-51.137,-17.646],[-49.8,-19.282],[-47.998,-18.004],[-47.633,-15.677],[-54.411,0.122],[-54.904,4.354],[-46.331,13.095],[-9.776,29.294],[6.697,31.059],[21.318,30.835],[50.202,23.114],[61.653,10.51],[59.307,-27.815],[55.665,-32.132],[52.737,-28.087],[49.756,-27.173],[49.334,-29.998],[50.982,-32.694],[54.506,-37.474]],"c":true},"ix":2},"nm":"Path 2","mn":"ADBE Vector Shape - Group","hd":false},{"ty":"mm","mm":1,"nm":"Merge Paths 1","mn":"ADBE Vector Filter - Merge","hd":false},{"ty":"fl","c":{"a":0,"k":[0.043137254902,0.043137254902,0.043137254902,1],"ix":4},"o":{"a":0,"k":100,"ix":5},"r":1,"bm":0,"nm":"Fill 1","mn":"ADBE Vector Graphic - Fill","hd":false},{"ty":"tr","p":{"a":0,"k":[183.464,117.931],"ix":2},"a":{"a":0,"k":[0,0],"ix":1},"s":{"a":0,"k":[100,100],"ix":3},"r":{"a":0,"k":0,"ix":6},"o":{"a":0,"k":100,"ix":7},"sk":{"a":0,"k":0,"ix":4},"sa":{"a":0,"k":0,"ix":5},"nm":"Transform"}],"nm":"Group 32","np":4,"cix":2,"bm":0,"ix":32,"mn":"ADBE Vector Group","hd":false},{"ty":"gr","it":[{"ind":0,"ty":"sh","ix":1,"ks":{"a":0,"k":{"i":[[1.41,0.232],[-0.004,-0.099],[-0.118,-0.221],[-5.976,-0.375],[-2.057,1.886],[-0.847,3.602],[-4.315,4.763],[0.895,0.692],[1.293,-1.891],[0.688,-4.499],[0.592,-2.01],[6.515,6.738]],"o":[[-0.194,0.238],[0.009,0.258],[2.859,5.34],[2.755,0.174],[2.738,-2.509],[1.379,-5.858],[0.814,-0.898],[-1.76,-1.357],[-2.573,3.762],[-0.318,2.084],[-2.654,9.015],[-0.844,-0.873]],"v":[[-81.86,121.932],[-82.207,122.375],[-82.058,123.139],[-68.685,131.613],[-61.494,128.882],[-56.5,119.684],[-50.078,102.892],[-50.464,100.621],[-54.35,101.152],[-59.074,113.626],[-60.203,119.846],[-79.175,124.454]],"c":true},"ix":2},"nm":"Path 1","mn":"ADBE Vector Shape - Group","hd":false},{"ind":1,"ty":"sh","ix":2,"ks":{"a":0,"k":{"i":[[-2.343,-0.255],[-2.474,1.318],[0.764,1.428],[-0.129,2.666],[1.585,-0.093],[1.74,-5.183],[-1.51,-0.806]],"o":[[2.846,-0.182],[1.439,-0.766],[-1.282,-2.398],[0.09,-1.872],[-5.531,0.325],[-0.562,1.679],[2.139,1.143]],"v":[[-72.3,-57.636],[-64.374,-59.996],[-63.38,-63.27],[-64.927,-70.932],[-67.366,-73.036],[-80.541,-63.053],[-79.098,-59.462]],"c":true},"ix":2},"nm":"Path 2","mn":"ADBE Vector Shape - Group","hd":false},{"ind":2,"ty":"sh","ix":3,"ks":{"a":0,"k":{"i":[[-0.105,-2.161],[-6.663,2.713],[0.858,1.637],[4.33,-0.623]],"o":[[1.389,7.461],[0.812,-0.962],[-2.019,-3.85],[-1.626,0.234]],"v":[[-77.603,-85.683],[-62.715,-78.379],[-61.566,-81.72],[-74.547,-88.466]],"c":true},"ix":2},"nm":"Path 3","mn":"ADBE Vector Shape - Group","hd":false},{"ind":3,"ty":"sh","ix":4,"ks":{"a":0,"k":{"i":[[1.812,3.215],[0.749,1.186],[2.857,-2.951],[-3.408,-6.33],[-0.984,-0.698],[-1.459,2.895],[1.09,2.228]],"o":[[-0.612,-1.274],[-2.016,-3.192],[-3.487,6.484],[0.566,1.053],[3.111,2.207],[1.002,-1.987],[-0.471,-3.714]],"v":[[-85.027,98.573],[-86.886,94.768],[-93.13,94.5],[-92.715,113.719],[-90.384,116.379],[-81.698,115.22],[-81.215,108.824]],"c":true},"ix":2},"nm":"Path 4","mn":"ADBE Vector Shape - Group","hd":false},{"ind":4,"ty":"sh","ix":5,"ks":{"a":0,"k":{"i":[[-0.572,-0.27],[-0.37,-0.068],[-5.656,-4.349],[0.895,-2.013],[2.305,1.723],[8.305,12.721],[2.08,-2.199],[0.643,0.627],[-0.345,0.829],[-0.424,0.96],[1.358,-1.581],[-1.898,-3.153],[-0.956,-0.253],[0.364,1.546],[0.163,1.304],[-1.49,0.289],[-0.259,-1.281],[-1.155,-2.121],[-3.971,-4.078],[-11.918,-8.421],[-24.114,-3.031],[-2.632,-0.159],[-1.22,1.235],[-0.537,5.84],[1.51,-0.421],[0.547,1.617],[-1.087,0.574],[-3.343,2.997],[0.424,2.572],[4.136,3.003],[1.972,-1.221],[0.294,-0.255],[5.527,0.419],[3.895,0.679],[14.926,5.334],[9.766,5.812],[0.603,0.162],[0.374,-0.459]],"o":[[0.031,0.382],[4.811,5.345],[1.211,0.932],[-0.578,1.299],[-12.02,-8.985],[-1.062,-1.626],[-0.575,0.608],[-0.603,-0.588],[0.391,-0.939],[-2.434,-0.438],[-2.34,2.723],[0.485,0.805],[0.998,0.265],[-0.301,-1.286],[-0.152,-1.223],[1.539,-0.299],[0.474,2.335],[2.739,5.028],[10.17,10.438],[19.801,13.992],[2.582,0.552],[1.831,0.111],[4.137,-4.185],[-2.032,-0.027],[-1.342,0.375],[-0.496,-1.469],[3.988,-2.103],[1.942,-1.741],[-0.753,-4.584],[1.221,2.814],[-0.327,0.203],[-5.011,2.401],[-3.956,-0.3],[-15.645,-2.728],[-10.721,-3.832],[-0.297,-0.619],[-0.406,-0.454],[-0.448,0.547]],"v":[[-30.814,-58.014],[-30.2,-57.35],[-13.899,-43.521],[-11.856,-39.767],[-16.289,-40.396],[-47.873,-71.856],[-52.124,-72.862],[-54.277,-73.009],[-54.772,-75.183],[-53.532,-78.007],[-58.364,-76.531],[-59.294,-64.08],[-57.329,-62.229],[-55.748,-63.47],[-56.614,-67.335],[-55.063,-70.134],[-52.747,-68.057],[-50.527,-61.311],[-40.453,-47.604],[-7.422,-19.179],[58.316,6.696],[66.147,7.643],[70.839,5.96],[77.428,-9.22],[72.564,-7.805],[69.239,-8.925],[71.077,-11.478],[81.93,-19.342],[85.038,-25.867],[78.233,-37.597],[75.907,-32.168],[75.02,-31.41],[59.223,-28.719],[47.434,-30.094],[1.734,-42.772],[-28.846,-57.556],[-30.321,-58.541],[-31.759,-59.291]],"c":true},"ix":2},"nm":"Path 5","mn":"ADBE Vector Shape - Group","hd":false},{"ind":5,"ty":"sh","ix":6,"ks":{"a":0,"k":{"i":[[-0.003,-0.007],[0,0],[0,0],[0,0]],"o":[[0,0],[0,0],[0,0],[0,0]],"v":[[-33.757,-60.69],[-33.896,-60.74],[-33.746,-60.635],[-33.658,-60.533]],"c":true},"ix":2},"nm":"Path 6","mn":"ADBE Vector Shape - Group","hd":false},{"ind":6,"ty":"sh","ix":7,"ks":{"a":0,"k":{"i":[[0.397,-0.974],[1.929,-0.041],[4.831,-1.387],[-2.06,-2.335],[3.974,-1.483],[0.663,4.566],[0.547,3.107],[1.36,1.83],[2.795,-2.163],[0.555,-1.25],[-1.637,-7.946],[-4.098,-1.723],[-0.462,-0.242],[0.523,-1.294],[1.273,0.412],[0.984,0.807],[1.412,-1.609],[3.18,-13.434],[-0.152,-16.177],[-1.122,-1.102],[-9.477,-5.274],[-15.033,-4.265],[-11.82,-0.691],[-3.877,2.025],[0.193,0.893],[0,0],[-0.107,0.027],[-0.913,0.806],[-0.611,1.201],[-1.314,-1.173],[-0.677,-5.998],[2.801,-2.463],[0.248,-3.435],[5.625,-5.141],[5.714,0.85],[16.561,10.246],[12.973,13.541],[3.374,4.378],[0.258,-0.931],[-1.579,-9.489],[0.505,-1.246],[3.103,-13.507],[-1.289,-12.025],[-0.668,-2.062],[0.03,0.464],[-4.554,3.842],[-1.816,4.527],[-3.605,9.369],[-4.419,6.3],[-3.02,1.784],[-0.955,-0.04],[-0.459,-1.128],[0.789,-0.496],[4.201,-9.7],[5.937,-12.179],[-1.734,-3.071],[-0.726,-3.138],[-0.671,0.523],[-3.024,0.799],[-2.897,-4.169],[-0.919,-5.128],[-0.668,0.543],[-1.867,0.735],[-1.767,-5.452],[-0.305,-2.485],[0.283,-1.284],[1.212,0.233],[-0.006,0.77],[1.01,2.822],[3.967,-2.977],[1.23,-2.376],[0.485,-0.938],[1.454,0.466],[-0.125,1.05],[0.094,2.636],[1.39,2.18],[2.902,-0.613],[2.264,-3.162],[1.019,-1.694],[1.128,0.435],[-0.18,0.944],[0.334,3.166],[2.256,1.837],[1.945,-1.056],[0.205,-4.188],[-4.604,-4.083],[-3.901,-1.98],[-11.472,-0.211],[-4.117,1.503],[0.121,5.28],[-1.817,8.535],[-1.276,6.071],[-2.339,0.217],[-0.721,-1.827],[-0.542,0.813],[-1.471,-0.899],[0.639,-1.182],[2.095,-0.625],[0.197,-1.445],[-0.04,-11.328],[7.738,-2.689],[10.212,2.918],[6.731,3.674],[3.441,7.29],[1.025,0.298],[-0.448,-0.772],[-9.637,-7.666],[-14.761,-2.1],[-1.012,-0.283],[0.056,-1.292],[1.05,-0.055],[1.451,0.059],[-0.019,-2.491],[1.109,-9.858],[4.458,-9.812],[-0.201,-3.871],[-3.551,-1.599],[-1.93,-0.438],[-10.869,-0.046],[-1.395,0.526],[-7.388,3.607],[1.053,5.363],[2.311,3.584],[1.6,-2.788],[0.222,-0.883],[0.197,-1.303],[0.885,-0.115],[0.267,1.027],[0.404,0.821],[2.957,-4.184],[0.365,-3.359],[0.156,-1.838],[1.399,0.245],[-2.654,5.174],[-4.312,0.688],[-1.77,-1.299],[1.272,4.221],[-0.179,1.166],[-0.153,7.4],[1.081,7.08],[1.364,-0.012],[-0.196,2.5],[-1.722,0.2],[-7.893,3.835],[-4.059,15.945],[2.623,9.183],[5.701,6.292],[-1.282,2.631],[-1.227,-1.348],[-1.871,-12.364],[20.098,-13.614],[9.374,-1.749],[-0.329,-2.637],[1.055,-13.442],[-2.824,-4.246],[-1.85,-4.355],[-0.037,-0.392],[7.772,-3.869],[0.871,-0.304],[2.857,-0.974],[0.601,-0.345],[1.345,-0.647],[8.786,-0.015],[1.292,0.15],[6.996,2.45],[1.028,4.237],[0.03,2.88],[-1.487,3.405],[-1.217,3.841],[-0.43,4.07],[-0.561,6.185],[0.266,5.535],[1.146,0.227],[4.476,0.926],[1.002,0.617],[2.021,-3.816],[1.181,-3.6],[1.305,-2.304],[7.973,0.962],[1.161,0.972],[1.748,3.519],[1.964,-0.02],[1.608,3.304],[-1.925,6.803],[-2.644,1.532],[-2.32,-2.051],[-0.668,-1.115],[-1.388,-5.969],[1.07,-2.455],[-3.401,-1.506],[-1.919,4.038],[-0.142,1.836],[-3.848,5.354],[0.788,0.698],[0.295,0.264],[3.106,11.382],[0.177,0.496],[0.556,0.583],[0.292,2.359],[-3.113,12.927],[-4.237,9.69],[0.469,5.844],[-2.395,7.89],[1.007,0.745],[1.027,-0.454],[1.051,-0.554],[5.999,2.855],[-2.203,4.472],[-4.095,2.398],[1.122,1.971],[-1.979,3.022],[-3.521,-0.565],[-2.794,-4.07],[-3.199,0.198],[-0.254,4.477],[-3.342,11.628],[-8.733,9.789],[0.869,2.128],[-6.294,9.235],[-0.801,1.719],[-0.728,0.725],[-1.573,-6.901],[-0.503,-2.709],[-2.377,0.721],[-4.64,-0.134],[-0.688,1.718],[0.994,1.563],[0.717,0.923],[0.168,0.466],[-0.903,0.262],[-1.107,-1.25],[1.392,-4.245]],"o":[[-0.387,1.761],[-4.966,0.104],[-3.06,0.879],[2.79,3.164],[-3.62,-3.041],[-0.455,-3.121],[-0.391,-2.227],[-2.112,-2.843],[-1.021,0.791],[-4.952,6.464],[0.888,4.31],[0.485,0.204],[1.216,0.639],[-0.522,1.29],[-1.247,-0.403],[-1.986,-1.629],[-9.044,10.303],[-3.737,15.793],[0.014,1.611],[7.821,7.672],[13.709,7.632],[11.336,3.216],[4.3,0.252],[0.531,-0.278],[0,0],[0.123,0.036],[1.319,-0.339],[0.755,-0.666],[1.317,-1.045],[4.515,4.03],[0.424,3.772],[-2.566,2.254],[-0.539,7.455],[-5.673,2.331],[-19.173,-2.85],[-15.933,-9.858],[-3.47,-3.623],[-0.502,1.283],[-2.523,9.099],[0.235,1.415],[-5.152,12.72],[-2.676,11.645],[0.224,2.085],[0.692,-0.425],[-0.387,-5.927],[3.933,-3.318],[3.74,-9.316],[2.774,-7.206],[1.996,-2.845],[0.794,-0.469],[1.083,0.046],[0.434,1.064],[-9.55,6.004],[-5.244,12.106],[3.299,1.179],[1.661,2.945],[1.29,0.359],[2.407,-1.875],[4.916,-1.3],[1.853,2.665],[1.158,0.185],[1.548,-1.258],[5.352,-2.108],[0.781,2.411],[-0.216,1.298],[-0.201,0.904],[-1.017,-0.194],[0.023,-2.901],[-1.669,-4.667],[-2.14,1.607],[-0.486,0.937],[-0.553,1.067],[-1.225,-0.393],[0.317,-2.65],[-0.094,-2.591],[-1.657,-2.598],[-3.764,0.795],[-1.151,1.606],[-0.501,0.832],[-1.145,-0.443],[0.599,-3.143],[-0.306,-2.901],[-1.81,-1.475],[-3.356,1.819],[-0.307,6.267],[3.279,2.908],[10.147,5.154],[4.42,0.082],[4.705,-1.719],[-0.204,-8.819],[1.292,-6.066],[0.325,-1.548],[2.834,1.19],[1.417,0.427],[0.764,-1.147],[1.881,1.15],[-1.043,1.926],[-1.51,0.451],[-1.508,11.094],[0.03,8.203],[-10.279,3.572],[-7.382,-2.109],[-7.016,-3.829],[-0.336,-0.572],[-0.216,0.896],[2.633,12.084],[11.606,9.231],[1.045,0.148],[1.035,0.289],[-0.059,1.381],[-1.445,0.075],[-2.698,-0.112],[0.072,9.924],[-1.183,10.505],[-1.603,3.529],[0.194,3.73],[1.826,0.822],[10.618,2.407],[1.44,0.006],[8.116,0.04],[4.971,-2.427],[-0.818,-4.163],[-1.732,-2.687],[-0.453,0.79],[-0.32,1.276],[-0.13,0.862],[-1.104,0.144],[-0.231,-0.883],[-2.246,-4.561],[-1.92,2.72],[-0.199,1.835],[-0.135,1.596],[-0.663,-5.778],[1.878,-3.661],[2.127,0.664],[3.032,-2.638],[-0.326,-1.082],[1.121,-7.329],[0.145,-7.138],[-0.135,-0.885],[-1.956,0.016],[0.202,-2.569],[8.55,-0.995],[14.78,-7.182],[2.363,-9.286],[-2.32,-8.125],[-1.488,-1.642],[1.354,0.203],[8.404,9.239],[3.577,23.625],[-7.993,5.414],[-2.727,0.509],[1.68,13.457],[-0.385,4.886],[2.621,3.943],[0.004,0.395],[0.828,8.752],[-0.825,0.412],[-2.85,0.994],[-0.687,-0.351],[-1.448,-0.175],[-8.784,0.922],[-1.21,-0.67],[-7.316,-0.845],[-4.047,-1.417],[-0.695,-2.872],[0.831,-3.691],[1.643,-3.759],[1.22,-3.855],[0.654,-6.175],[0.506,-5.57],[-0.051,-1.057],[-4.456,-0.877],[-1.102,-0.229],[-3.635,-2.237],[-1.799,3.396],[-0.816,2.492],[-4.201,7.41],[-1.474,-0.178],[-2.925,-2.446],[-0.712,-1.434],[-4.364,0.045],[-3.128,-6.43],[0.804,-2.839],[2.627,-1.523],[0.977,0.862],[3.137,5.24],[0.574,2.462],[-1.51,3.469],[4.05,1.792],[0.8,-1.685],[0.497,-6.407],[0.706,-0.983],[-0.297,-0.263],[-8.834,-7.892],[-0.138,-0.508],[0.136,-0.763],[-0.327,-2.354],[-1.65,-13.343],[2.491,-10.34],[2.222,-5.081],[-0.659,-8.218],[0.24,-0.791],[-0.87,-0.644],[-1.081,0.478],[-5.899,3.11],[-4.514,-2.148],[1.962,-3.986],[-1.812,-1.717],[-1.743,-3.063],[2.12,-3.236],[4.86,0.78],[2.236,3.256],[0.236,-4.764],[0.682,-12.035],[3.655,-12.713],[1.193,-1.335],[-4.308,-10.557],[1.04,-1.526],[1.137,0.076],[8.193,-2.201],[0.615,2.697],[0.495,2.666],[4.481,-1.357],[1.214,0.035],[0.657,-1.642],[-0.624,-0.981],[-0.316,-0.407],[-0.522,-1.439],[1.748,-0.507],[3.142,3.55],[-0.328,0.997]],"v":[[24.681,-185.237],[21.405,-182.719],[6.62,-181.075],[5.313,-176.816],[4.019,-171.736],[-1.923,-183.367],[-3.495,-192.699],[-5.999,-198.855],[-14.291,-200.047],[-16.918,-197.172],[-21.827,-175.523],[-14.397,-166.387],[-12.909,-165.853],[-11.689,-162.883],[-14.629,-161.568],[-18.21,-163.202],[-22.797,-162.401],[-41.661,-127.101],[-46.381,-79.092],[-44.62,-75.382],[-18.141,-56.68],[25.411,-39.925],[59.973,-33.264],[72.303,-35.424],[73.388,-36.799],[73.325,-36.75],[73.69,-36.652],[77.544,-37.804],[77.581,-41.267],[81.475,-41.2],[89.448,-26.177],[85.536,-16.642],[81.833,-8.415],[72.61,10.701],[55.4,11.174],[1.676,-8.117],[-41.862,-42.957],[-51.556,-55.079],[-52.753,-51.983],[-55.424,-24.209],[-56.27,-20.47],[-70.779,18.054],[-74.28,53.393],[-73.178,59.618],[-72.598,58.198],[-66.545,43.376],[-59.028,30.98],[-48,2.957],[-37.039,-17.189],[-29.687,-24.304],[-27.172,-25.375],[-24.614,-23.825],[-25.567,-21.466],[-43.405,4.077],[-58.439,41.031],[-50.299,46.385],[-47.906,55.838],[-45.544,54.598],[-37.698,50.088],[-26.334,54.252],[-23.07,63.427],[-20.901,61.989],[-15.858,58.888],[-5.467,63.78],[-4.254,71.187],[-4.922,75.077],[-6.662,76.786],[-7.483,74.838],[-8.247,66.209],[-17.127,63.463],[-22.095,69.559],[-23.475,72.409],[-26.092,74.279],[-27.065,71.548],[-27.26,63.638],[-29.56,56.588],[-36.361,53.858],[-45.561,59.555],[-48.769,64.546],[-50.86,65.824],[-51.53,63.459],[-51.334,53.983],[-55.197,46.864],[-61.148,46.079],[-67.243,54.698],[-60.474,70.073],[-49.64,77.329],[-17.349,85.719],[-4.551,83.886],[3.49,73.746],[6.725,47.877],[10.364,29.626],[13.016,25.866],[14.616,31.463],[16.945,29.907],[20.066,28.343],[19.829,32.071],[15.108,36.072],[12.787,38.852],[8.163,72.124],[-3.684,88.506],[-34.465,88.368],[-55.596,79.469],[-71.431,62.851],[-72.66,61.11],[-72.327,63.574],[-53.87,93.259],[-14.384,110.524],[-11.266,111.073],[-9.238,113.166],[-11.532,114.845],[-15.884,114.746],[-18.643,117.117],[-20.224,146.791],[-26.982,177.616],[-28.727,188.885],[-23.372,196.994],[-17.752,198.875],[14.506,202.337],[18.817,201.862],[42.225,197.225],[47.95,185.982],[43.302,174.293],[38.841,174.445],[37.827,177.003],[37.119,180.892],[35.742,182.585],[33.857,181],[32.883,178.424],[23.746,177.704],[20.209,186.823],[19.578,192.323],[17.151,194.064],[20.026,177.58],[28.923,170.462],[34.861,173.281],[38.682,163.616],[38.734,160.069],[40.523,137.957],[39.345,116.602],[37.95,114.643],[33.967,112.004],[38.442,109.883],[63.351,103.865],[91.977,69.399],[91.022,41.573],[79.107,19.868],[77.076,14],[80.933,15.297],[96.888,47.51],[72.862,103.773],[46.582,113.842],[44.065,116.982],[43.983,157.334],[46.902,170.946],[52.822,183.829],[52.837,185.012],[43.551,201.915],[40.994,202.983],[32.426,205.909],[30.523,206.145],[26.311,206.675],[-0.043,206.672],[-3.896,206.041],[-25.461,201.635],[-33.081,193.384],[-33.617,184.768],[-30.985,173.755],[-27.092,162.226],[-25.201,150.108],[-23.559,131.549],[-24.229,114.937],[-25.833,113.125],[-38.373,108.233],[-41.48,106.584],[-48.597,108.534],[-52.032,119.365],[-55.138,126.544],[-73.862,135.24],[-78.07,133.252],[-85.664,124.768],[-88.999,121.945],[-97.288,115.655],[-98.54,95.593],[-93.32,88.967],[-86.456,89.527],[-83.91,92.534],[-76.917,109.286],[-77.202,116.676],[-74.124,124.569],[-64.182,120.871],[-62.828,115.51],[-57.297,97.572],[-57.638,95.188],[-58.52,94.389],[-76.212,65.348],[-76.738,63.857],[-77.275,61.814],[-78.252,54.751],[-74.709,15.483],[-63.833,-14.26],[-60.483,-30.207],[-56.871,-54.386],[-56.845,-56.915],[-59.866,-57.319],[-62.974,-55.577],[-80.891,-55.154],[-84.425,-65.719],[-75.56,-75.341],[-80.083,-80.589],[-80.71,-89.977],[-71.417,-92.918],[-59.341,-85.989],[-51.215,-83.073],[-50.529,-96.794],[-44.997,-132.361],[-25.875,-165.798],[-24.775,-170.203],[-20.855,-199.866],[-17.304,-204.056],[-14.694,-205.395],[0.471,-195.648],[2.057,-187.534],[5.038,-185.435],[18.725,-186.965],[22.191,-187.911],[21.935,-192.844],[19.786,-195.612],[18.893,-196.867],[19.888,-201.641],[24.029,-199.99],[25.864,-188.16]],"c":true},"ix":2},"nm":"Path 7","mn":"ADBE Vector Shape - Group","hd":false},{"ty":"mm","mm":1,"nm":"Merge Paths 1","mn":"ADBE Vector Filter - Merge","hd":false},{"ty":"fl","c":{"a":0,"k":[0.043137254902,0.043137254902,0.043137254902,1],"ix":4},"o":{"a":0,"k":100,"ix":5},"r":1,"bm":0,"nm":"Fill 1","mn":"ADBE Vector Graphic - Fill","hd":false},{"ty":"tr","p":{"a":0,"k":[101.061,210.277],"ix":2},"a":{"a":0,"k":[0,0],"ix":1},"s":{"a":0,"k":[100,100],"ix":3},"r":{"a":0,"k":0,"ix":6},"o":{"a":0,"k":100,"ix":7},"sk":{"a":0,"k":0,"ix":4},"sa":{"a":0,"k":0,"ix":5},"nm":"Transform"}],"nm":"Group 33","np":9,"cix":2,"bm":0,"ix":33,"mn":"ADBE Vector Group","hd":false},{"ty":"gr","it":[{"ind":0,"ty":"sh","ix":1,"ks":{"a":0,"k":{"i":[[-5.541,0.063],[0.175,5.79],[5.384,0.037],[-0.07,-6.234]],"o":[[5.949,-0.067],[-0.162,-5.335],[-6.018,-0.042],[0.067,5.902]],"v":[[-33.04,13.923],[-20.785,1.492],[-31.455,-8.845],[-43.181,3.364]],"c":true},"ix":2},"nm":"Path 1","mn":"ADBE Vector Shape - Group","hd":false},{"ind":1,"ty":"sh","ix":2,"ks":{"a":0,"k":{"i":[[-0.387,1.76],[-0.841,-0.012],[-1.887,-0.309],[-3.595,-1.849],[-4.75,-3.35],[-0.011,1.565],[-0.859,2.383],[-3.726,0.211],[-1.248,-1.172],[-1.996,-2.797],[-0.333,-4.518],[0.407,-3.293],[-2.42,-3.512],[-1.332,0.195],[-0.261,1.4],[-0.296,2.078],[-0.21,-0.463],[-13.47,2.293],[-5.081,0.637],[0.128,-0.495],[-1.426,-0.426],[-0.39,1.32],[-0.394,1.663],[-0.703,2.253],[-5.914,-1.23],[0.322,-2.406],[1.31,-2.674],[0.309,-2.867],[-1.312,-0.536],[-0.578,1.031],[-0.242,0.297],[-1.009,-2.27],[0.429,-8.592],[1.664,-3.573],[3.508,-1.723],[10.081,-1.561],[1.944,-1.915],[5.436,1.043],[10.738,8.663],[2.46,3.321],[-1.718,1.485],[0.262,6.342],[0.228,0.743],[0.866,-0.032],[0.095,-0.85],[0.351,-1.81],[5.304,-2.226],[1.848,0.07],[0.241,-1.113],[-1.022,-0.45],[-1.429,0.239],[-0.939,-1.516],[-5.021,-3.712],[-13.536,-2.529],[-2.449,-1.003],[1.646,-1.665],[1.263,-3.574],[-3.214,-0.634],[0.531,-0.277],[4.3,0.251],[11.337,3.215],[13.709,7.631],[7.821,7.672],[0.014,1.612],[-3.737,15.794],[-9.044,10.302],[-1.986,-1.629],[-1.248,-0.404],[-0.521,1.29],[1.216,0.639],[0.485,0.204],[0.888,4.309],[-4.952,6.464],[-0.658,-4.437],[0.482,-2.458],[-2.421,-4.274],[-2.166,1.829],[0.368,1.71],[-0.955,-1.031],[-2.188,0.025],[2.79,3.163],[-3.061,0.879],[-4.966,0.105]],"o":[[0.841,0.012],[0.274,2.396],[3.881,0.637],[-6.921,6.184],[0.594,-1.55],[0.018,-2.527],[1.129,-3.132],[1.16,1.265],[2.521,2.366],[2.545,3.565],[-3.969,-0.184],[-0.515,4.157],[0.703,1.021],[1.479,-0.216],[0.384,-2.061],[0.307,0.419],[5.379,11.908],[5.043,-0.859],[-0.033,0.519],[-0.33,1.28],[1.662,0.497],[0.482,-1.636],[0.545,-2.302],[1.726,-5.525],[1.252,1.968],[-3.232,-0.5],[-1.271,2.596],[-0.129,1.184],[1.519,0.622],[0.184,-0.329],[0.303,2.521],[3.504,7.888],[-0.201,4.039],[-1.564,3.358],[-9.208,4.523],[-2.444,0.379],[-5.581,0.26],[-13.426,-2.576],[-3.199,-2.58],[-1.247,-1.685],[4.762,-4.12],[-0.032,-0.782],[-0.252,-0.821],[-0.983,0.037],[-0.206,1.837],[-1.081,5.568],[-1.767,0.741],[-0.93,-0.035],[-0.267,1.229],[1.371,0.603],[1.615,-0.271],[3.323,5.368],[11.18,8.264],[2.407,0.45],[-0.966,2.499],[-2.623,2.651],[-1.011,2.864],[0.193,0.892],[-3.877,2.026],[-11.82,-0.692],[-15.033,-4.265],[-9.477,-5.275],[-1.122,-1.102],[-0.152,-16.176],[3.18,-13.434],[1.412,-1.609],[0.984,0.807],[1.272,0.411],[0.523,-1.294],[-0.462,-0.243],[-4.098,-1.723],[-1.636,-7.946],[4.379,0.187],[-2.667,0.153],[-0.988,5.021],[1.519,2.683],[1.555,-1.312],[1.33,0.616],[1.504,1.626],[3.974,-1.482],[-2.06,-2.335],[4.83,-1.387],[1.929,-0.04]],"v":[[-19.962,-70.144],[-17.439,-70.107],[-13.447,-67.034],[-2.262,-63.405],[-7.139,-41.233],[-6.884,-45.948],[-5.892,-53.378],[0.779,-59.191],[4.271,-55.411],[10.983,-47.605],[15.999,-35.748],[10.051,-31.752],[12.833,-20.121],[15.822,-18.577],[18.446,-21.166],[19.359,-27.394],[20.266,-26.131],[53.097,-9.551],[68.333,-11.497],[68.219,-9.944],[69.362,-7.019],[72.136,-9.089],[73.335,-14.072],[74.998,-20.969],[86.581,-27.399],[88.378,-20.95],[81.865,-17.082],[79.596,-8.833],[80.839,-5.82],[83.433,-7.49],[84.152,-8.385],[86.368,-1.224],[90.746,23.466],[87.966,34.924],[80.516,42.849],[51.442,51.435],[44.456,53.806],[27.984,52.041],[-8.57,35.842],[-17.144,27.101],[-16.651,22.869],[-9.872,7.07],[-10.237,4.743],[-12.039,3.464],[-13.377,5.101],[-14.053,10.604],[-23.49,22.453],[-28.958,22.932],[-31.199,24.087],[-29.572,26.489],[-25.286,26.914],[-21.684,28.469],[-8.631,41.584],[28.776,56.924],[36.153,58.387],[31.716,64.094],[25.483,73.155],[28.745,78.294],[27.66,79.668],[15.33,81.828],[-19.232,75.168],[-62.783,58.412],[-89.262,39.711],[-91.024,36],[-86.303,-12.01],[-67.44,-47.308],[-62.852,-48.11],[-59.271,-46.475],[-56.331,-47.79],[-57.552,-50.761],[-59.039,-51.296],[-66.469,-60.431],[-61.56,-82.079],[-55.39,-76.415],[-59.739,-72.194],[-57.03,-58.27],[-50.294,-57.107],[-49.318,-61.805],[-46.106,-59.043],[-40.623,-56.644],[-39.329,-61.724],[-38.022,-65.983],[-23.238,-67.628]],"c":true},"ix":2},"nm":"Path 2","mn":"ADBE Vector Shape - Group","hd":false},{"ty":"mm","mm":1,"nm":"Merge Paths 1","mn":"ADBE Vector Filter - Merge","hd":false},{"ty":"fl","c":{"a":0,"k":[0.486274539723,0.533333333333,0.756862804936,1],"ix":4},"o":{"a":0,"k":100,"ix":5},"r":1,"bm":0,"nm":"Fill 1","mn":"ADBE Vector Graphic - Fill","hd":false},{"ty":"tr","p":{"a":0,"k":[145.703,95.185],"ix":2},"a":{"a":0,"k":[0,0],"ix":1},"s":{"a":0,"k":[100,100],"ix":3},"r":{"a":0,"k":0,"ix":6},"o":{"a":0,"k":100,"ix":7},"sk":{"a":0,"k":0,"ix":4},"sa":{"a":0,"k":0,"ix":5},"nm":"Transform"}],"nm":"Group 34","np":4,"cix":2,"bm":0,"ix":34,"mn":"ADBE Vector Group","hd":false},{"ty":"gr","it":[{"ind":0,"ty":"sh","ix":1,"ks":{"a":0,"k":{"i":[[-5.674,2.332],[-0.607,-1.745],[-1.165,-1.882],[0.374,-11.549],[16.373,-9.956],[7.647,-1.493],[2.919,-0.045],[0.144,-2.165],[-3.045,-0.148],[-0.724,-2.842],[2.596,-12.247],[0.553,-5.67],[1.878,-3.661],[-0.663,-5.778],[-1.015,-2.501],[1.439,0.006],[10.617,2.406],[1.826,0.822],[0.194,3.729],[-1.602,3.529],[-1.183,10.505],[0.072,9.925],[-2.697,-0.111],[-1.445,0.075],[-0.058,1.381],[1.035,0.289],[1.046,0.149],[11.605,9.23],[2.632,12.084],[-0.298,0.242],[-7.016,-3.83],[-7.382,-2.108],[-10.278,3.571],[0.029,8.202],[-1.509,11.094],[-1.51,0.451],[-1.043,1.927],[1.881,1.149],[0.765,-1.146],[1.417,0.426],[2.834,1.19],[1.782,-3.989],[1.205,-9.829],[2.592,-4.506],[0.781,2.411],[5.352,-2.108],[1.548,-1.258],[1.159,0.184],[1.852,2.665],[4.916,-1.3],[2.406,-1.875],[1.29,0.358],[1.661,2.945],[3.299,1.18],[-5.244,12.106],[-9.55,6.005],[0.434,1.065],[1.083,0.045],[0.794,-0.47],[1.996,-2.846],[2.773,-7.206],[3.741,-9.315],[3.932,-3.319],[-0.387,-5.927],[0.692,-0.425],[0.224,2.085],[-2.675,11.645],[-5.151,12.721],[0.235,1.414],[-2.524,9.1],[-0.502,1.284],[-3.469,-3.622],[-15.933,-9.859],[-19.173,-2.851]],"o":[[1.958,0.392],[-1.504,2.007],[6.121,9.89],[-0.644,19.855],[-6.773,4.119],[-2.851,0.556],[-2.411,0.038],[-0.135,2.046],[3.759,0.183],[3.067,12.048],[-1.175,5.542],[-4.313,0.687],[-2.653,5.174],[-0.131,2.746],[-1.395,0.526],[-10.87,-0.046],[-1.931,-0.439],[-3.552,-1.599],[-0.201,-3.872],[4.458,-9.812],[1.109,-9.859],[-0.018,-2.49],[1.451,0.059],[1.05,-0.055],[0.056,-1.292],[-1.012,-0.282],[-14.761,-2.099],[-9.638,-7.666],[0.298,-0.241],[3.441,7.29],[6.731,3.673],[10.213,2.918],[7.738,-2.69],[-0.04,-11.328],[0.196,-1.445],[2.096,-0.625],[0.638,-1.182],[-1.471,-0.9],[-0.542,0.814],[-0.721,-1.827],[-3.172,-2.482],[-4.071,9.114],[-0.602,4.913],[-0.306,-2.485],[-1.767,-5.452],[-1.867,0.736],[-0.668,0.543],[-0.919,-5.128],[-2.898,-4.169],[-3.024,0.799],[-0.672,0.524],[-0.726,-3.139],[-1.734,-3.072],[5.938,-12.179],[4.202,-9.699],[0.789,-0.496],[-0.459,-1.128],[-0.955,-0.04],[-3.019,1.784],[-4.419,6.3],[-3.606,9.368],[-1.816,4.528],[-4.555,3.842],[0.03,0.465],[-0.668,-2.062],[-1.289,-12.025],[3.103,-13.506],[0.505,-1.246],[-1.578,-9.489],[0.258,-0.931],[3.374,4.378],[12.973,13.542],[16.561,10.246],[5.714,0.849]],"v":[[68.205,-62.954],[71.739,-59.432],[71.879,-53.52],[79.602,-21.33],[52.655,22.377],[30.461,29.268],[21.811,30.131],[17.029,34.563],[21.236,38.025],[26.835,43.725],[27.926,80.155],[24.518,96.809],[15.619,103.927],[12.744,120.41],[14.411,128.208],[10.101,128.684],[-22.158,125.222],[-27.778,123.341],[-33.134,115.231],[-31.389,103.962],[-24.631,73.138],[-23.05,43.464],[-20.291,41.092],[-15.938,41.193],[-13.645,39.513],[-15.673,37.418],[-18.791,36.87],[-58.276,19.605],[-76.732,-10.08],[-75.838,-10.803],[-60.002,5.816],[-38.872,14.715],[-8.091,14.853],[3.757,-1.529],[8.381,-34.802],[10.701,-37.583],[15.423,-41.583],[15.659,-45.311],[12.539,-43.747],[10.209,-42.19],[8.609,-47.788],[1.47,-45.594],[-5.573,-16.99],[-8.66,-2.467],[-9.874,-9.875],[-20.265,-14.765],[-25.308,-11.666],[-27.477,-10.227],[-30.74,-19.401],[-42.104,-23.565],[-49.95,-19.055],[-52.312,-17.815],[-54.706,-27.269],[-62.846,-32.624],[-47.812,-69.576],[-29.974,-95.119],[-29.021,-97.479],[-31.578,-99.028],[-34.094,-97.958],[-41.445,-90.842],[-52.406,-70.696],[-63.435,-42.674],[-70.951,-30.277],[-77.005,-15.456],[-77.584,-14.035],[-78.687,-20.261],[-75.186,-55.6],[-60.677,-94.125],[-59.831,-97.862],[-57.159,-125.637],[-55.963,-128.733],[-46.269,-116.611],[-2.73,-81.771],[50.993,-62.479]],"c":true},"ix":2},"nm":"Path 1","mn":"ADBE Vector Shape - Group","hd":false},{"ty":"fl","c":{"a":0,"k":[0.486274539723,0.533333333333,0.756862804936,1],"ix":4},"o":{"a":0,"k":100,"ix":5},"r":1,"bm":0,"nm":"Fill 1","mn":"ADBE Vector Graphic - Fill","hd":false},{"ty":"tr","p":{"a":0,"k":[105.467,283.93],"ix":2},"a":{"a":0,"k":[0,0],"ix":1},"s":{"a":0,"k":[100,100],"ix":3},"r":{"a":0,"k":0,"ix":6},"o":{"a":0,"k":100,"ix":7},"sk":{"a":0,"k":0,"ix":4},"sa":{"a":0,"k":0,"ix":5},"nm":"Transform"}],"nm":"Group 35","np":2,"cix":2,"bm":0,"ix":35,"mn":"ADBE Vector Group","hd":false}],"ip":0,"op":5995.00024418136,"st":0,"bm":0},{"ddd":0,"ind":3,"ty":4,"nm":"Shape Layer 1","sr":1,"ks":{"o":{"a":0,"k":56,"ix":11},"r":{"a":0,"k":0,"ix":10},"p":{"a":0,"k":[519,1061,0],"ix":2},"a":{"a":0,"k":[14,513,0],"ix":1},"s":{"a":0,"k":[100,100,100],"ix":6}},"ao":0,"shapes":[{"ty":"gr","it":[{"d":1,"ty":"el","s":{"a":0,"k":[430,112],"ix":2},"p":{"a":0,"k":[0,0],"ix":3},"nm":"Ellipse Path 1","mn":"ADBE Vector Shape - Ellipse","hd":false},{"ty":"st","c":{"a":0,"k":[0,0,0,1],"ix":3},"o":{"a":0,"k":100,"ix":4},"w":{"a":0,"k":0,"ix":5},"lc":1,"lj":1,"ml":4,"bm":0,"nm":"Stroke 1","mn":"ADBE Vector Graphic - Stroke","hd":false},{"ty":"fl","c":{"a":0,"k":[0.415686304429,0.490196108351,0.580392156863,1],"ix":4},"o":{"a":0,"k":100,"ix":5},"r":1,"bm":0,"nm":"Fill 1","mn":"ADBE Vector Graphic - Fill","hd":false},{"ty":"tr","p":{"a":0,"k":[14,513],"ix":2},"a":{"a":0,"k":[0,0],"ix":1},"s":{"a":0,"k":[105.164,78.947],"ix":3},"r":{"a":0,"k":0,"ix":6},"o":{"a":0,"k":100,"ix":7},"sk":{"a":0,"k":0,"ix":4},"sa":{"a":0,"k":0,"ix":5},"nm":"Transform"}],"nm":"Ellipse 1","np":3,"cix":2,"bm":0,"ix":1,"mn":"ADBE Vector Group","hd":false}],"ip":0,"op":5995.00024418136,"st":0,"bm":0}],"markers":[]}