{"v":"5.6.8","fr":60,"ip":0,"op":265,"w":1080,"h":1080,"nm":"1080-1080--1","ddd":0,"assets":[],"layers":[{"ddd":0,"ind":1,"ty":4,"nm":"Layer 7 Outlines","parent":3,"sr":1,"ks":{"o":{"a":0,"k":100,"ix":11},"r":{"a":1,"k":[{"i":{"x":[0.667],"y":[1.123]},"o":{"x":[0.333],"y":[0]},"t":0,"s":[85.997]},{"i":{"x":[0.667],"y":[0.962]},"o":{"x":[0.333],"y":[0.093]},"t":51,"s":[95.781]},{"i":{"x":[0.667],"y":[1.235]},"o":{"x":[0.333],"y":[0.075]},"t":113,"s":[79.953]},{"i":{"x":[0.667],"y":[1]},"o":{"x":[0.333],"y":[0.135]},"t":164,"s":[73.357]},{"t":220,"s":[85.997]}],"ix":10},"p":{"a":1,"k":[{"i":{"x":0.833,"y":0.833},"o":{"x":0.333,"y":0.333},"t":0,"s":[952.125,628.125,0],"to":[0,0,0],"ti":[0,0,0]},{"i":{"x":0.667,"y":1},"o":{"x":0.333,"y":0},"t":1.125,"s":[952.125,628.125,0],"to":[-1.875,-1.167,0],"ti":[0,0,0]},{"i":{"x":0.667,"y":1},"o":{"x":0.333,"y":0},"t":113,"s":[940.875,621.125,0],"to":[0,0,0],"ti":[-1.875,-1.167,0]},{"i":{"x":0.667,"y":0.667},"o":{"x":0.167,"y":0.167},"t":219,"s":[952.125,628.125,0],"to":[0,0,0],"ti":[0,0,0]},{"t":220,"s":[952.125,628.125,0]}],"ix":2},"a":{"a":0,"k":[21,21,0],"ix":1},"s":{"a":0,"k":[100,100,100],"ix":6}},"ao":0,"shapes":[{"ty":"gr","it":[{"ind":0,"ty":"sh","ix":1,"ks":{"a":0,"k":{"i":[[-1.054,-0.362],[0,0],[-0.462,0],[-0.58,0.284],[-0.363,1.054],[0,0],[2.196,0.756],[0,0],[0.754,-2.196],[0,0],[-0.488,-1.003]],"o":[[0,0],[0.447,0.153],[0.634,0],[1.003,-0.488],[0,0],[0.759,-2.199],[0,0],[-2.202,-0.759],[0,0],[-0.364,1.056],[0.488,1.003]],"v":[[-17.415,11.805],[6.459,20.027],[7.829,20.257],[9.675,19.83],[11.808,17.418],[20.027,-6.456],[17.421,-11.804],[-6.453,-20.024],[-11.801,-17.417],[-20.021,6.456],[-19.827,9.672]],"c":true},"ix":2},"nm":"Path 1","mn":"ADBE Vector Shape - Group","hd":false},{"ind":1,"ty":"sh","ix":2,"ks":{"a":0,"k":{"i":[[0,0],[0,0],[0,0],[0,0]],"o":[[0,0],[0,0],[0,0],[0,0]],"v":[[-5.214,-10.697],[10.701,-5.216],[5.222,10.699],[-10.695,5.218]],"c":true},"ix":2},"nm":"Path 2","mn":"ADBE Vector Shape - Group","hd":false},{"ty":"mm","mm":1,"nm":"Merge Paths 1","mn":"ADBE Vector Filter - Merge","hd":false},{"ty":"fl","c":{"a":0,"k":[1,1,1,1],"ix":4},"o":{"a":0,"k":100,"ix":5},"r":1,"bm":0,"nm":"Fill 1","mn":"ADBE Vector Graphic - Fill","hd":false},{"ty":"tr","p":{"a":0,"k":[21.065,21.175],"ix":2},"a":{"a":0,"k":[0,0],"ix":1},"s":{"a":0,"k":[100,100],"ix":3},"r":{"a":0,"k":0,"ix":6},"o":{"a":0,"k":100,"ix":7},"sk":{"a":0,"k":0,"ix":4},"sa":{"a":0,"k":0,"ix":5},"nm":"Transform"}],"nm":"Group 1","np":6,"cix":2,"bm":0,"ix":1,"mn":"ADBE Vector Group","hd":false}],"ip":0,"op":1561,"st":0,"bm":0},{"ddd":0,"ind":2,"ty":4,"nm":"Layer 6 Outlines","parent":3,"sr":1,"ks":{"o":{"a":0,"k":100,"ix":11},"r":{"a":1,"k":[{"i":{"x":[0.667],"y":[1]},"o":{"x":[0.333],"y":[0]},"t":0,"s":[85.997]},{"i":{"x":[0.667],"y":[1.981]},"o":{"x":[0.333],"y":[0]},"t":68,"s":[57.997]},{"i":{"x":[0.667],"y":[1]},"o":{"x":[0.333],"y":[0.173]},"t":152,"s":[50.199]},{"t":220,"s":[85.997]}],"ix":10},"p":{"a":1,"k":[{"i":{"x":0.667,"y":1},"o":{"x":0.333,"y":0},"t":1,"s":[970.125,592.875,0],"to":[1.417,-1.25,0],"ti":[0,0,0]},{"i":{"x":0.667,"y":1},"o":{"x":0.333,"y":0},"t":115.875,"s":[978.625,585.375,0],"to":[0,0,0],"ti":[1.417,-1.25,0]},{"i":{"x":0.667,"y":0.667},"o":{"x":0.167,"y":0.167},"t":219,"s":[970.125,592.875,0],"to":[0,0,0],"ti":[0,0,0]},{"t":220,"s":[970.125,592.875,0]}],"ix":2},"a":{"a":0,"k":[17.5,17.5,0],"ix":1},"s":{"a":0,"k":[100,100,100],"ix":6}},"ao":0,"shapes":[{"ty":"gr","it":[{"ind":0,"ty":"sh","ix":1,"ks":{"a":0,"k":{"i":[[-2.323,0],[0,0],[0,2.324],[0,0],[2.323,0],[0,0],[0,-2.324],[0,0]],"o":[[0,0],[2.323,0],[0,0],[0,-2.323],[0,0],[-2.323,0],[0,0],[0,2.324]],"v":[[-12.624,16.834],[12.624,16.834],[16.832,12.625],[16.832,-12.624],[12.624,-16.832],[-12.624,-16.832],[-16.832,-12.624],[-16.832,12.625]],"c":true},"ix":2},"nm":"Path 1","mn":"ADBE Vector Shape - Group","hd":false},{"ind":1,"ty":"sh","ix":2,"ks":{"a":0,"k":{"i":[[0,0],[0,0],[0,0],[0,0]],"o":[[0,0],[0,0],[0,0],[0,0]],"v":[[-8.417,-8.415],[8.418,-8.415],[8.418,8.418],[-8.417,8.418]],"c":true},"ix":2},"nm":"Path 2","mn":"ADBE Vector Shape - Group","hd":false},{"ty":"mm","mm":1,"nm":"Merge Paths 1","mn":"ADBE Vector Filter - Merge","hd":false},{"ty":"fl","c":{"a":0,"k":[1,1,1,1],"ix":4},"o":{"a":0,"k":100,"ix":5},"r":1,"bm":0,"nm":"Fill 1","mn":"ADBE Vector Graphic - Fill","hd":false},{"ty":"tr","p":{"a":0,"k":[17.688,17.3],"ix":2},"a":{"a":0,"k":[0,0],"ix":1},"s":{"a":0,"k":[100,100],"ix":3},"r":{"a":0,"k":0,"ix":6},"o":{"a":0,"k":100,"ix":7},"sk":{"a":0,"k":0,"ix":4},"sa":{"a":0,"k":0,"ix":5},"nm":"Transform"}],"nm":"Group 1","np":6,"cix":2,"bm":0,"ix":1,"mn":"ADBE Vector Group","hd":false}],"ip":-43,"op":1518,"st":-43,"bm":0},{"ddd":0,"ind":3,"ty":1,"nm":"White Solid 1","sr":1,"ks":{"o":{"a":0,"k":100,"ix":11},"r":{"a":0,"k":0,"ix":10},"p":{"a":0,"k":[548.125,513.375,0],"ix":2},"a":{"a":0,"k":[960,540,0],"ix":1},"s":{"a":0,"k":[308.771,308.771,100],"ix":6}},"ao":0,"hasMask":true,"masksProperties":[{"inv":false,"mode":"f","pt":{"a":0,"k":{"i":[[0,0],[0,0],[0,0],[0,0]],"o":[[0,0],[0,0],[0,0],[0,0]],"v":[[915.813,649.415],[915.813,561.042],[1004.187,561.042],[1004.187,649.415]],"c":true},"ix":1},"o":{"a":0,"k":100,"ix":3},"x":{"a":0,"k":0,"ix":4},"nm":"Mask 1"},{"inv":false,"mode":"f","pt":{"a":0,"k":{"i":[[0,0],[0,0],[0,0],[0,0]],"o":[[0,0],[0,0],[0,0],[0,0]],"v":[[915.813,552.625],[915.813,464.252],[978.695,464.252],[958.739,552.625]],"c":true},"ix":1},"o":{"a":0,"k":100,"ix":3},"x":{"a":0,"k":0,"ix":4},"nm":"Mask 2"},{"inv":false,"mode":"f","pt":{"a":0,"k":{"i":[[0,0],[0,0],[0,0],[0,0]],"o":[[0,0],[0,0],[0,0],[0,0]],"v":[[967.369,552.625],[987.324,464.252],[1004.187,464.252],[1004.187,552.625]],"c":true},"ix":1},"o":{"a":0,"k":100,"ix":3},"x":{"a":0,"k":0,"ix":4},"nm":"Mask 3"},{"inv":false,"mode":"f","pt":{"a":0,"k":{"i":[[0.308,0],[0.439,-1.954],[0,0],[0,0],[0,-2.323],[0,0],[0,0],[-2.323,0],[0,0],[0,2.323],[0,0],[0,0],[2.324,0],[0,0],[0,0],[2.267,0.511]],"o":[[-1.925,0],[0,0],[0,0],[-2.323,0],[0,0],[0,0],[0,2.323],[0,0],[2.324,0],[0,0],[0,0],[0,-2.325],[0,0],[0,0],[0.512,-2.266],[-0.313,-0.071]],"v":[[991.555,422.168],[987.457,425.451],[980.596,455.835],[911.604,455.835],[907.396,460.044],[907.396,556.834],[907.396,653.624],[911.604,657.833],[1008.394,657.833],[1012.604,653.624],[1012.604,556.834],[1012.604,460.044],[1008.394,455.835],[989.225,455.835],[995.667,427.304],[992.488,422.272]],"c":true},"ix":1},"o":{"a":0,"k":100,"ix":3},"x":{"a":0,"k":0,"ix":4},"nm":"Mask 4"}],"sw":1920,"sh":1080,"sc":"#ffffff","ip":0,"op":1561,"st":0,"bm":0}],"markers":[]}