{"v":"5.6.8","fr":29.9700012207031,"ip":0,"op":26.0000010590017,"w":1080,"h":1350,"nm":"bird-kenar","ddd":0,"assets":[],"layers":[{"ddd":0,"ind":1,"ty":4,"nm":"Layer 8 Outlines","sr":1,"ks":{"o":{"a":0,"k":100,"ix":11},"r":{"a":0,"k":0,"ix":10},"p":{"a":0,"k":[530,843.5,0],"ix":2},"a":{"a":0,"k":[108.488,243.139,0],"ix":1},"s":{"a":1,"k":[{"i":{"x":[0.667,0.667,0.667],"y":[1,1,1]},"o":{"x":[0.333,0.333,0.333],"y":[0,0,0]},"t":0,"s":[263.574,263.574,100]},{"i":{"x":[0.667,0.667,0.667],"y":[1,1,1]},"o":{"x":[0.333,0.333,0.333],"y":[0,0,0]},"t":12.79,"s":[263.574,248.574,100]},{"t":26.0000010590017,"s":[263.574,263.574,100]}],"ix":6}},"ao":0,"shapes":[{"ty":"gr","it":[{"ind":0,"ty":"sh","ix":1,"ks":{"a":0,"k":{"i":[[-0.019,-0.3],[0.754,-1.571],[1.209,0.045],[0.362,1.117],[-1.742,2.946],[-1.515,-0.392],[-0.188,-1.187]],"o":[[0.006,2.481],[-0.479,0.999],[-1.15,-0.043],[-1.004,-3.106],[0.705,-1.193],[1.331,0.344],[0.164,1.034]],"v":[[3.503,-0.986],[2.505,4.751],[0.101,6.483],[-2.285,4.743],[-1.766,-4.397],[1.435,-6.136],[3.327,-3.38]],"c":true},"ix":2},"nm":"Path 1","mn":"ADBE Vector Shape - Group","hd":false},{"ty":"fl","c":{"a":0,"k":[0.043137254902,0.054901964524,0.054901964524,1],"ix":4},"o":{"a":0,"k":100,"ix":5},"r":1,"bm":0,"nm":"Fill 1","mn":"ADBE Vector Graphic - Fill","hd":false},{"ty":"tr","p":{"a":0,"k":[105.603,80.358],"ix":2},"a":{"a":0,"k":[0,0],"ix":1},"s":{"a":0,"k":[100,100],"ix":3},"r":{"a":0,"k":0,"ix":6},"o":{"a":0,"k":100,"ix":7},"sk":{"a":0,"k":0,"ix":4},"sa":{"a":0,"k":0,"ix":5},"nm":"Transform"}],"nm":"Group 1","np":2,"cix":2,"bm":0,"ix":1,"mn":"ADBE Vector Group","hd":false},{"ty":"gr","it":[{"ind":0,"ty":"sh","ix":1,"ks":{"a":0,"k":{"i":[[-0.078,-1.604],[1.136,-0.104],[0.034,1.298],[-0.724,-0.01]],"o":[[-0.045,0.897],[-0.781,0.071],[-0.021,-0.769],[1.312,0.019]],"v":[[2.157,0.882],[0.673,2.706],[-2.136,-1.56],[-0.955,-2.767]],"c":true},"ix":2},"nm":"Path 1","mn":"ADBE Vector Shape - Group","hd":false},{"ty":"fl","c":{"a":0,"k":[0.043137254902,0.054901964524,0.054901964524,1],"ix":4},"o":{"a":0,"k":100,"ix":5},"r":1,"bm":0,"nm":"Fill 1","mn":"ADBE Vector Graphic - Fill","hd":false},{"ty":"tr","p":{"a":0,"k":[141.57,64.212],"ix":2},"a":{"a":0,"k":[0,0],"ix":1},"s":{"a":0,"k":[100,100],"ix":3},"r":{"a":0,"k":0,"ix":6},"o":{"a":0,"k":100,"ix":7},"sk":{"a":0,"k":0,"ix":4},"sa":{"a":0,"k":0,"ix":5},"nm":"Transform"}],"nm":"Group 2","np":2,"cix":2,"bm":0,"ix":2,"mn":"ADBE Vector Group","hd":false},{"ty":"gr","it":[{"ind":0,"ty":"sh","ix":1,"ks":{"a":0,"k":{"i":[[-1.463,2.193],[-3.172,-1.4],[-0.23,-1.144],[1.36,-1.71],[2.293,0.505],[0.478,2.405]],"o":[[3.257,-2.819],[-0.419,1.228],[0.448,2.217],[-1.401,1.764],[-2.433,-0.535],[-0.511,-2.565]],"v":[[-4.276,-4.725],[5.323,-4.532],[5.766,-1.073],[4.203,4.839],[-1.365,7.039],[-5.703,2.445]],"c":true},"ix":2},"nm":"Path 1","mn":"ADBE Vector Shape - Group","hd":false},{"ty":"fl","c":{"a":0,"k":[0.956862804936,0.533333333333,0.121568634931,1],"ix":4},"o":{"a":0,"k":100,"ix":5},"r":1,"bm":0,"nm":"Fill 1","mn":"ADBE Vector Graphic - Fill","hd":false},{"ty":"tr","p":{"a":0,"k":[104.405,94.35],"ix":2},"a":{"a":0,"k":[0,0],"ix":1},"s":{"a":0,"k":[100,100],"ix":3},"r":{"a":0,"k":0,"ix":6},"o":{"a":0,"k":100,"ix":7},"sk":{"a":0,"k":0,"ix":4},"sa":{"a":0,"k":0,"ix":5},"nm":"Transform"}],"nm":"Group 3","np":2,"cix":2,"bm":0,"ix":3,"mn":"ADBE Vector Group","hd":false},{"ty":"gr","it":[{"ind":0,"ty":"sh","ix":1,"ks":{"a":0,"k":{"i":[[0.006,2.481],[0.164,1.034],[1.331,0.344],[0.705,-1.193],[-1.004,-3.106],[-1.15,-0.043],[-0.479,0.999]],"o":[[-0.019,-0.3],[-0.188,-1.187],[-1.515,-0.392],[-1.742,2.946],[0.362,1.117],[1.209,0.045],[0.754,-1.571]],"v":[[3.333,0.151],[3.158,-2.242],[1.266,-4.999],[-1.936,-3.26],[-2.455,5.88],[-0.068,7.62],[2.335,5.888]],"c":true},"ix":2},"nm":"Path 1","mn":"ADBE Vector Shape - Group","hd":false},{"ind":1,"ty":"sh","ix":2,"ks":{"a":0,"k":{"i":[[3.257,-2.819],[-2.164,5.139],[-2.472,0.891],[-1.58,-3.012],[4.051,-3.975]],"o":[[-3.728,-4.675],[1.01,-2.397],[3.225,-1.164],[2.539,4.837],[-3.172,-1.4]],"v":[[-5.644,10.406],[-6.882,-4.451],[-1.573,-9.434],[6.833,-6.158],[3.955,10.597]],"c":true},"ix":2},"nm":"Path 2","mn":"ADBE Vector Shape - Group","hd":false},{"ty":"mm","mm":1,"nm":"Merge Paths 1","mn":"ADBE Vector Filter - Merge","hd":false},{"ty":"fl","c":{"a":0,"k":[0.945098099054,0.756862804936,0.117647066303,1],"ix":4},"o":{"a":0,"k":100,"ix":5},"r":1,"bm":0,"nm":"Fill 1","mn":"ADBE Vector Graphic - Fill","hd":false},{"ty":"tr","p":{"a":0,"k":[105.773,79.22],"ix":2},"a":{"a":0,"k":[0,0],"ix":1},"s":{"a":0,"k":[100,100],"ix":3},"r":{"a":0,"k":0,"ix":6},"o":{"a":0,"k":100,"ix":7},"sk":{"a":0,"k":0,"ix":4},"sa":{"a":0,"k":0,"ix":5},"nm":"Transform"}],"nm":"Group 4","np":4,"cix":2,"bm":0,"ix":4,"mn":"ADBE Vector Group","hd":false},{"ty":"gr","it":[{"ind":0,"ty":"sh","ix":1,"ks":{"a":0,"k":{"i":[[1.184,-0.095],[-0.004,0],[1.369,0.478],[0.075,1.226],[1.902,-0.147],[1.823,0.241],[1.178,5.123],[2.865,0.8],[0.704,3.338],[-2.389,1.749],[-2.175,1.249],[-0.763,0.06],[-0.283,-0.832],[0.869,-0.279],[1.342,-1.071],[0.5,-1.117],[-1.511,-0.888],[-1.997,0.296],[-2.815,0.477],[-1.523,-1.421],[-1.686,-0.174],[-2.832,0.204],[0.001,-0.349],[-4.08,-0.435],[-2.068,0.495],[-1.047,0.037],[-0.195,-0.529],[0.443,-0.239],[3.576,-0.194]],"o":[[0,0],[-1.381,-0.436],[-1.166,-0.406],[-0.154,-2.505],[-1.833,0.14],[-5.022,-0.66],[-2.795,0.412],[-2.836,-0.791],[-0.689,-3.269],[2.018,-1.477],[0.666,-0.383],[0.806,-0.064],[0.31,0.909],[-1.676,0.538],[-0.939,0.749],[-0.713,1.592],[1.804,1.061],[2.463,-0.364],[-0.229,1.967],[1.404,1.311],[2.797,0.289],[0.148,0.355],[-0.004,4.202],[2.142,0.227],[1.013,-0.242],[0.555,-0.021],[0.23,0.625],[-3.013,1.627],[-1.185,0.064]],"v":[[12.428,14.774],[12.579,14.803],[8.434,13.484],[5.963,11.143],[2.507,8.787],[-3.029,8.636],[-10.469,1.661],[-18.99,1.885],[-25.677,-2.906],[-21.662,-10.102],[-15.251,-14.04],[-13.015,-14.74],[-11.118,-13.583],[-12.19,-11.799],[-16.551,-9.11],[-18.743,-6.339],[-17.592,-2.644],[-11.832,-1.739],[-4.105,-3.035],[-3.103,2.182],[1.735,3.578],[10.07,2.808],[10.487,3.862],[15.563,9.656],[21.831,8.948],[24.959,8.617],[26.136,9.52],[25.489,10.8],[15.978,14.496]],"c":true},"ix":2},"nm":"Path 1","mn":"ADBE Vector Shape - Group","hd":false},{"ty":"fl","c":{"a":0,"k":[0.945098099054,0.756862804936,0.117647066303,1],"ix":4},"o":{"a":0,"k":100,"ix":5},"r":1,"bm":0,"nm":"Fill 1","mn":"ADBE Vector Graphic - Fill","hd":false},{"ty":"tr","p":{"a":0,"k":[102.516,168.163],"ix":2},"a":{"a":0,"k":[0,0],"ix":1},"s":{"a":0,"k":[100,100],"ix":3},"r":{"a":0,"k":0,"ix":6},"o":{"a":0,"k":100,"ix":7},"sk":{"a":0,"k":0,"ix":4},"sa":{"a":0,"k":0,"ix":5},"nm":"Transform"}],"nm":"Group 5","np":2,"cix":2,"bm":0,"ix":5,"mn":"ADBE Vector Group","hd":false},{"ty":"gr","it":[{"ind":0,"ty":"sh","ix":1,"ks":{"a":0,"k":{"i":[[0,0],[-0.164,0.18],[0.101,-0.223]],"o":[[0.165,-0.18],[0.335,0.646],[-0.006,0.013]],"v":[[-0.414,0.216],[0.079,-0.323],[-0.387,0.143]],"c":true},"ix":2},"nm":"Path 1","mn":"ADBE Vector Shape - Group","hd":false},{"ty":"fl","c":{"a":0,"k":[0.16862745098,0.729411764706,0.921568687289,1],"ix":4},"o":{"a":0,"k":100,"ix":5},"r":1,"bm":0,"nm":"Fill 1","mn":"ADBE Vector Graphic - Fill","hd":false},{"ty":"tr","p":{"a":0,"k":[61.535,320.864],"ix":2},"a":{"a":0,"k":[0,0],"ix":1},"s":{"a":0,"k":[100,100],"ix":3},"r":{"a":0,"k":0,"ix":6},"o":{"a":0,"k":100,"ix":7},"sk":{"a":0,"k":0,"ix":4},"sa":{"a":0,"k":0,"ix":5},"nm":"Transform"}],"nm":"Group 6","np":2,"cix":2,"bm":0,"ix":6,"mn":"ADBE Vector Group","hd":false},{"ty":"gr","it":[{"ind":0,"ty":"sh","ix":1,"ks":{"a":0,"k":{"i":[[-0.228,0.129],[0.394,-0.537],[0,0],[0,0]],"o":[[0.441,0.552],[0,0],[0,0],[0.196,-0.174]],"v":[[0.098,-0.816],[0.069,0.816],[0.091,0.756],[-0.539,-0.363]],"c":true},"ix":2},"nm":"Path 1","mn":"ADBE Vector Shape - Group","hd":false},{"ty":"fl","c":{"a":0,"k":[0.16862745098,0.729411764706,0.921568687289,1],"ix":4},"o":{"a":0,"k":100,"ix":5},"r":1,"bm":0,"nm":"Fill 1","mn":"ADBE Vector Graphic - Fill","hd":false},{"ty":"tr","p":{"a":0,"k":[61.052,320.263],"ix":2},"a":{"a":0,"k":[0,0],"ix":1},"s":{"a":0,"k":[100,100],"ix":3},"r":{"a":0,"k":0,"ix":6},"o":{"a":0,"k":100,"ix":7},"sk":{"a":0,"k":0,"ix":4},"sa":{"a":0,"k":0,"ix":5},"nm":"Transform"}],"nm":"Group 7","np":2,"cix":2,"bm":0,"ix":7,"mn":"ADBE Vector Group","hd":false},{"ty":"gr","it":[{"ind":0,"ty":"sh","ix":1,"ks":{"a":0,"k":{"i":[[0.036,-0.59],[-0.302,0.857]],"o":[[-0.819,0.263],[0.591,-0.035]],"v":[[0.549,0.302],[-0.283,-0.53]],"c":true},"ix":2},"nm":"Path 1","mn":"ADBE Vector Shape - Group","hd":false},{"ty":"fl","c":{"a":0,"k":[0.847058883368,0.89019613827,0.90588241278,1],"ix":4},"o":{"a":0,"k":100,"ix":5},"r":1,"bm":0,"nm":"Fill 1","mn":"ADBE Vector Graphic - Fill","hd":false},{"ty":"tr","p":{"a":0,"k":[69.641,43.29],"ix":2},"a":{"a":0,"k":[0,0],"ix":1},"s":{"a":0,"k":[100,100],"ix":3},"r":{"a":0,"k":0,"ix":6},"o":{"a":0,"k":100,"ix":7},"sk":{"a":0,"k":0,"ix":4},"sa":{"a":0,"k":0,"ix":5},"nm":"Transform"}],"nm":"Group 8","np":2,"cix":2,"bm":0,"ix":8,"mn":"ADBE Vector Group","hd":false},{"ty":"gr","it":[{"ind":0,"ty":"sh","ix":1,"ks":{"a":0,"k":{"i":[[0.038,-0.596],[-0.35,0.913]],"o":[[-0.822,0.278],[0.56,-0.013]],"v":[[0.574,0.278],[-0.262,-0.543]],"c":true},"ix":2},"nm":"Path 1","mn":"ADBE Vector Shape - Group","hd":false},{"ty":"fl","c":{"a":0,"k":[0.847058883368,0.89019613827,0.90588241278,1],"ix":4},"o":{"a":0,"k":100,"ix":5},"r":1,"bm":0,"nm":"Fill 1","mn":"ADBE Vector Graphic - Fill","hd":false},{"ty":"tr","p":{"a":0,"k":[68.822,42.518],"ix":2},"a":{"a":0,"k":[0,0],"ix":1},"s":{"a":0,"k":[100,100],"ix":3},"r":{"a":0,"k":0,"ix":6},"o":{"a":0,"k":100,"ix":7},"sk":{"a":0,"k":0,"ix":4},"sa":{"a":0,"k":0,"ix":5},"nm":"Transform"}],"nm":"Group 9","np":2,"cix":2,"bm":0,"ix":9,"mn":"ADBE Vector Group","hd":false},{"ty":"gr","it":[{"ind":0,"ty":"sh","ix":1,"ks":{"a":0,"k":{"i":[[-0.07,-0.491],[-0.045,0.601]],"o":[[-0.591,0.009],[0.521,0.058]],"v":[[0.441,0.431],[-0.396,-0.44]],"c":true},"ix":2},"nm":"Path 1","mn":"ADBE Vector Shape - Group","hd":false},{"ty":"fl","c":{"a":0,"k":[0.847058883368,0.89019613827,0.90588241278,1],"ix":4},"o":{"a":0,"k":100,"ix":5},"r":1,"bm":0,"nm":"Fill 1","mn":"ADBE Vector Graphic - Fill","hd":false},{"ty":"tr","p":{"a":0,"k":[72.1,45.595],"ix":2},"a":{"a":0,"k":[0,0],"ix":1},"s":{"a":0,"k":[100,100],"ix":3},"r":{"a":0,"k":0,"ix":6},"o":{"a":0,"k":100,"ix":7},"sk":{"a":0,"k":0,"ix":4},"sa":{"a":0,"k":0,"ix":5},"nm":"Transform"}],"nm":"Group 10","np":2,"cix":2,"bm":0,"ix":10,"mn":"ADBE Vector Group","hd":false},{"ty":"gr","it":[{"ind":0,"ty":"sh","ix":1,"ks":{"a":0,"k":{"i":[[-0.218,-0.237],[0.36,0.63],[-0.159,0.276]],"o":[[-0.36,0.216],[-0.08,-0.14],[0.218,0.237]],"v":[[0.589,-0.006],[-0.509,0.089],[-0.066,-0.719]],"c":true},"ix":2},"nm":"Path 1","mn":"ADBE Vector Shape - Group","hd":false},{"ty":"fl","c":{"a":0,"k":[0.16862745098,0.729411764706,0.921568687289,1],"ix":4},"o":{"a":0,"k":100,"ix":5},"r":1,"bm":0,"nm":"Fill 1","mn":"ADBE Vector Graphic - Fill","hd":false},{"ty":"tr","p":{"a":0,"k":[59.597,167.912],"ix":2},"a":{"a":0,"k":[0,0],"ix":1},"s":{"a":0,"k":[100,100],"ix":3},"r":{"a":0,"k":0,"ix":6},"o":{"a":0,"k":100,"ix":7},"sk":{"a":0,"k":0,"ix":4},"sa":{"a":0,"k":0,"ix":5},"nm":"Transform"}],"nm":"Group 11","np":2,"cix":2,"bm":0,"ix":11,"mn":"ADBE Vector Group","hd":false},{"ty":"gr","it":[{"ind":0,"ty":"sh","ix":1,"ks":{"a":0,"k":{"i":[[0,0],[0.263,-0.074],[0.159,0.051],[-0.189,0.105]],"o":[[0.249,0.23],[-0.134,0.037],[0.189,-0.105],[0,0]],"v":[[0.108,-0.279],[0.104,0.241],[-0.367,0.104],[0.198,-0.211]],"c":true},"ix":2},"nm":"Path 1","mn":"ADBE Vector Shape - Group","hd":false},{"ty":"fl","c":{"a":0,"k":[0.16862745098,0.729411764706,0.921568687289,1],"ix":4},"o":{"a":0,"k":100,"ix":5},"r":1,"bm":0,"nm":"Fill 1","mn":"ADBE Vector Graphic - Fill","hd":false},{"ty":"tr","p":{"a":0,"k":[114.371,190.692],"ix":2},"a":{"a":0,"k":[0,0],"ix":1},"s":{"a":0,"k":[100,100],"ix":3},"r":{"a":0,"k":0,"ix":6},"o":{"a":0,"k":100,"ix":7},"sk":{"a":0,"k":0,"ix":4},"sa":{"a":0,"k":0,"ix":5},"nm":"Transform"}],"nm":"Group 12","np":2,"cix":2,"bm":0,"ix":12,"mn":"ADBE Vector Group","hd":false},{"ty":"gr","it":[{"ind":0,"ty":"sh","ix":1,"ks":{"a":0,"k":{"i":[[-0.792,-0.038],[0.564,-0.149]],"o":[[-0.011,0.597],[0.141,-0.49]],"v":[[0.446,-0.528],[-0.446,0.566]],"c":true},"ix":2},"nm":"Path 1","mn":"ADBE Vector Shape - Group","hd":false},{"ty":"fl","c":{"a":0,"k":[0.847058883368,0.89019613827,0.90588241278,1],"ix":4},"o":{"a":0,"k":100,"ix":5},"r":1,"bm":0,"nm":"Fill 1","mn":"ADBE Vector Graphic - Fill","hd":false},{"ty":"tr","p":{"a":0,"k":[55.327,72.624],"ix":2},"a":{"a":0,"k":[0,0],"ix":1},"s":{"a":0,"k":[100,100],"ix":3},"r":{"a":0,"k":0,"ix":6},"o":{"a":0,"k":100,"ix":7},"sk":{"a":0,"k":0,"ix":4},"sa":{"a":0,"k":0,"ix":5},"nm":"Transform"}],"nm":"Group 13","np":2,"cix":2,"bm":0,"ix":13,"mn":"ADBE Vector Group","hd":false},{"ty":"gr","it":[{"ind":0,"ty":"sh","ix":1,"ks":{"a":0,"k":{"i":[[-0.457,-0.073],[0.281,-0.189]],"o":[[-0.281,0.19],[0.148,-0.388]],"v":[[0.422,-0.248],[-0.422,0.321]],"c":true},"ix":2},"nm":"Path 1","mn":"ADBE Vector Shape - Group","hd":false},{"ty":"fl","c":{"a":0,"k":[0.847058883368,0.89019613827,0.90588241278,1],"ix":4},"o":{"a":0,"k":100,"ix":5},"r":1,"bm":0,"nm":"Fill 1","mn":"ADBE Vector Graphic - Fill","hd":false},{"ty":"tr","p":{"a":0,"k":[37.182,33.516],"ix":2},"a":{"a":0,"k":[0,0],"ix":1},"s":{"a":0,"k":[100,100],"ix":3},"r":{"a":0,"k":0,"ix":6},"o":{"a":0,"k":100,"ix":7},"sk":{"a":0,"k":0,"ix":4},"sa":{"a":0,"k":0,"ix":5},"nm":"Transform"}],"nm":"Group 14","np":2,"cix":2,"bm":0,"ix":14,"mn":"ADBE Vector Group","hd":false},{"ty":"gr","it":[{"ind":0,"ty":"sh","ix":1,"ks":{"a":0,"k":{"i":[[-0.286,-0.722],[0.135,0.98]],"o":[[-1.141,0.743],[1.088,-0.655]],"v":[[0.792,0.417],[-0.792,-0.506]],"c":true},"ix":2},"nm":"Path 1","mn":"ADBE Vector Shape - Group","hd":false},{"ty":"fl","c":{"a":0,"k":[0.847058883368,0.89019613827,0.90588241278,1],"ix":4},"o":{"a":0,"k":100,"ix":5},"r":1,"bm":0,"nm":"Fill 1","mn":"ADBE Vector Graphic - Fill","hd":false},{"ty":"tr","p":{"a":0,"k":[67.783,41.566],"ix":2},"a":{"a":0,"k":[0,0],"ix":1},"s":{"a":0,"k":[100,100],"ix":3},"r":{"a":0,"k":0,"ix":6},"o":{"a":0,"k":100,"ix":7},"sk":{"a":0,"k":0,"ix":4},"sa":{"a":0,"k":0,"ix":5},"nm":"Transform"}],"nm":"Group 15","np":2,"cix":2,"bm":0,"ix":15,"mn":"ADBE Vector Group","hd":false},{"ty":"gr","it":[{"ind":0,"ty":"sh","ix":1,"ks":{"a":0,"k":{"i":[[0.527,0.164],[-0.7,0.519],[-0.212,-0.842]],"o":[[-0.115,-0.53],[0.963,0.11],[-0.537,0.326]],"v":[[-0.456,0.613],[-0.435,-0.971],[1.135,0.645]],"c":true},"ix":2},"nm":"Path 1","mn":"ADBE Vector Shape - Group","hd":false},{"ty":"fl","c":{"a":0,"k":[0.847058883368,0.89019613827,0.90588241278,1],"ix":4},"o":{"a":0,"k":100,"ix":5},"r":1,"bm":0,"nm":"Fill 1","mn":"ADBE Vector Graphic - Fill","hd":false},{"ty":"tr","p":{"a":0,"k":[70.618,44.546],"ix":2},"a":{"a":0,"k":[0,0],"ix":1},"s":{"a":0,"k":[100,100],"ix":3},"r":{"a":0,"k":0,"ix":6},"o":{"a":0,"k":100,"ix":7},"sk":{"a":0,"k":0,"ix":4},"sa":{"a":0,"k":0,"ix":5},"nm":"Transform"}],"nm":"Group 16","np":2,"cix":2,"bm":0,"ix":16,"mn":"ADBE Vector Group","hd":false},{"ty":"gr","it":[{"ind":0,"ty":"sh","ix":1,"ks":{"a":0,"k":{"i":[[1.012,-0.228],[-1.557,-0.634]],"o":[[0.304,-1.346],[-0.485,1.06]],"v":[[-1.238,1.1],[1.238,-0.467]],"c":true},"ix":2},"nm":"Path 1","mn":"ADBE Vector Shape - Group","hd":false},{"ty":"fl","c":{"a":0,"k":[0.847058883368,0.89019613827,0.90588241278,1],"ix":4},"o":{"a":0,"k":100,"ix":5},"r":1,"bm":0,"nm":"Fill 1","mn":"ADBE Vector Graphic - Fill","hd":false},{"ty":"tr","p":{"a":0,"k":[132.428,183.865],"ix":2},"a":{"a":0,"k":[0,0],"ix":1},"s":{"a":0,"k":[100,100],"ix":3},"r":{"a":0,"k":0,"ix":6},"o":{"a":0,"k":100,"ix":7},"sk":{"a":0,"k":0,"ix":4},"sa":{"a":0,"k":0,"ix":5},"nm":"Transform"}],"nm":"Group 17","np":2,"cix":2,"bm":0,"ix":17,"mn":"ADBE Vector Group","hd":false},{"ty":"gr","it":[{"ind":0,"ty":"sh","ix":1,"ks":{"a":0,"k":{"i":[[-0.975,-1.222],[0.199,1.979]],"o":[[-1.559,-0.651],[1.307,0.896]],"v":[[1.63,1.668],[-1.63,-1.668]],"c":true},"ix":2},"nm":"Path 1","mn":"ADBE Vector Shape - Group","hd":false},{"ty":"fl","c":{"a":0,"k":[0.847058883368,0.89019613827,0.90588241278,1],"ix":4},"o":{"a":0,"k":100,"ix":5},"r":1,"bm":0,"nm":"Fill 1","mn":"ADBE Vector Graphic - Fill","hd":false},{"ty":"tr","p":{"a":0,"k":[74.114,47.631],"ix":2},"a":{"a":0,"k":[0,0],"ix":1},"s":{"a":0,"k":[100,100],"ix":3},"r":{"a":0,"k":0,"ix":6},"o":{"a":0,"k":100,"ix":7},"sk":{"a":0,"k":0,"ix":4},"sa":{"a":0,"k":0,"ix":5},"nm":"Transform"}],"nm":"Group 18","np":2,"cix":2,"bm":0,"ix":18,"mn":"ADBE Vector Group","hd":false},{"ty":"gr","it":[{"ind":0,"ty":"sh","ix":1,"ks":{"a":0,"k":{"i":[[2.401,-0.291],[-2.261,0.726]],"o":[[2.262,-0.726],[-2.103,1.218]],"v":[[-3.392,1.089],[3.392,-1.089]],"c":true},"ix":2},"nm":"Path 1","mn":"ADBE Vector Shape - Group","hd":false},{"ty":"fl","c":{"a":0,"k":[0.847058883368,0.89019613827,0.90588241278,1],"ix":4},"o":{"a":0,"k":100,"ix":5},"r":1,"bm":0,"nm":"Fill 1","mn":"ADBE Vector Graphic - Fill","hd":false},{"ty":"tr","p":{"a":0,"k":[102.634,191.589],"ix":2},"a":{"a":0,"k":[0,0],"ix":1},"s":{"a":0,"k":[100,100],"ix":3},"r":{"a":0,"k":0,"ix":6},"o":{"a":0,"k":100,"ix":7},"sk":{"a":0,"k":0,"ix":4},"sa":{"a":0,"k":0,"ix":5},"nm":"Transform"}],"nm":"Group 19","np":2,"cix":2,"bm":0,"ix":19,"mn":"ADBE Vector Group","hd":false},{"ty":"gr","it":[{"ind":0,"ty":"sh","ix":1,"ks":{"a":0,"k":{"i":[[0.122,-1.131],[1.068,0.328],[-1.459,0.403]],"o":[[-1.067,-0.328],[0.901,-1.229],[-0.12,1.131]],"v":[[1.42,1.696],[-1.783,0.712],[1.783,-1.696]],"c":true},"ix":2},"nm":"Path 1","mn":"ADBE Vector Shape - Group","hd":false},{"ty":"fl","c":{"a":0,"k":[0.16862745098,0.729411764706,0.921568687289,1],"ix":4},"o":{"a":0,"k":100,"ix":5},"r":1,"bm":0,"nm":"Fill 1","mn":"ADBE Vector Graphic - Fill","hd":false},{"ty":"tr","p":{"a":0,"k":[99.45,29.412],"ix":2},"a":{"a":0,"k":[0,0],"ix":1},"s":{"a":0,"k":[100,100],"ix":3},"r":{"a":0,"k":0,"ix":6},"o":{"a":0,"k":100,"ix":7},"sk":{"a":0,"k":0,"ix":4},"sa":{"a":0,"k":0,"ix":5},"nm":"Transform"}],"nm":"Group 20","np":2,"cix":2,"bm":0,"ix":20,"mn":"ADBE Vector Group","hd":false},{"ty":"gr","it":[{"ind":0,"ty":"sh","ix":1,"ks":{"a":0,"k":{"i":[[1.044,-0.196],[1.031,0.843],[-2.289,-1.37]],"o":[[-0.875,-1.086],[2.222,-0.956],[-0.947,1.247]],"v":[[0.071,1.546],[-3.27,-0.59],[3.27,0.27]],"c":true},"ix":2},"nm":"Path 1","mn":"ADBE Vector Shape - Group","hd":false},{"ty":"fl","c":{"a":0,"k":[0.647058823529,0.658823529412,0.658823529412,1],"ix":4},"o":{"a":0,"k":100,"ix":5},"r":1,"bm":0,"nm":"Fill 1","mn":"ADBE Vector Graphic - Fill","hd":false},{"ty":"tr","p":{"a":0,"k":[97.829,58.334],"ix":2},"a":{"a":0,"k":[0,0],"ix":1},"s":{"a":0,"k":[100,100],"ix":3},"r":{"a":0,"k":0,"ix":6},"o":{"a":0,"k":100,"ix":7},"sk":{"a":0,"k":0,"ix":4},"sa":{"a":0,"k":0,"ix":5},"nm":"Transform"}],"nm":"Group 21","np":2,"cix":2,"bm":0,"ix":21,"mn":"ADBE Vector Group","hd":false},{"ty":"gr","it":[{"ind":0,"ty":"sh","ix":1,"ks":{"a":0,"k":{"i":[[0.776,2.743],[-0.363,0.185],[0.217,-3.034]],"o":[[0.363,-0.185],[0.735,2.825],[-1.607,-2.435]],"v":[[-1.594,-3.719],[-0.505,-4.273],[1.377,4.273]],"c":true},"ix":2},"nm":"Path 1","mn":"ADBE Vector Shape - Group","hd":false},{"ty":"fl","c":{"a":0,"k":[0.647058823529,0.658823529412,0.658823529412,1],"ix":4},"o":{"a":0,"k":100,"ix":5},"r":1,"bm":0,"nm":"Fill 1","mn":"ADBE Vector Graphic - Fill","hd":false},{"ty":"tr","p":{"a":0,"k":[71.132,302.641],"ix":2},"a":{"a":0,"k":[0,0],"ix":1},"s":{"a":0,"k":[100,100],"ix":3},"r":{"a":0,"k":0,"ix":6},"o":{"a":0,"k":100,"ix":7},"sk":{"a":0,"k":0,"ix":4},"sa":{"a":0,"k":0,"ix":5},"nm":"Transform"}],"nm":"Group 22","np":2,"cix":2,"bm":0,"ix":22,"mn":"ADBE Vector Group","hd":false},{"ty":"gr","it":[{"ind":0,"ty":"sh","ix":1,"ks":{"a":0,"k":{"i":[[1.954,-4.385],[-2.293,4.291]],"o":[[0.22,-4.866],[-0.329,4.837]],"v":[[-1.9,6.864],[1.9,-6.864]],"c":true},"ix":2},"nm":"Path 1","mn":"ADBE Vector Shape - Group","hd":false},{"ty":"fl","c":{"a":0,"k":[0.647058823529,0.658823529412,0.658823529412,1],"ix":4},"o":{"a":0,"k":100,"ix":5},"r":1,"bm":0,"nm":"Fill 1","mn":"ADBE Vector Graphic - Fill","hd":false},{"ty":"tr","p":{"a":0,"k":[108.616,225.459],"ix":2},"a":{"a":0,"k":[0,0],"ix":1},"s":{"a":0,"k":[100,100],"ix":3},"r":{"a":0,"k":0,"ix":6},"o":{"a":0,"k":100,"ix":7},"sk":{"a":0,"k":0,"ix":4},"sa":{"a":0,"k":0,"ix":5},"nm":"Transform"}],"nm":"Group 23","np":2,"cix":2,"bm":0,"ix":23,"mn":"ADBE Vector Group","hd":false},{"ty":"gr","it":[{"ind":0,"ty":"sh","ix":1,"ks":{"a":0,"k":{"i":[[1.952,-1.141],[-0.199,2.413],[0.735,-2.072]],"o":[[-0.178,-2.479],[2.663,-0.285],[-0.707,1.989]],"v":[[-2.057,3.7],[-0.784,-3.415],[1.5,-1.347]],"c":true},"ix":2},"nm":"Path 1","mn":"ADBE Vector Shape - Group","hd":false},{"ty":"fl","c":{"a":0,"k":[0.847058883368,0.89019613827,0.90588241278,1],"ix":4},"o":{"a":0,"k":100,"ix":5},"r":1,"bm":0,"nm":"Fill 1","mn":"ADBE Vector Graphic - Fill","hd":false},{"ty":"tr","p":{"a":0,"k":[114.362,210.48],"ix":2},"a":{"a":0,"k":[0,0],"ix":1},"s":{"a":0,"k":[100,100],"ix":3},"r":{"a":0,"k":0,"ix":6},"o":{"a":0,"k":100,"ix":7},"sk":{"a":0,"k":0,"ix":4},"sa":{"a":0,"k":0,"ix":5},"nm":"Transform"}],"nm":"Group 24","np":2,"cix":2,"bm":0,"ix":24,"mn":"ADBE Vector Group","hd":false},{"ty":"gr","it":[{"ind":0,"ty":"sh","ix":1,"ks":{"a":0,"k":{"i":[[0,0],[0,0],[3.836,-0.983],[-2.827,2.396]],"o":[[0,0],[-2.798,2.793],[2.829,-2.394],[-0.004,0]],"v":[[3.368,-3.607],[4.966,-2.089],[-4.966,3.607],[3.519,-3.577]],"c":true},"ix":2},"nm":"Path 1","mn":"ADBE Vector Shape - Group","hd":false},{"ty":"fl","c":{"a":0,"k":[0.847058883368,0.89019613827,0.90588241278,1],"ix":4},"o":{"a":0,"k":100,"ix":5},"r":1,"bm":0,"nm":"Fill 1","mn":"ADBE Vector Graphic - Fill","hd":false},{"ty":"tr","p":{"a":0,"k":[111.576,186.544],"ix":2},"a":{"a":0,"k":[0,0],"ix":1},"s":{"a":0,"k":[100,100],"ix":3},"r":{"a":0,"k":0,"ix":6},"o":{"a":0,"k":100,"ix":7},"sk":{"a":0,"k":0,"ix":4},"sa":{"a":0,"k":0,"ix":5},"nm":"Transform"}],"nm":"Group 25","np":2,"cix":2,"bm":0,"ix":25,"mn":"ADBE Vector Group","hd":false},{"ty":"gr","it":[{"ind":0,"ty":"sh","ix":1,"ks":{"a":0,"k":{"i":[[4.32,-0.767],[-2.664,1.588],[-1.208,-2.146]],"o":[[2.65,-1.608],[1.518,-0.905],[-4.057,1.504]],"v":[[-6.113,3.252],[1.843,-1.567],[6.113,-1.106]],"c":true},"ix":2},"nm":"Path 1","mn":"ADBE Vector Shape - Group","hd":false},{"ty":"fl","c":{"a":0,"k":[0.847058883368,0.89019613827,0.90588241278,1],"ix":4},"o":{"a":0,"k":100,"ix":5},"r":1,"bm":0,"nm":"Fill 1","mn":"ADBE Vector Graphic - Fill","hd":false},{"ty":"tr","p":{"a":0,"k":[89.271,183.291],"ix":2},"a":{"a":0,"k":[0,0],"ix":1},"s":{"a":0,"k":[100,100],"ix":3},"r":{"a":0,"k":0,"ix":6},"o":{"a":0,"k":100,"ix":7},"sk":{"a":0,"k":0,"ix":4},"sa":{"a":0,"k":0,"ix":5},"nm":"Transform"}],"nm":"Group 26","np":2,"cix":2,"bm":0,"ix":26,"mn":"ADBE Vector Group","hd":false},{"ty":"gr","it":[{"ind":0,"ty":"sh","ix":1,"ks":{"a":0,"k":{"i":[[0.96,-1.388],[1.991,-0.175],[-2.063,1.137],[-1.067,-0.328]],"o":[[-1.844,-1.159],[0.844,-2.285],[1.067,0.328],[-0.104,1.757]],"v":[[1.939,2.77],[-3.906,2.127],[0.703,-2.77],[3.906,-1.786]],"c":true},"ix":2},"nm":"Path 1","mn":"ADBE Vector Shape - Group","hd":false},{"ty":"fl","c":{"a":0,"k":[0.956862804936,0.533333333333,0.121568634931,1],"ix":4},"o":{"a":0,"k":100,"ix":5},"r":1,"bm":0,"nm":"Fill 1","mn":"ADBE Vector Graphic - Fill","hd":false},{"ty":"tr","p":{"a":0,"k":[96.964,32.894],"ix":2},"a":{"a":0,"k":[0,0],"ix":1},"s":{"a":0,"k":[100,100],"ix":3},"r":{"a":0,"k":0,"ix":6},"o":{"a":0,"k":100,"ix":7},"sk":{"a":0,"k":0,"ix":4},"sa":{"a":0,"k":0,"ix":5},"nm":"Transform"}],"nm":"Group 27","np":2,"cix":2,"bm":0,"ix":27,"mn":"ADBE Vector Group","hd":false},{"ty":"gr","it":[{"ind":0,"ty":"sh","ix":1,"ks":{"a":0,"k":{"i":[[-0.696,1.76],[-2.044,-0.87],[0.51,-1.581],[1.744,-0.847]],"o":[[2.134,-0.893],[-0.071,1.69],[-1.816,-0.83],[-0.401,-1.815]],"v":[[-2.776,-2.24],[3.472,-1.917],[2.281,2.91],[-3.051,3.132]],"c":true},"ix":2},"nm":"Path 1","mn":"ADBE Vector Shape - Group","hd":false},{"ty":"fl","c":{"a":0,"k":[0.956862804936,0.533333333333,0.121568634931,1],"ix":4},"o":{"a":0,"k":100,"ix":5},"r":1,"bm":0,"nm":"Fill 1","mn":"ADBE Vector Graphic - Fill","hd":false},{"ty":"tr","p":{"a":0,"k":[93.067,43.367],"ix":2},"a":{"a":0,"k":[0,0],"ix":1},"s":{"a":0,"k":[100,100],"ix":3},"r":{"a":0,"k":0,"ix":6},"o":{"a":0,"k":100,"ix":7},"sk":{"a":0,"k":0,"ix":4},"sa":{"a":0,"k":0,"ix":5},"nm":"Transform"}],"nm":"Group 28","np":2,"cix":2,"bm":0,"ix":28,"mn":"ADBE Vector Group","hd":false},{"ty":"gr","it":[{"ind":0,"ty":"sh","ix":1,"ks":{"a":0,"k":{"i":[[-1.844,-1.159],[1.068,-1.814],[2.134,-0.893],[-1.557,1.748]],"o":[[-0.622,1.996],[-2.045,-0.871],[0.423,-2.262],[1.991,-0.175]],"v":[[4.306,-2.314],[1.943,3.472],[-4.306,3.149],[-1.538,-2.957]],"c":true},"ix":2},"nm":"Path 1","mn":"ADBE Vector Shape - Group","hd":false},{"ty":"fl","c":{"a":0,"k":[0.16862745098,0.729411764706,0.921568687289,1],"ix":4},"o":{"a":0,"k":100,"ix":5},"r":1,"bm":0,"nm":"Fill 1","mn":"ADBE Vector Graphic - Fill","hd":false},{"ty":"tr","p":{"a":0,"k":[94.597,37.978],"ix":2},"a":{"a":0,"k":[0,0],"ix":1},"s":{"a":0,"k":[100,100],"ix":3},"r":{"a":0,"k":0,"ix":6},"o":{"a":0,"k":100,"ix":7},"sk":{"a":0,"k":0,"ix":4},"sa":{"a":0,"k":0,"ix":5},"nm":"Transform"}],"nm":"Group 29","np":2,"cix":2,"bm":0,"ix":29,"mn":"ADBE Vector Group","hd":false},{"ty":"gr","it":[{"ind":0,"ty":"sh","ix":1,"ks":{"a":0,"k":{"i":[[-1.713,0.815],[-2.268,-1.563],[1.259,-0.661],[0.801,2.416]],"o":[[0.577,2.636],[-0.919,1.098],[-2.279,-1.107],[0.783,-1.781]],"v":[[-0.093,-4.5],[3.982,1.92],[0.67,4.5],[-3.982,-0.756]],"c":true},"ix":2},"nm":"Path 1","mn":"ADBE Vector Shape - Group","hd":false},{"ty":"fl","c":{"a":0,"k":[0.956862804936,0.533333333333,0.121568634931,1],"ix":4},"o":{"a":0,"k":100,"ix":5},"r":1,"bm":0,"nm":"Fill 1","mn":"ADBE Vector Graphic - Fill","hd":false},{"ty":"tr","p":{"a":0,"k":[63.346,70.437],"ix":2},"a":{"a":0,"k":[0,0],"ix":1},"s":{"a":0,"k":[100,100],"ix":3},"r":{"a":0,"k":0,"ix":6},"o":{"a":0,"k":100,"ix":7},"sk":{"a":0,"k":0,"ix":4},"sa":{"a":0,"k":0,"ix":5},"nm":"Transform"}],"nm":"Group 30","np":2,"cix":2,"bm":0,"ix":30,"mn":"ADBE Vector Group","hd":false},{"ty":"gr","it":[{"ind":0,"ty":"sh","ix":1,"ks":{"a":0,"k":{"i":[[0.577,2.636],[-1.997,0.462],[-1.496,-2.109],[1.386,-0.595]],"o":[[1.355,-1.512],[0.105,2.668],[-1.025,1.143],[-2.268,-1.563]],"v":[[-3.895,-1.69],[1.083,-4.729],[3.895,2.271],[0.18,4.729]],"c":true},"ix":2},"nm":"Path 1","mn":"ADBE Vector Shape - Group","hd":false},{"ty":"fl","c":{"a":0,"k":[0.16862745098,0.729411764706,0.921568687289,1],"ix":4},"o":{"a":0,"k":100,"ix":5},"r":1,"bm":0,"nm":"Fill 1","mn":"ADBE Vector Graphic - Fill","hd":false},{"ty":"tr","p":{"a":0,"k":[67.148,67.627],"ix":2},"a":{"a":0,"k":[0,0],"ix":1},"s":{"a":0,"k":[100,100],"ix":3},"r":{"a":0,"k":0,"ix":6},"o":{"a":0,"k":100,"ix":7},"sk":{"a":0,"k":0,"ix":4},"sa":{"a":0,"k":0,"ix":5},"nm":"Transform"}],"nm":"Group 31","np":2,"cix":2,"bm":0,"ix":31,"mn":"ADBE Vector Group","hd":false},{"ty":"gr","it":[{"ind":0,"ty":"sh","ix":1,"ks":{"a":0,"k":{"i":[[-2.099,2.632],[-1.806,-1.042],[3.831,-1.978]],"o":[[2.309,0.393],[-3.224,1.665],[1.349,-3.743]],"v":[[0.236,-4.551],[5.139,-0.757],[-5.139,4.551]],"c":true},"ix":2},"nm":"Path 1","mn":"ADBE Vector Shape - Group","hd":false},{"ty":"fl","c":{"a":0,"k":[0.945098099054,0.756862804936,0.117647066303,1],"ix":4},"o":{"a":0,"k":100,"ix":5},"r":1,"bm":0,"nm":"Fill 1","mn":"ADBE Vector Graphic - Fill","hd":false},{"ty":"tr","p":{"a":0,"k":[84.203,140.059],"ix":2},"a":{"a":0,"k":[0,0],"ix":1},"s":{"a":0,"k":[100,100],"ix":3},"r":{"a":0,"k":0,"ix":6},"o":{"a":0,"k":100,"ix":7},"sk":{"a":0,"k":0,"ix":4},"sa":{"a":0,"k":0,"ix":5},"nm":"Transform"}],"nm":"Group 32","np":2,"cix":2,"bm":0,"ix":32,"mn":"ADBE Vector Group","hd":false},{"ty":"gr","it":[{"ind":0,"ty":"sh","ix":1,"ks":{"a":0,"k":{"i":[[-7.093,-0.375],[1.975,-1.357],[1.355,-1.512],[0.784,-1.78],[1.681,-0.149],[-1.063,1.224]],"o":[[-1.802,1.675],[-1.996,0.462],[-1.713,0.815],[-1.592,0.283],[-0.151,-1.894],[4.388,-5.049]],"v":[[9.486,-6.156],[3.207,-2.731],[-1.77,0.309],[-5.66,4.051],[-9.335,6.531],[-7.209,2.056]],"c":true},"ix":2},"nm":"Path 1","mn":"ADBE Vector Shape - Group","hd":false},{"ty":"fl","c":{"a":0,"k":[0.847058883368,0.89019613827,0.90588241278,1],"ix":4},"o":{"a":0,"k":100,"ix":5},"r":1,"bm":0,"nm":"Fill 1","mn":"ADBE Vector Graphic - Fill","hd":false},{"ty":"tr","p":{"a":0,"k":[65.023,65.629],"ix":2},"a":{"a":0,"k":[0,0],"ix":1},"s":{"a":0,"k":[100,100],"ix":3},"r":{"a":0,"k":0,"ix":6},"o":{"a":0,"k":100,"ix":7},"sk":{"a":0,"k":0,"ix":4},"sa":{"a":0,"k":0,"ix":5},"nm":"Transform"}],"nm":"Group 33","np":2,"cix":2,"bm":0,"ix":33,"mn":"ADBE Vector Group","hd":false},{"ty":"gr","it":[{"ind":0,"ty":"sh","ix":1,"ks":{"a":0,"k":{"i":[[0.201,-1.676],[2.103,-1.656],[-0.075,1.874],[-3.136,-0.276]],"o":[[-2.767,0.007],[-0.905,-1.649],[2.36,-2.203],[0.242,1.673]],"v":[[4.114,1.21],[-3.036,4.09],[-4.249,-1.201],[4.082,-3.814]],"c":true},"ix":2},"nm":"Path 1","mn":"ADBE Vector Shape - Group","hd":false},{"ty":"fl","c":{"a":0,"k":[0.16862745098,0.729411764706,0.921568687289,1],"ix":4},"o":{"a":0,"k":100,"ix":5},"r":1,"bm":0,"nm":"Fill 1","mn":"ADBE Vector Graphic - Fill","hd":false},{"ty":"tr","p":{"a":0,"k":[77.739,30.679],"ix":2},"a":{"a":0,"k":[0,0],"ix":1},"s":{"a":0,"k":[100,100],"ix":3},"r":{"a":0,"k":0,"ix":6},"o":{"a":0,"k":100,"ix":7},"sk":{"a":0,"k":0,"ix":4},"sa":{"a":0,"k":0,"ix":5},"nm":"Transform"}],"nm":"Group 34","np":2,"cix":2,"bm":0,"ix":34,"mn":"ADBE Vector Group","hd":false},{"ty":"gr","it":[{"ind":0,"ty":"sh","ix":1,"ks":{"a":0,"k":{"i":[[-0.158,0.11],[-1.728,-2.56],[1.744,-0.584],[0.107,2.667],[-1.802,1.675]],"o":[[-0.424,2.908],[-1.492,1.072],[-1.496,-2.109],[1.975,-1.358],[-0.13,-0.14]],"v":[[2.49,-5.401],[3.83,2.901],[-1.017,5.401],[-3.83,-1.599],[2.45,-5.024]],"c":true},"ix":2},"nm":"Path 1","mn":"ADBE Vector Shape - Group","hd":false},{"ty":"fl","c":{"a":0,"k":[0.956862804936,0.533333333333,0.121568634931,1],"ix":4},"o":{"a":0,"k":100,"ix":5},"r":1,"bm":0,"nm":"Fill 1","mn":"ADBE Vector Graphic - Fill","hd":false},{"ty":"tr","p":{"a":0,"k":[72.059,64.498],"ix":2},"a":{"a":0,"k":[0,0],"ix":1},"s":{"a":0,"k":[100,100],"ix":3},"r":{"a":0,"k":0,"ix":6},"o":{"a":0,"k":100,"ix":7},"sk":{"a":0,"k":0,"ix":4},"sa":{"a":0,"k":0,"ix":5},"nm":"Transform"}],"nm":"Group 35","np":2,"cix":2,"bm":0,"ix":35,"mn":"ADBE Vector Group","hd":false},{"ty":"gr","it":[{"ind":0,"ty":"sh","ix":1,"ks":{"a":0,"k":{"i":[[0.285,-1.134],[5.111,-0.315],[0.948,0.563],[-5.594,-1.518],[0.141,-0.705]],"o":[[-4.035,-3.254],[-1.043,0.065],[5.554,-2.904],[0.827,0.224],[-0.229,1.144]],"v":[[7.922,3.746],[-5.873,-0.418],[-8.904,-0.842],[7.815,-0.997],[8.763,0.343]],"c":true},"ix":2},"nm":"Path 1","mn":"ADBE Vector Shape - Group","hd":false},{"ty":"fl","c":{"a":0,"k":[0.847058883368,0.89019613827,0.90588241278,1],"ix":4},"o":{"a":0,"k":100,"ix":5},"r":1,"bm":0,"nm":"Fill 1","mn":"ADBE Vector Graphic - Fill","hd":false},{"ty":"tr","p":{"a":0,"k":[107.317,64.58],"ix":2},"a":{"a":0,"k":[0,0],"ix":1},"s":{"a":0,"k":[100,100],"ix":3},"r":{"a":0,"k":0,"ix":6},"o":{"a":0,"k":100,"ix":7},"sk":{"a":0,"k":0,"ix":4},"sa":{"a":0,"k":0,"ix":5},"nm":"Transform"}],"nm":"Group 36","np":2,"cix":2,"bm":0,"ix":36,"mn":"ADBE Vector Group","hd":false},{"ty":"gr","it":[{"ind":0,"ty":"sh","ix":1,"ks":{"a":0,"k":{"i":[[1.846,0.861],[-2.731,2.104],[-0.568,0.737],[-0.001,-0.001],[-1.141,0.743],[0,0],[-0.822,0.279],[0,0],[-0.819,0.263],[0.001,0],[-0.116,-0.53],[-0.267,-2.231]],"o":[[-0.111,-3.271],[0.611,0.013],[0,0],[0.135,0.98],[0,0],[-0.35,0.913],[0,0],[-0.303,0.857],[0,0],[-0.699,0.519],[-1.89,1.183],[-1.938,-0.304]],"v":[[-4.1,3.704],[-0.69,-4.572],[1.129,-4.671],[1.012,-4.528],[2.595,-3.605],[2.58,-3.615],[3.416,-2.793],[3.379,-2.829],[4.211,-1.996],[4.203,-2.014],[4.183,-0.429],[1.706,4.671]],"c":true},"ix":2},"nm":"Path 1","mn":"ADBE Vector Shape - Group","hd":false},{"ty":"fl","c":{"a":0,"k":[0.956862804936,0.533333333333,0.121568634931,1],"ix":4},"o":{"a":0,"k":100,"ix":5},"r":1,"bm":0,"nm":"Fill 1","mn":"ADBE Vector Graphic - Fill","hd":false},{"ty":"tr","p":{"a":0,"k":[65.979,45.589],"ix":2},"a":{"a":0,"k":[0,0],"ix":1},"s":{"a":0,"k":[100,100],"ix":3},"r":{"a":0,"k":0,"ix":6},"o":{"a":0,"k":100,"ix":7},"sk":{"a":0,"k":0,"ix":4},"sa":{"a":0,"k":0,"ix":5},"nm":"Transform"}],"nm":"Group 37","np":2,"cix":2,"bm":0,"ix":37,"mn":"ADBE Vector Group","hd":false},{"ty":"gr","it":[{"ind":0,"ty":"sh","ix":1,"ks":{"a":0,"k":{"i":[[-2.767,0.007],[-0.282,-2.402],[1.54,-1.56],[0.343,2.403]],"o":[[0.283,2.403],[-2.222,-0.04],[-1.351,-2.042],[2.103,-1.656]],"v":[[3.152,-4.799],[3.999,2.409],[-1.596,4.799],[-3.999,-1.918]],"c":true},"ix":2},"nm":"Path 1","mn":"ADBE Vector Shape - Group","hd":false},{"ty":"fl","c":{"a":0,"k":[0.956862804936,0.533333333333,0.121568634931,1],"ix":4},"o":{"a":0,"k":100,"ix":5},"r":1,"bm":0,"nm":"Fill 1","mn":"ADBE Vector Graphic - Fill","hd":false},{"ty":"tr","p":{"a":0,"k":[78.702,36.687],"ix":2},"a":{"a":0,"k":[0,0],"ix":1},"s":{"a":0,"k":[100,100],"ix":3},"r":{"a":0,"k":0,"ix":6},"o":{"a":0,"k":100,"ix":7},"sk":{"a":0,"k":0,"ix":4},"sa":{"a":0,"k":0,"ix":5},"nm":"Transform"}],"nm":"Group 38","np":2,"cix":2,"bm":0,"ix":38,"mn":"ADBE Vector Group","hd":false},{"ty":"gr","it":[{"ind":0,"ty":"sh","ix":1,"ks":{"a":0,"k":{"i":[[3.375,-1.335],[3.82,-0.448],[2.048,-0.432],[1.853,1.139],[-4.03,1.593],[-1.634,-1.866]],"o":[[-0.92,-3.949],[-2.074,0.243],[-1.934,0.409],[4.324,-0.601],[2.736,-1.081],[2.195,2.506]],"v":[[6.481,3.8],[1.57,0.104],[-4.598,1.284],[-10.305,1.018],[2.079,-2.719],[8.11,-1.503]],"c":true},"ix":2},"nm":"Path 1","mn":"ADBE Vector Shape - Group","hd":false},{"ty":"fl","c":{"a":0,"k":[0.847058883368,0.89019613827,0.90588241278,1],"ix":4},"o":{"a":0,"k":100,"ix":5},"r":1,"bm":0,"nm":"Fill 1","mn":"ADBE Vector Graphic - Fill","hd":false},{"ty":"tr","p":{"a":0,"k":[128.281,236.397],"ix":2},"a":{"a":0,"k":[0,0],"ix":1},"s":{"a":0,"k":[100,100],"ix":3},"r":{"a":0,"k":0,"ix":6},"o":{"a":0,"k":100,"ix":7},"sk":{"a":0,"k":0,"ix":4},"sa":{"a":0,"k":0,"ix":5},"nm":"Transform"}],"nm":"Group 39","np":2,"cix":2,"bm":0,"ix":39,"mn":"ADBE Vector Group","hd":false},{"ty":"gr","it":[{"ind":0,"ty":"sh","ix":1,"ks":{"a":0,"k":{"i":[[0,0],[0.386,0.021],[0.22,2.919],[-1.544,-0.066],[-2.098,-0.05],[-0.178,-2.479]],"o":[[-0.386,-0.021],[-2.302,-1.821],[-0.116,-1.539],[2.098,0.089],[-0.199,2.413],[0,0]],"v":[[0.749,4.69],[-0.409,4.629],[-4.073,-2.5],[-2.109,-4.625],[4.19,-4.466],[2.917,2.648]],"c":true},"ix":2},"nm":"Path 1","mn":"ADBE Vector Shape - Group","hd":false},{"ty":"fl","c":{"a":0,"k":[0.16862745098,0.729411764706,0.921568687289,1],"ix":4},"o":{"a":0,"k":100,"ix":5},"r":1,"bm":0,"nm":"Fill 1","mn":"ADBE Vector Graphic - Fill","hd":false},{"ty":"tr","p":{"a":0,"k":[109.388,211.531],"ix":2},"a":{"a":0,"k":[0,0],"ix":1},"s":{"a":0,"k":[100,100],"ix":3},"r":{"a":0,"k":0,"ix":6},"o":{"a":0,"k":100,"ix":7},"sk":{"a":0,"k":0,"ix":4},"sa":{"a":0,"k":0,"ix":5},"nm":"Transform"}],"nm":"Group 40","np":2,"cix":2,"bm":0,"ix":40,"mn":"ADBE Vector Group","hd":false},{"ty":"gr","it":[{"ind":0,"ty":"sh","ix":1,"ks":{"a":0,"k":{"i":[[2.658,-6.298],[0.048,0.761],[-0.071,1.689],[-0.622,1.997],[-0.105,1.757],[-0.122,1.132],[-0.226,0.076],[-1.145,-1.392],[0.644,-1.103]],"o":[[-0.049,-0.761],[0.511,-1.581],[1.067,-1.815],[0.96,-1.387],[0.122,-1.132],[0.192,-0.176],[1.294,-0.434],[0.893,1.085],[-3.438,5.896]],"v":[[-5.49,11.584],[-5.637,9.301],[-4.444,4.476],[-2.081,-1.311],[-0.114,-5.867],[0.251,-9.261],[0.832,-9.774],[4.744,-10.192],[3.909,-6.573]],"c":true},"ix":2},"nm":"Path 1","mn":"ADBE Vector Shape - Group","hd":false},{"ty":"fl","c":{"a":0,"k":[0.847058883368,0.89019613827,0.90588241278,1],"ix":4},"o":{"a":0,"k":100,"ix":5},"r":1,"bm":0,"nm":"Fill 1","mn":"ADBE Vector Graphic - Fill","hd":false},{"ty":"tr","p":{"a":0,"k":[100.984,36.975],"ix":2},"a":{"a":0,"k":[0,0],"ix":1},"s":{"a":0,"k":[100,100],"ix":3},"r":{"a":0,"k":0,"ix":6},"o":{"a":0,"k":100,"ix":7},"sk":{"a":0,"k":0,"ix":4},"sa":{"a":0,"k":0,"ix":5},"nm":"Transform"}],"nm":"Group 41","np":2,"cix":2,"bm":0,"ix":41,"mn":"ADBE Vector Group","hd":false},{"ty":"gr","it":[{"ind":0,"ty":"sh","ix":1,"ks":{"a":0,"k":{"i":[[-3.507,2.845],[-1.413,-1.592],[-0.111,-3.272],[1.659,0.844]],"o":[[2.056,0.566],[-2.731,2.104],[-1.792,0.11],[-0.8,-4.218]],"v":[[-0.477,-5.818],[4.719,-2.569],[1.309,5.707],[-3.92,4.974]],"c":true},"ix":2},"nm":"Path 1","mn":"ADBE Vector Shape - Group","hd":false},{"ty":"fl","c":{"a":0,"k":[0.16862745098,0.729411764706,0.921568687289,1],"ix":4},"o":{"a":0,"k":100,"ix":5},"r":1,"bm":0,"nm":"Fill 1","mn":"ADBE Vector Graphic - Fill","hd":false},{"ty":"tr","p":{"a":0,"k":[60.57,43.586],"ix":2},"a":{"a":0,"k":[0,0],"ix":1},"s":{"a":0,"k":[100,100],"ix":3},"r":{"a":0,"k":0,"ix":6},"o":{"a":0,"k":100,"ix":7},"sk":{"a":0,"k":0,"ix":4},"sa":{"a":0,"k":0,"ix":5},"nm":"Transform"}],"nm":"Group 42","np":2,"cix":2,"bm":0,"ix":42,"mn":"ADBE Vector Group","hd":false},{"ty":"gr","it":[{"ind":0,"ty":"sh","ix":1,"ks":{"a":0,"k":{"i":[[-0.532,2.653],[-3.285,-0.624],[0.123,-2.565],[2.36,-2.203]],"o":[[2.719,-1.47],[-0.123,2.566],[-3.136,-0.276],[-0.583,-2.651]],"v":[[-4.071,-2.491],[4.642,-4.842],[4.272,2.854],[-4.059,5.466]],"c":true},"ix":2},"nm":"Path 1","mn":"ADBE Vector Shape - Group","hd":false},{"ty":"fl","c":{"a":0,"k":[0.956862804936,0.533333333333,0.121568634931,1],"ix":4},"o":{"a":0,"k":100,"ix":5},"r":1,"bm":0,"nm":"Fill 1","mn":"ADBE Vector Graphic - Fill","hd":false},{"ty":"tr","p":{"a":0,"k":[77.549,24.012],"ix":2},"a":{"a":0,"k":[0,0],"ix":1},"s":{"a":0,"k":[100,100],"ix":3},"r":{"a":0,"k":0,"ix":6},"o":{"a":0,"k":100,"ix":7},"sk":{"a":0,"k":0,"ix":4},"sa":{"a":0,"k":0,"ix":5},"nm":"Transform"}],"nm":"Group 43","np":2,"cix":2,"bm":0,"ix":43,"mn":"ADBE Vector Group","hd":false},{"ty":"gr","it":[{"ind":0,"ty":"sh","ix":1,"ks":{"a":0,"k":{"i":[[-0.875,-1.086],[3.309,-5.792],[-4.579,3.083],[-2.014,0.227]],"o":[[-5.909,2.109],[-0.957,-5.695],[1.654,-1.114],[1.031,0.843]],"v":[[7.338,-4.808],[-6.381,6.945],[-1.438,-4.754],[3.997,-6.945]],"c":true},"ix":2},"nm":"Path 1","mn":"ADBE Vector Shape - Group","hd":false},{"ty":"fl","c":{"a":0,"k":[0.956862804936,0.533333333333,0.121568634931,1],"ix":4},"o":{"a":0,"k":100,"ix":5},"r":1,"bm":0,"nm":"Fill 1","mn":"ADBE Vector Graphic - Fill","hd":false},{"ty":"tr","p":{"a":0,"k":[90.562,64.689],"ix":2},"a":{"a":0,"k":[0,0],"ix":1},"s":{"a":0,"k":[100,100],"ix":3},"r":{"a":0,"k":0,"ix":6},"o":{"a":0,"k":100,"ix":7},"sk":{"a":0,"k":0,"ix":4},"sa":{"a":0,"k":0,"ix":5},"nm":"Transform"}],"nm":"Group 44","np":2,"cix":2,"bm":0,"ix":44,"mn":"ADBE Vector Group","hd":false},{"ty":"gr","it":[{"ind":0,"ty":"sh","ix":1,"ks":{"a":0,"k":{"i":[[2.056,0.566],[2.349,0.344],[3.93,-0.047],[1.558,0.019],[-2.839,0.038],[-5.867,-6.19],[0.608,0.015]],"o":[[-1.89,-1.522],[-3.662,-1.562],[-1.558,0.019],[2.301,-2.066],[8.741,-0.115],[-0.568,0.737],[-1.416,-1.59]],"v":[[7.787,1.513],[1.321,-1.009],[-10.126,-2.9],[-14.802,-2.951],[-6.77,-5.286],[14.802,4.664],[12.987,4.76]],"c":true},"ix":2},"nm":"Path 1","mn":"ADBE Vector Shape - Group","hd":false},{"ty":"fl","c":{"a":0,"k":[0.847058883368,0.89019613827,0.90588241278,1],"ix":4},"o":{"a":0,"k":100,"ix":5},"r":1,"bm":0,"nm":"Fill 1","mn":"ADBE Vector Graphic - Fill","hd":false},{"ty":"tr","p":{"a":0,"k":[52.306,36.254],"ix":2},"a":{"a":0,"k":[0,0],"ix":1},"s":{"a":0,"k":[100,100],"ix":3},"r":{"a":0,"k":0,"ix":6},"o":{"a":0,"k":100,"ix":7},"sk":{"a":0,"k":0,"ix":4},"sa":{"a":0,"k":0,"ix":5},"nm":"Transform"}],"nm":"Group 45","np":2,"cix":2,"bm":0,"ix":45,"mn":"ADBE Vector Group","hd":false},{"ty":"gr","it":[{"ind":0,"ty":"sh","ix":1,"ks":{"a":0,"k":{"i":[[2.088,0.665],[-2.776,3.561],[-1.89,-1.522],[-0.8,-4.218]],"o":[[-0.244,-4.41],[2.35,0.344],[-3.507,2.845],[-2.217,0.003]],"v":[[-4.803,5.415],[-1.419,-6.658],[5.047,-4.136],[1.605,6.656]],"c":true},"ix":2},"nm":"Path 1","mn":"ADBE Vector Shape - Group","hd":false},{"ty":"fl","c":{"a":0,"k":[0.956862804936,0.533333333333,0.121568634931,1],"ix":4},"o":{"a":0,"k":100,"ix":5},"r":1,"bm":0,"nm":"Fill 1","mn":"ADBE Vector Graphic - Fill","hd":false},{"ty":"tr","p":{"a":0,"k":[55.045,41.904],"ix":2},"a":{"a":0,"k":[0,0],"ix":1},"s":{"a":0,"k":[100,100],"ix":3},"r":{"a":0,"k":0,"ix":6},"o":{"a":0,"k":100,"ix":7},"sk":{"a":0,"k":0,"ix":4},"sa":{"a":0,"k":0,"ix":5},"nm":"Transform"}],"nm":"Group 46","np":2,"cix":2,"bm":0,"ix":46,"mn":"ADBE Vector Group","hd":false},{"ty":"gr","it":[{"ind":0,"ty":"sh","ix":1,"ks":{"a":0,"k":{"i":[[-2.28,-1.107],[4.359,-2.477],[-1.811,3.195],[-0.011,0.597],[0,0],[-1.592,0.282]],"o":[[-3.153,3.098],[-0.943,-4.08],[0.564,-0.149],[0,0],[1.682,-0.149],[0.801,2.416]],"v":[[5.726,-1.806],[-4.783,7.062],[-3.41,-3.552],[-2.519,-4.646],[-2.604,-4.583],[1.072,-7.062]],"c":true},"ix":2},"nm":"Path 1","mn":"ADBE Vector Shape - Group","hd":false},{"ty":"fl","c":{"a":0,"k":[0.16862745098,0.729411764706,0.921568687289,1],"ix":4},"o":{"a":0,"k":100,"ix":5},"r":1,"bm":0,"nm":"Fill 1","mn":"ADBE Vector Graphic - Fill","hd":false},{"ty":"tr","p":{"a":0,"k":[58.291,76.742],"ix":2},"a":{"a":0,"k":[0,0],"ix":1},"s":{"a":0,"k":[100,100],"ix":3},"r":{"a":0,"k":0,"ix":6},"o":{"a":0,"k":100,"ix":7},"sk":{"a":0,"k":0,"ix":4},"sa":{"a":0,"k":0,"ix":5},"nm":"Transform"}],"nm":"Group 47","np":2,"cix":2,"bm":0,"ix":47,"mn":"ADBE Vector Group","hd":false},{"ty":"gr","it":[{"ind":0,"ty":"sh","ix":1,"ks":{"a":0,"k":{"i":[[-4.549,3.991],[0.843,-4.36],[2.719,-1.47]],"o":[[2.969,3.974],[-3.285,-0.624],[0.261,-6.107]],"v":[[2.23,-7.522],[3.514,5.171],[-5.198,7.522]],"c":true},"ix":2},"nm":"Path 1","mn":"ADBE Vector Shape - Group","hd":false},{"ty":"fl","c":{"a":0,"k":[0.16862745098,0.729411764706,0.921568687289,1],"ix":4},"o":{"a":0,"k":100,"ix":5},"r":1,"bm":0,"nm":"Fill 1","mn":"ADBE Vector Graphic - Fill","hd":false},{"ty":"tr","p":{"a":0,"k":[78.677,13.999],"ix":2},"a":{"a":0,"k":[0,0],"ix":1},"s":{"a":0,"k":[100,100],"ix":3},"r":{"a":0,"k":0,"ix":6},"o":{"a":0,"k":100,"ix":7},"sk":{"a":0,"k":0,"ix":4},"sa":{"a":0,"k":0,"ix":5},"nm":"Transform"}],"nm":"Group 48","np":2,"cix":2,"bm":0,"ix":48,"mn":"ADBE Vector Group","hd":false},{"ty":"gr","it":[{"ind":0,"ty":"sh","ix":1,"ks":{"a":0,"k":{"i":[[-1.159,-4.737],[1.137,2.369],[0.283,2.403],[0.244,1.673],[-0.123,2.566],[2.969,3.974],[-0.451,-2.492],[0.006,-1.309],[-0.062,-6.567]],"o":[[-2.467,-1.696],[-0.282,-2.403],[0.201,-1.676],[0.125,-2.566],[0.842,-4.36],[2.702,-1.178],[0.231,1.274],[-0.031,6.556],[0.045,4.888]],"v":[[2.676,20.416],[-0.882,13.383],[-1.729,6.174],[-1.761,1.151],[-1.39,-6.546],[-2.676,-19.239],[1.455,-17.585],[1.596,-13.662],[1.115,5.999]],"c":true},"ix":2},"nm":"Path 1","mn":"ADBE Vector Shape - Group","hd":false},{"ty":"fl","c":{"a":0,"k":[0.847058883368,0.89019613827,0.90588241278,1],"ix":4},"o":{"a":0,"k":100,"ix":5},"r":1,"bm":0,"nm":"Fill 1","mn":"ADBE Vector Graphic - Fill","hd":false},{"ty":"tr","p":{"a":0,"k":[83.582,25.715],"ix":2},"a":{"a":0,"k":[0,0],"ix":1},"s":{"a":0,"k":[100,100],"ix":3},"r":{"a":0,"k":0,"ix":6},"o":{"a":0,"k":100,"ix":7},"sk":{"a":0,"k":0,"ix":4},"sa":{"a":0,"k":0,"ix":5},"nm":"Transform"}],"nm":"Group 49","np":2,"cix":2,"bm":0,"ix":49,"mn":"ADBE Vector Group","hd":false},{"ty":"gr","it":[{"ind":0,"ty":"sh","ix":1,"ks":{"a":0,"k":{"i":[[0.594,-0.251],[0.633,0.843],[2.214,-0.513],[-4.016,5.831],[-0.084,-0.23],[-4.396,0.479],[4.305,-4.078]],"o":[[-0.992,-0.386],[-1.486,-1.979],[5.314,-4.671],[0.147,0.207],[1.481,4.057],[-2.551,5.468],[-0.438,0.415]],"v":[[-2.216,9.579],[-4.834,7.876],[-10.466,6.134],[3.574,-9.579],[4.008,-8.955],[10.466,-5.019],[-0.456,8.804]],"c":true},"ix":2},"nm":"Path 1","mn":"ADBE Vector Shape - Group","hd":false},{"ty":"fl","c":{"a":0,"k":[0.945098099054,0.756862804936,0.117647066303,1],"ix":4},"o":{"a":0,"k":100,"ix":5},"r":1,"bm":0,"nm":"Fill 1","mn":"ADBE Vector Graphic - Fill","hd":false},{"ty":"tr","p":{"a":0,"k":[149.176,178.791],"ix":2},"a":{"a":0,"k":[0,0],"ix":1},"s":{"a":0,"k":[100,100],"ix":3},"r":{"a":0,"k":0,"ix":6},"o":{"a":0,"k":100,"ix":7},"sk":{"a":0,"k":0,"ix":4},"sa":{"a":0,"k":0,"ix":5},"nm":"Transform"}],"nm":"Group 50","np":2,"cix":2,"bm":0,"ix":50,"mn":"ADBE Vector Group","hd":false},{"ty":"gr","it":[{"ind":0,"ty":"sh","ix":1,"ks":{"a":0,"k":{"i":[[-0.244,-4.41],[3.592,3.128],[-1.832,2.896],[-0.281,0.19],[0,0],[-1.558,0.018],[-3.663,-1.56]],"o":[[-4.894,-0.685],[-2.766,-2.409],[0.281,-0.188],[0,0],[1.559,0.019],[3.931,-0.048],[-2.777,3.563]],"v":[[5.964,7.025],[-6.462,0.602],[-7.517,-6.458],[-6.674,-7.025],[-6.775,-6.99],[-2.099,-6.939],[9.349,-5.05]],"c":true},"ix":2},"nm":"Path 1","mn":"ADBE Vector Shape - Group","hd":false},{"ty":"fl","c":{"a":0,"k":[0.16862745098,0.729411764706,0.921568687289,1],"ix":4},"o":{"a":0,"k":100,"ix":5},"r":1,"bm":0,"nm":"Fill 1","mn":"ADBE Vector Graphic - Fill","hd":false},{"ty":"tr","p":{"a":0,"k":[44.278,40.294],"ix":2},"a":{"a":0,"k":[0,0],"ix":1},"s":{"a":0,"k":[100,100],"ix":3},"r":{"a":0,"k":0,"ix":6},"o":{"a":0,"k":100,"ix":7},"sk":{"a":0,"k":0,"ix":4},"sa":{"a":0,"k":0,"ix":5},"nm":"Transform"}],"nm":"Group 51","np":2,"cix":2,"bm":0,"ix":51,"mn":"ADBE Vector Group","hd":false},{"ty":"gr","it":[{"ind":0,"ty":"sh","ix":1,"ks":{"a":0,"k":{"i":[[-0.92,-3.949],[6.197,0.054],[5.415,0.044],[0.87,-0.674],[1.436,0.646],[-0.099,1.246],[-1.399,0.426],[-1.551,-0.271],[-1.478,3.441],[-1.076,2.978],[-1.227,2.191],[-0.387,-0.02],[-0.126,-0.79],[0.219,-4.866],[-3.47,-0.292],[-2.335,-0.049],[-1.934,0.409],[-2.074,0.243]],"o":[[-6.198,-0.021],[-5.415,-0.049],[-1.311,-0.011],[-1.887,1.46],[-1.061,-0.476],[0.118,-1.484],[1.601,-0.488],[3.675,0.644],[1.249,-2.908],[0.849,-2.352],[0.386,0.02],[0.126,0.792],[-2.292,4.291],[-0.224,3.363],[2.324,0.196],[1.853,1.139],[2.048,-0.432],[3.82,-0.448]],"v":[[22.507,11.245],[3.914,11.172],[-12.329,10.941],[-16.19,11.332],[-20.63,10.825],[-22.407,8.524],[-19.979,5.745],[-15.282,5.987],[-9.573,2.979],[-6.141,-5.878],[-3.278,-12.792],[-2.118,-12.73],[-1.74,-10.356],[-5.54,3.372],[-1.284,8.289],[5.72,8.462],[11.427,8.729],[17.595,7.549]],"c":true},"ix":2},"nm":"Path 1","mn":"ADBE Vector Shape - Group","hd":false},{"ty":"fl","c":{"a":0,"k":[0.956862804936,0.533333333333,0.121568634931,1],"ix":4},"o":{"a":0,"k":100,"ix":5},"r":1,"bm":0,"nm":"Fill 1","mn":"ADBE Vector Graphic - Fill","hd":false},{"ty":"tr","p":{"a":0,"k":[112.256,228.952],"ix":2},"a":{"a":0,"k":[0,0],"ix":1},"s":{"a":0,"k":[100,100],"ix":3},"r":{"a":0,"k":0,"ix":6},"o":{"a":0,"k":100,"ix":7},"sk":{"a":0,"k":0,"ix":4},"sa":{"a":0,"k":0,"ix":5},"nm":"Transform"}],"nm":"Group 52","np":2,"cix":2,"bm":0,"ix":52,"mn":"ADBE Vector Group","hd":false},{"ty":"gr","it":[{"ind":0,"ty":"sh","ix":1,"ks":{"a":0,"k":{"i":[[0.563,0.085],[-0.774,0.667],[-1.913,7.61],[4.821,6.324],[0.626,0.851],[-3.44,0.486],[-0.396,-0.037],[-1.427,-2.209],[4.692,-9.028],[6.238,-4.584]],"o":[[-0.571,-1.625],[6.023,-5.195],[1.905,-7.58],[-0.641,-0.841],[-2.033,-2.764],[0.382,-0.054],[1.475,2.179],[5.553,8.596],[-3.574,6.876],[-0.433,0.318]],"v":[[-10.335,25.317],[-8.594,22.671],[3.123,3.294],[-1.002,-17.714],[-2.953,-20.215],[-0.734,-25.348],[0.45,-25.252],[4.867,-18.712],[6.214,7.875],[-8.893,24.835]],"c":true},"ix":2},"nm":"Path 1","mn":"ADBE Vector Shape - Group","hd":false},{"ty":"fl","c":{"a":0,"k":[0.847058883368,0.89019613827,0.90588241278,1],"ix":4},"o":{"a":0,"k":100,"ix":5},"r":1,"bm":0,"nm":"Fill 1","mn":"ADBE Vector Graphic - Fill","hd":false},{"ty":"tr","p":{"a":0,"k":[144.006,158.084],"ix":2},"a":{"a":0,"k":[0,0],"ix":1},"s":{"a":0,"k":[100,100],"ix":3},"r":{"a":0,"k":0,"ix":6},"o":{"a":0,"k":100,"ix":7},"sk":{"a":0,"k":0,"ix":4},"sa":{"a":0,"k":0,"ix":5},"nm":"Transform"}],"nm":"Group 53","np":2,"cix":2,"bm":0,"ix":53,"mn":"ADBE Vector Group","hd":false},{"ty":"gr","it":[{"ind":0,"ty":"sh","ix":1,"ks":{"a":0,"k":{"i":[[-0.424,2.908],[-0.511,1.827],[1.233,1.04],[2.797,1.047],[-1.89,1.184],[-0.538,0.326],[0,0],[-0.591,0.009],[0,0],[-1.559,-0.652],[-1.084,-0.947],[-0.914,0.858],[0.405,0.713],[0.96,1.733],[0.143,1.347],[-2.221,-0.041],[-2.467,-1.696],[-0.379,-0.94],[-1.065,0.294],[0.055,0.758],[0,0.636],[-1.814,-0.83],[-0.049,-0.761],[0,-0.889],[1.968,-0.632],[1.921,-4.99],[1.958,-0.54]],"o":[[1.373,-0.541],[0.566,-2.021],[-2.342,-1.976],[-0.267,-2.231],[0.527,0.164],[0,0],[-0.044,0.6],[0,0],[0.2,1.979],[1.072,0.961],[0.734,0.641],[0.731,-0.684],[-0.978,-1.721],[-0.638,-1.152],[1.539,-1.56],[1.138,2.369],[0.365,0.946],[0.361,0.894],[0.979,-0.27],[-0.046,-0.632],[1.744,-0.847],[0.05,0.761],[-0.187,0.889],[0,2.268],[-4.922,1.581],[-0.947,2.46],[-1.728,-2.56]],"v":[[-6.907,5.87],[-2.793,4.571],[-5.764,0.958],[-13.771,-2.967],[-11.293,-8.068],[-9.703,-8.037],[-9.752,-8.072],[-8.916,-7.201],[-8.973,-7.265],[-5.712,-3.927],[-2.495,-1.047],[-0.064,-0.765],[0.018,-2.92],[-2.964,-8.059],[-4.351,-11.741],[1.244,-14.13],[4.8,-7.096],[5.896,-4.258],[7.895,-2.904],[8.568,-4.823],[8.56,-6.728],[13.89,-6.951],[14.038,-4.668],[13.508,-2],[10.232,1.57],[-0.551,11.112],[-5.567,14.171]],"c":true},"ix":2},"nm":"Path 1","mn":"ADBE Vector Shape - Group","hd":false},{"ty":"fl","c":{"a":0,"k":[0.16862745098,0.729411764706,0.921568687289,1],"ix":4},"o":{"a":0,"k":100,"ix":5},"r":1,"bm":0,"nm":"Fill 1","mn":"ADBE Vector Graphic - Fill","hd":false},{"ty":"tr","p":{"a":0,"k":[81.456,53.228],"ix":2},"a":{"a":0,"k":[0,0],"ix":1},"s":{"a":0,"k":[100,100],"ix":3},"r":{"a":0,"k":0,"ix":6},"o":{"a":0,"k":100,"ix":7},"sk":{"a":0,"k":0,"ix":4},"sa":{"a":0,"k":0,"ix":5},"nm":"Transform"}],"nm":"Group 54","np":2,"cix":2,"bm":0,"ix":54,"mn":"ADBE Vector Group","hd":false},{"ty":"gr","it":[{"ind":0,"ty":"sh","ix":1,"ks":{"a":0,"k":{"i":[[0.363,-0.185],[0.706,6.055],[-1.216,11.489],[-5.863,11.353],[-0.482,3.367],[1.032,-2.031],[1.87,-16.018],[-2.144,-12.283],[-0.606,-3.641]],"o":[[-2.257,-5.671],[-1.334,-11.424],[1.352,-12.789],[1.5,-2.905],[2.596,0.868],[-7.297,14.353],[-1.451,12.42],[0.635,3.636],[-0.363,0.185]],"v":[[-3.14,48.455],[-7.602,30.857],[-8.48,-3.508],[3.097,-39.472],[7.081,-48.455],[8.663,-45.547],[-5.321,-0.061],[-3.875,36.979],[-2.052,47.901]],"c":true},"ix":2},"nm":"Path 1","mn":"ADBE Vector Shape - Group","hd":false},{"ty":"fl","c":{"a":0,"k":[0.847058883368,0.89019613827,0.90588241278,1],"ix":4},"o":{"a":0,"k":100,"ix":5},"r":1,"bm":0,"nm":"Fill 1","mn":"ADBE Vector Graphic - Fill","hd":false},{"ty":"tr","p":{"a":0,"k":[72.678,250.467],"ix":2},"a":{"a":0,"k":[0,0],"ix":1},"s":{"a":0,"k":[100,100],"ix":3},"r":{"a":0,"k":0,"ix":6},"o":{"a":0,"k":100,"ix":7},"sk":{"a":0,"k":0,"ix":4},"sa":{"a":0,"k":0,"ix":5},"nm":"Transform"}],"nm":"Group 55","np":2,"cix":2,"bm":0,"ix":55,"mn":"ADBE Vector Group","hd":false},{"ty":"gr","it":[{"ind":0,"ty":"sh","ix":1,"ks":{"a":0,"k":{"i":[[2.554,-0.244],[-0.568,0.644],[1.023,5.184],[8.593,5.612],[6.585,-6.462],[1.306,-0.503],[-2.157,0.72],[-0.666,0.826],[-9.25,-7.103],[1.396,-13.263],[1.167,-2.091]],"o":[[-0.141,-0.833],[3.791,-4.301],[-2.037,-10.321],[-7.264,-4.745],[-0.931,0.913],[-0.375,-0.734],[1.112,-0.37],[7.334,-9.095],[10.37,7.963],[-0.251,2.39],[-1.107,1.984]],"v":[[16.775,24.855],[17.427,22.678],[20.226,8.105],[3.498,-15.417],[-20.123,-12.192],[-23.016,-9.557],[-23.104,-11.77],[-20.737,-13.724],[9.879,-17.752],[23.865,14.054],[21.759,20.813]],"c":true},"ix":2},"nm":"Path 1","mn":"ADBE Vector Shape - Group","hd":false},{"ty":"fl","c":{"a":0,"k":[0.847058883368,0.89019613827,0.90588241278,1],"ix":4},"o":{"a":0,"k":100,"ix":5},"r":1,"bm":0,"nm":"Fill 1","mn":"ADBE Vector Graphic - Fill","hd":false},{"ty":"tr","p":{"a":0,"k":[143.854,71.077],"ix":2},"a":{"a":0,"k":[0,0],"ix":1},"s":{"a":0,"k":[100,100],"ix":3},"r":{"a":0,"k":0,"ix":6},"o":{"a":0,"k":100,"ix":7},"sk":{"a":0,"k":0,"ix":4},"sa":{"a":0,"k":0,"ix":5},"nm":"Transform"}],"nm":"Group 56","np":2,"cix":2,"bm":0,"ix":56,"mn":"ADBE Vector Group","hd":false},{"ty":"gr","it":[{"ind":0,"ty":"sh","ix":1,"ks":{"a":0,"k":{"i":[[-0.992,-0.386],[-0.551,-1.786],[10.905,-0.752],[9.769,2.458],[1.393,1.214],[-5.945,-0.715],[-1.425,0.256],[-8.576,3.948],[-2.362,1.374],[-1.486,-1.979]],"o":[[-0.462,1.499],[-8.969,6.301],[-10.129,0.697],[-1.112,-0.279],[6.407,0.304],[1.401,0.168],[9.234,-1.654],[2.503,-1.153],[2.214,-0.513],[0.633,0.843]],"v":[[32.296,-5.72],[31.01,-1.196],[1.131,8.98],[-28.62,5.869],[-32.296,4.243],[-14.235,3.229],[-9.921,2.764],[16.959,-5.044],[24.046,-9.165],[29.677,-7.423]],"c":true},"ix":2},"nm":"Path 1","mn":"ADBE Vector Shape - Group","hd":false},{"ty":"fl","c":{"a":0,"k":[0.16862745098,0.729411764706,0.921568687289,1],"ix":4},"o":{"a":0,"k":100,"ix":5},"r":1,"bm":0,"nm":"Fill 1","mn":"ADBE Vector Graphic - Fill","hd":false},{"ty":"tr","p":{"a":0,"k":[114.664,194.09],"ix":2},"a":{"a":0,"k":[0,0],"ix":1},"s":{"a":0,"k":[100,100],"ix":3},"r":{"a":0,"k":0,"ix":6},"o":{"a":0,"k":100,"ix":7},"sk":{"a":0,"k":0,"ix":4},"sa":{"a":0,"k":0,"ix":5},"nm":"Transform"}],"nm":"Group 57","np":2,"cix":2,"bm":0,"ix":57,"mn":"ADBE Vector Group","hd":false},{"ty":"gr","it":[{"ind":0,"ty":"sh","ix":1,"ks":{"a":0,"k":{"i":[[-0.045,0.897],[1.312,0.019],[-0.021,-0.769],[-0.781,0.071]],"o":[[-0.078,-1.604],[-0.724,-0.01],[0.034,1.298],[1.136,-0.104]],"v":[[3.658,-12.888],[0.546,-16.537],[-0.635,-15.33],[2.174,-11.064]],"c":true},"ix":2},"nm":"Path 1","mn":"ADBE Vector Shape - Group","hd":false},{"ind":1,"ty":"sh","ix":2,"ks":{"a":0,"k":{"i":[[-0.141,-0.833],[2.675,0.538],[5.492,3.447],[1.487,4.564],[1.457,-0.564],[-0.202,-1.112],[-0.293,-0.586],[-4.525,-4.464],[-2.919,1.229],[0.126,-1.836],[1.326,0.178],[1.7,1.03],[-5.804,17.341],[-0.93,0.913],[-7.263,-4.745],[-2.038,-10.322],[3.791,-4.302]],"o":[[-2.839,0.84],[-6.214,-1.25],[-3.909,-2.454],[-0.337,-1.034],[-1.272,0.491],[0.115,0.64],[2.851,5.688],[1.56,1.539],[0.99,-0.416],[-0.091,1.328],[-2.015,-0.271],[-15.481,-9.373],[1.305,-0.503],[6.585,-6.461],[8.594,5.613],[1.022,5.183],[-0.567,0.643]],"v":[[20.56,17.95],[12.393,17.075],[-5.438,10.854],[-14.151,1.013],[-16.279,-1.211],[-16.581,1.994],[-15.91,3.851],[-5.001,19.246],[1.187,21.561],[3.21,25.208],[1.138,26.891],[-4.326,24.688],[-19.23,-16.462],[-16.338,-19.099],[7.283,-22.323],[24.012,1.201],[21.212,15.772]],"c":true},"ix":2},"nm":"Path 2","mn":"ADBE Vector Shape - Group","hd":false},{"ty":"mm","mm":1,"nm":"Merge Paths 1","mn":"ADBE Vector Filter - Merge","hd":false},{"ty":"fl","c":{"a":0,"k":[0.956862804936,0.533333333333,0.121568634931,1],"ix":4},"o":{"a":0,"k":100,"ix":5},"r":1,"bm":0,"nm":"Fill 1","mn":"ADBE Vector Graphic - Fill","hd":false},{"ty":"tr","p":{"a":0,"k":[140.069,77.982],"ix":2},"a":{"a":0,"k":[0,0],"ix":1},"s":{"a":0,"k":[100,100],"ix":3},"r":{"a":0,"k":0,"ix":6},"o":{"a":0,"k":100,"ix":7},"sk":{"a":0,"k":0,"ix":4},"sa":{"a":0,"k":0,"ix":5},"nm":"Transform"}],"nm":"Group 58","np":4,"cix":2,"bm":0,"ix":58,"mn":"ADBE Vector Group","hd":false},{"ty":"gr","it":[{"ind":0,"ty":"sh","ix":1,"ks":{"a":0,"k":{"i":[[0.282,-0.486],[0.346,-1.677],[1.182,-1.927],[1.95,0.091],[0.645,1.394],[-0.08,7.199],[-1.857,9.082],[-1.514,4.251],[-0.031,0.643],[0.273,0.216],[0.236,-0.377],[0.336,-0.857],[0.954,-9.098],[1.88,-2.391],[2.497,-3.409],[1.612,-0.951],[0.643,2.509],[-0.66,3.389],[-3.09,5.756],[-4.049,6.046],[-0.178,0.351],[0.432,0.43],[0.376,-0.349],[0.629,-0.836],[2.53,-4.664],[0.641,-1.062],[-0.356,1.329],[-9.842,10.227],[-12.347,6.146],[-1.171,0.582],[-3.308,-0.331],[-2.003,-0.965],[1.5,-2.906],[1.352,-12.79],[-1.334,-11.425],[-2.257,-5.67],[-1.607,-2.434],[-0.465,-1.516],[-2.293,-3.737],[1.699,-1.621],[1.606,0.815],[3.414,6.873],[1.771,5.391],[1.645,-0.385],[-0.294,-1.479],[-4.668,-7.183],[0.196,-0.174],[2.471,6.356],[-0.244,7.066],[-0.314,6.452],[0.065,0.515],[1.687,0.085],[0.186,-1.138],[-3.449,-12.682],[-0.014,-0.258]],"o":[[-1.85,-0.465],[-0.458,2.223],[-0.897,1.463],[-1.829,-0.084],[-3.055,-6.604],[0.104,-9.276],[0.899,-4.394],[0.218,-0.613],[0.015,-0.318],[-0.564,-0.451],[-0.484,0.773],[-3.356,8.541],[-0.315,2.996],[-2.609,3.319],[-1.096,1.497],[-2.208,1.303],[-0.865,-3.378],[1.24,-6.376],[3.436,-6.399],[0.22,-0.329],[0.248,-0.492],[-0.458,-0.454],[-0.768,0.714],[-3.18,4.222],[-0.359,0.663],[-0.614,-2.001],[3.657,-13.655],[9.5,-9.871],[1.17,-0.583],[3.447,-1.713],[0.89,2.222],[-0.481,3.367],[-5.863,11.352],[-1.215,11.489],[0.706,6.054],[0.776,2.744],[0.65,1.409],[1.284,4.178],[0.993,1.62],[-1.425,1.36],[-7.021,-3.563],[-2.532,-5.097],[-0.452,-1.375],[-2.033,0.476],[1.656,8.343],[-0.228,0.129],[-5.628,-4.071],[-2.561,-6.587],[0.222,-6.455],[0.026,-0.527],[-0.13,-1.046],[-1.431,-0.072],[-2.062,12.683],[0.068,0.248],[-0.281,0.481]],"v":[[-0.543,40.16],[-3.608,42.309],[-6.083,48.539],[-9.86,51.641],[-12.908,48.322],[-16.955,27.483],[-13.697,-0.028],[-10.618,-13.119],[-10.2,-15.031],[-10.735,-15.993],[-12.052,-15.578],[-13.217,-13.079],[-19.491,13.444],[-22.559,21.405],[-29.98,31.682],[-33.969,35.5],[-38.022,33.828],[-38.168,23.601],[-31.955,5.284],[-21.046,-13.569],[-20.4,-14.564],[-20.512,-16.018],[-21.922,-15.972],[-24.061,-13.658],[-32.942,-0.539],[-34.36,1.818],[-34.179,-2.882],[-14.238,-38.891],[18.078,-63.517],[21.47,-65.505],[31.405,-64.734],[36.209,-60.477],[32.225,-51.493],[20.648,-15.529],[21.526,18.836],[25.987,36.433],[28.959,44.424],[30.863,48.675],[36.321,60.502],[37.189,65.858],[32.052,65.035],[17.052,48.706],[11.182,32.749],[9.051,29.069],[8.44,33.516],[17.598,56.959],[16.962,57.412],[5.239,41.413],[1.758,20.885],[2.68,1.527],[2.75,-0.051],[1.788,-2.924],[0.226,-0.125],[0.251,37.925],[0.301,38.706]],"c":true},"ix":2},"nm":"Path 1","mn":"ADBE Vector Shape - Group","hd":false},{"ty":"fl","c":{"a":0,"k":[0.16862745098,0.729411764706,0.921568687289,1],"ix":4},"o":{"a":0,"k":100,"ix":5},"r":1,"bm":0,"nm":"Fill 1","mn":"ADBE Vector Graphic - Fill","hd":false},{"ty":"tr","p":{"a":0,"k":[43.551,262.489],"ix":2},"a":{"a":0,"k":[0,0],"ix":1},"s":{"a":0,"k":[100,100],"ix":3},"r":{"a":0,"k":0,"ix":6},"o":{"a":0,"k":100,"ix":7},"sk":{"a":0,"k":0,"ix":4},"sa":{"a":0,"k":0,"ix":5},"nm":"Transform"}],"nm":"Group 59","np":2,"cix":2,"bm":0,"ix":59,"mn":"ADBE Vector Group","hd":false},{"ty":"gr","it":[{"ind":0,"ty":"sh","ix":1,"ks":{"a":0,"k":{"i":[[-0.418,1.227],[2.538,4.837],[3.225,-1.164],[1.01,-2.398],[-3.728,-4.675],[-0.511,-2.566],[-2.433,-0.535],[-1.402,1.763],[0.447,2.216]],"o":[[4.053,-3.977],[-1.58,-3.013],[-2.473,0.891],[-2.165,5.138],[-1.463,2.194],[0.479,2.404],[2.293,0.505],[1.359,-1.711],[-0.231,-1.145]],"v":[[7.741,-40.939],[10.621,-57.696],[2.215,-60.972],[-3.094,-55.989],[-1.857,-41.133],[-3.284,-33.963],[1.054,-29.37],[6.623,-31.569],[8.186,-37.481]],"c":true},"ix":2},"nm":"Path 1","mn":"ADBE Vector Shape - Group","hd":false},{"ind":1,"ty":"sh","ix":2,"ks":{"a":0,"k":{"i":[[-5.73,-0.791],[0.672,-0.371],[-1.333,-1.788],[-0.559,-0.558],[-4.392,-4.365],[4.421,-14.478],[1.339,-1.683],[1.481,4.057],[0.148,0.207],[-0.058,5.146],[6.025,5.746],[1.188,0.328],[0.129,-0.697],[0.382,-0.054],[-2.034,-2.764],[-0.64,-0.841],[1.905,-7.58],[6.023,-5.195],[-0.57,-1.625],[0,0],[0.305,-1.345],[5.453,-1.305],[0.345,0.116],[0,0],[-0.815,1.516],[2.049,-0.175],[0,0],[-1.185,0.064],[-3.013,1.627],[0.23,0.625],[0.555,-0.021],[1.012,-0.242],[2.142,0.228],[-0.005,4.202],[0.147,0.355],[2.797,0.289],[1.404,1.311],[-0.229,1.966],[2.462,-0.364],[1.803,1.061],[-0.712,1.592],[-0.938,0.749],[-1.677,0.538],[0.31,0.909],[0.806,-0.064],[0.666,-0.383],[2.018,-1.477],[-0.689,-3.269],[-2.836,-0.791],[-2.795,0.412],[-5.022,-0.66],[-1.832,0.14],[-0.153,-2.505],[-1.166,-0.406],[-1.384,-0.437],[0,0],[0.309,0.076],[2.261,-0.725],[5.69,1.385],[-1.142,0.421],[-4.755,2.285],[-0.744,0.703],[1.965,0.484],[1.518,-0.904],[2.651,-1.609],[0.918,-0.376],[11.212,-1.975],[2.521,0.21],[-0.886,2.276],[-0.715,1.104],[-3.403,2.731],[-8.584,5.054],[0.793,1.495],[1.304,-0.719],[3.736,-2.248],[0.218,0.237],[-2.611,2.405],[-13.419,3.343],[-0.504,0.155],[0.01,0.569],[0.512,0.285],[1.05,-0.131],[3.413,-0.988],[2.308,0.393],[-0.53,2.791],[2.423,1.497],[-0.278,0.617],[0.556,2.897],[-0.789,8.778],[-2.982,4.388],[-4.366,1.345],[-1.043,0.064],[-4.035,-3.254],[-0.715,-4.194],[-6.446,-5.415]],"o":[[-0.745,0.238],[-1.948,1.075],[0.466,0.625],[4.383,4.374],[11.287,11.217],[-0.613,2.005],[-4.396,0.479],[-0.084,-0.23],[2.135,-4.557],[0.093,-8.142],[-0.857,-0.817],[-0.868,-0.24],[-0.396,-0.037],[-3.44,0.486],[0.626,0.851],[4.821,6.324],[-1.913,7.61],[-0.774,0.668],[0,0],[-1.557,-0.634],[-4.794,3.1],[-0.3,0.071],[0,0],[0.753,-1.589],[0.848,-1.576],[0,0],[1.183,-0.095],[3.576,-0.194],[0.443,-0.24],[-0.195,-0.529],[-1.047,0.037],[-2.068,0.495],[-4.08,-0.435],[0,-0.349],[-2.832,0.204],[-1.687,-0.174],[-1.523,-1.421],[-2.815,0.477],[-1.998,0.296],[-1.511,-0.888],[0.5,-1.117],[1.343,-1.07],[0.869,-0.278],[-0.282,-0.832],[-0.763,0.061],[-2.176,1.249],[-2.39,1.749],[0.704,3.338],[2.866,0.799],[1.179,5.123],[1.823,0.241],[1.903,-0.147],[0.076,1.226],[1.369,0.478],[0,0],[-0.079,0.309],[-2.261,0.725],[-6.266,1.974],[0.956,-1.196],[4.949,-1.829],[0.941,-0.453],[1.022,-0.966],[-1.208,-2.145],[-2.663,1.588],[-0.481,1.151],[-10.57,4.338],[-2.486,0.437],[-2.462,-0.205],[0.473,-1.218],[2.396,-3.697],[7.727,-6.202],[1.249,-0.736],[-1.176,-2.217],[-3.815,2.103],[-0.218,-0.237],[1.776,-3.136],[10.03,-9.244],[0.512,-0.128],[0.557,-0.172],[-0.01,-0.544],[-1.01,-0.56],[-3.58,0.448],[-1.806,-1.042],[0.984,-2.591],[0.383,-2.018],[-0.467,-0.289],[1.392,-3.089],[-1.648,-8.603],[0.468,-5.205],[2.518,-3.708],[0.947,0.563],[5.112,-0.315],[-0.204,4.215],[1.449,8.485],[4.268,3.586]],"v":[[40.606,-21.832],[38.382,-21.095],[37.395,-16.461],[39.078,-14.799],[52.222,-1.674],[60.36,37.336],[57.656,43.014],[51.198,39.078],[50.764,38.454],[54.847,24.123],[46.594,3.033],[43.722,0.992],[42.469,2.074],[41.286,1.977],[39.068,7.111],[41.018,9.612],[45.143,30.62],[33.426,49.997],[31.685,52.643],[31.68,52.64],[29.204,54.207],[13.522,59.981],[12.493,59.655],[12.584,59.722],[16.015,56.063],[14.557,53.697],[12.959,52.179],[16.509,51.901],[26.02,48.205],[26.667,46.925],[25.49,46.022],[22.362,46.352],[16.094,47.061],[11.018,41.266],[10.601,40.213],[2.266,40.983],[-2.573,39.587],[-3.574,34.37],[-11.302,35.666],[-17.061,34.761],[-18.213,31.066],[-16.021,28.295],[-11.659,25.606],[-10.588,23.822],[-12.484,22.665],[-14.72,23.365],[-21.131,27.303],[-25.146,34.499],[-18.46,39.29],[-9.939,39.066],[-2.498,46.041],[3.037,46.192],[6.493,48.548],[8.965,50.888],[13.113,52.209],[4.624,59.393],[4.041,59.742],[-2.743,61.919],[-25.846,63.122],[-22.357,61.411],[-7.782,55.289],[-5.105,53.657],[-6.601,51.426],[-10.871,50.965],[-18.827,55.785],[-21.415,57.291],[-54.248,66.152],[-61.728,66.811],[-63.894,63.433],[-62.004,59.967],[-53.178,50.361],[-29.249,32.744],[-26.245,29.758],[-30.564,30.455],[-41.799,37.148],[-42.454,36.435],[-35.609,28.305],[-0.96,8.477],[0.57,8.073],[1.446,6.918],[0.655,5.648],[-2.43,5.483],[-12.643,8.544],[-17.546,4.75],[-14.013,-2.745],[-15.122,-8.429],[-15.586,-9.708],[-16.371,-18.577],[-18.379,-44.573],[-13.626,-59.1],[-3.573,-67.021],[-0.542,-66.596],[13.253,-62.433],[13.537,-49.809],[25.99,-29.269]],"c":true},"ix":2},"nm":"Path 2","mn":"ADBE Vector Shape - Group","hd":false},{"ty":"mm","mm":1,"nm":"Merge Paths 1","mn":"ADBE Vector Filter - Merge","hd":false},{"ty":"fl","c":{"a":0,"k":[0.16862745098,0.729411764706,0.921568687289,1],"ix":4},"o":{"a":0,"k":100,"ix":5},"r":1,"bm":0,"nm":"Fill 1","mn":"ADBE Vector Graphic - Fill","hd":false},{"ty":"tr","p":{"a":0,"k":[101.986,130.759],"ix":2},"a":{"a":0,"k":[0,0],"ix":1},"s":{"a":0,"k":[100,100],"ix":3},"r":{"a":0,"k":0,"ix":6},"o":{"a":0,"k":100,"ix":7},"sk":{"a":0,"k":0,"ix":4},"sa":{"a":0,"k":0,"ix":5},"nm":"Transform"}],"nm":"Group 60","np":4,"cix":2,"bm":0,"ix":60,"mn":"ADBE Vector Group","hd":false},{"ty":"gr","it":[{"ind":0,"ty":"sh","ix":1,"ks":{"a":0,"k":{"i":[[-0.746,0.238],[-0.677,-0.004],[-0.286,-0.388],[0.538,-1.206],[-0.713,-0.745],[-1.664,-1.074],[-3.694,-3.975],[2.031,-12.112],[13.168,-7.663],[-0.462,1.499],[-0.438,0.415],[-2.549,5.468],[-0.612,2.005],[11.287,11.217],[4.382,4.374],[0.465,0.625],[-1.948,1.075]],"o":[[0.677,0.003],[-0.279,0.385],[-1.077,-0.124],[-0.541,1.212],[1.374,1.438],[4.554,2.939],[8.254,8.885],[-2.557,15.246],[-0.552,-1.786],[0.594,-0.251],[4.305,-4.077],[1.34,-1.683],[4.422,-14.478],[-4.392,-4.365],[-0.559,-0.558],[-1.333,-1.788],[0.672,-0.371]],"v":[[-12.167,-41.984],[-10.136,-41.973],[-10.144,-40.812],[-12.872,-39.818],[-11.782,-37.099],[-7.101,-33.485],[5.473,-23.323],[14.68,7.99],[-9.085,41.984],[-7.8,37.46],[-6.039,36.684],[4.882,22.862],[7.586,17.184],[-0.552,-21.826],[-13.696,-34.951],[-15.379,-36.613],[-14.391,-41.247]],"c":true},"ix":2},"nm":"Path 1","mn":"ADBE Vector Shape - Group","hd":false},{"ty":"fl","c":{"a":0,"k":[0.847058883368,0.89019613827,0.90588241278,1],"ix":4},"o":{"a":0,"k":100,"ix":5},"r":1,"bm":0,"nm":"Fill 1","mn":"ADBE Vector Graphic - Fill","hd":false},{"ty":"tr","p":{"a":0,"k":[154.759,150.91],"ix":2},"a":{"a":0,"k":[0,0],"ix":1},"s":{"a":0,"k":[100,100],"ix":3},"r":{"a":0,"k":0,"ix":6},"o":{"a":0,"k":100,"ix":7},"sk":{"a":0,"k":0,"ix":4},"sa":{"a":0,"k":0,"ix":5},"nm":"Transform"}],"nm":"Group 61","np":2,"cix":2,"bm":0,"ix":61,"mn":"ADBE Vector Group","hd":false},{"ty":"gr","it":[{"ind":0,"ty":"sh","ix":1,"ks":{"a":0,"k":{"i":[[-2.839,0.84],[-1.107,1.984],[-0.251,2.39],[10.37,7.963],[7.334,-9.095],[1.112,-0.37],[-0.375,-0.734],[-15.48,-9.373],[-2.015,-0.271],[-0.091,1.329],[0.99,-0.417],[1.56,1.539],[2.85,5.688],[0.116,0.639],[-1.271,0.492],[-0.337,-1.034],[-3.909,-2.453],[-6.215,-1.25]],"o":[[2.554,-0.244],[1.167,-2.091],[1.396,-13.263],[-9.25,-7.103],[-0.666,0.826],[-2.157,0.72],[-5.803,17.342],[1.701,1.03],[1.326,0.178],[0.126,-1.836],[-2.919,1.229],[-4.525,-4.464],[-0.294,-0.586],[-0.202,-1.112],[1.457,-0.563],[1.486,4.563],[5.492,3.448],[2.674,0.537]],"v":[[72.534,-70.625],[77.518,-74.667],[79.624,-81.427],[65.637,-113.233],[35.022,-109.205],[32.655,-107.25],[32.743,-105.038],[47.647,-63.887],[53.112,-61.685],[55.184,-63.367],[53.161,-67.014],[46.973,-69.329],[36.064,-84.725],[35.392,-86.581],[35.694,-89.787],[37.823,-87.562],[46.536,-77.722],[64.366,-71.5]],"c":true},"ix":2},"nm":"Path 1","mn":"ADBE Vector Shape - Group","hd":false},{"ind":1,"ty":"sh","ix":2,"ks":{"a":0,"k":{"i":[[-5.909,2.11],[-0.947,1.247],[2.222,-0.957],[1.654,-1.113],[-0.957,-5.696]],"o":[[1.044,-0.196],[-2.289,-1.37],[-2.014,0.227],[-4.579,3.083],[3.309,-5.792]],"v":[[9.805,-106.677],[13.004,-107.954],[6.464,-108.813],[1.029,-106.623],[-3.914,-94.923]],"c":true},"ix":2},"nm":"Path 2","mn":"ADBE Vector Shape - Group","hd":false},{"ind":2,"ty":"sh","ix":3,"ks":{"a":0,"k":{"i":[[0,0],[-0.707,1.989],[2.661,-0.284],[2.098,0.09],[-0.117,-1.539],[-2.302,-1.821],[0.849,-2.351],[1.249,-2.909],[3.675,0.644],[1.601,-0.488],[0.118,-1.484],[-1.061,-0.476],[-1.887,1.46],[-1.311,-0.011],[-5.415,-0.049],[-6.198,-0.021],[2.195,2.506],[2.737,-1.081],[4.322,-0.601],[2.324,0.196],[-0.223,3.363],[-0.33,4.834],[0.127,0.792]],"o":[[1.952,-1.141],[0.736,-2.073],[-2.1,-0.048],[-1.544,-0.065],[0.22,2.92],[-1.227,2.191],[-1.075,2.979],[-1.478,3.44],[-1.551,-0.271],[-1.399,0.426],[-0.099,1.247],[1.436,0.646],[0.87,-0.674],[5.414,0.044],[6.197,0.055],[3.375,-1.335],[-1.635,-1.866],[-4.029,1.592],[-2.336,-0.049],[-3.47,-0.292],[1.955,-4.385],[-0.127,-0.792],[0,0]],"v":[[24.209,47.623],[27.767,42.576],[25.484,40.506],[19.184,40.349],[17.219,42.474],[20.883,49.603],[18.019,56.516],[14.587,65.375],[8.878,68.382],[4.182,68.14],[1.753,70.919],[3.531,73.22],[7.97,73.726],[11.832,73.336],[28.074,73.567],[46.667,73.64],[48.296,68.336],[42.264,67.121],[29.882,70.857],[22.876,70.683],[18.62,65.766],[22.422,52.041],[22.041,49.665]],"c":true},"ix":2},"nm":"Path 3","mn":"ADBE Vector Shape - Group","hd":false},{"ind":3,"ty":"sh","ix":4,"ks":{"a":0,"k":{"i":[[0.59,-0.035],[0,0],[0.561,-0.013],[0,0],[1.089,-0.653],[0,0],[8.74,-0.115],[2.301,-2.066],[0,0],[0.148,-0.386],[-2.767,-2.408],[-4.894,-0.684],[-2.216,0.003],[-1.792,0.11],[-1.938,-0.305],[-2.342,-1.976],[0.566,-2.021],[1.373,-0.54],[-0.131,-0.141],[4.388,-5.049],[-0.151,-1.895],[0,0],[0.143,-0.491],[-0.942,-4.08],[-3.152,3.1],[-0.919,1.097],[-1.024,1.143],[-1.492,1.072],[-0.946,2.46],[-4.923,1.581],[0,2.268],[-0.187,0.889],[-3.438,5.896],[0.893,1.085],[1.293,-0.434],[0.194,-0.178],[0.9,-1.228],[0.843,-2.284],[0.423,-2.262],[-0.401,-1.816],[-0.047,-0.632],[0.978,-0.27],[0.36,0.894],[0.364,0.947],[0.045,4.888],[-0.031,6.555],[0.231,1.275],[2.702,-1.177],[0.261,-6.108],[-0.583,-2.651],[-0.905,-1.649],[-1.352,-2.042],[-0.638,-1.152],[-0.979,-1.721],[0.73,-0.684],[0.733,0.641],[1.071,0.961],[1.308,0.897],[0,0],[0.522,0.057],[0,0],[0.964,0.11],[0,0]],"o":[[0,0],[0.037,-0.596],[0,0],[-0.286,-0.722],[0,0],[-5.866,-6.191],[-2.84,0.037],[0,0],[-0.457,-0.072],[-1.832,2.897],[3.592,3.128],[2.088,0.665],[1.66,0.844],[1.846,0.861],[2.798,1.047],[1.233,1.04],[-0.512,1.827],[-0.157,0.11],[-7.093,-0.375],[-1.063,1.224],[0,0],[-0.792,-0.039],[-1.81,3.194],[4.359,-2.478],[1.26,-0.66],[1.386,-0.596],[1.744,-0.584],[1.958,-0.54],[1.922,-4.99],[1.968,-0.632],[0,-0.889],[2.658,-6.298],[0.644,-1.103],[-1.145,-1.392],[-0.227,0.076],[-1.458,0.402],[-2.063,1.137],[-1.557,1.748],[-0.696,1.76],[-0.001,0.636],[0.055,0.758],[-1.066,0.294],[-0.38,-0.94],[-1.159,-4.737],[-0.062,-6.567],[0.006,-1.31],[-0.451,-2.491],[-4.549,3.992],[-0.532,2.653],[-0.074,1.873],[0.343,2.402],[0.143,1.347],[0.959,1.733],[0.405,0.713],[-0.915,0.858],[-1.084,-0.947],[-0.975,-1.222],[0,0],[-0.07,-0.491],[0,0],[-0.211,-0.841],[0,0],[0.036,-0.59]],"v":[[-18.736,-123.798],[-18.699,-123.761],[-19.536,-124.583],[-19.521,-124.574],[-21.104,-125.498],[-20.988,-125.639],[-42.559,-135.588],[-50.593,-133.254],[-50.491,-133.289],[-51.334,-132.722],[-50.28,-125.662],[-37.853,-119.238],[-31.445,-117.998],[-26.216,-117.265],[-20.41,-116.297],[-12.403,-112.372],[-9.432,-108.759],[-13.547,-107.46],[-13.586,-107.083],[-30.281,-98.872],[-32.407,-94.397],[-32.323,-94.461],[-33.215,-93.367],[-34.587,-82.753],[-24.08,-91.622],[-20.767,-94.2],[-17.053,-96.659],[-12.207,-99.159],[-7.191,-102.218],[3.594,-111.76],[6.869,-115.33],[7.399,-117.998],[16.798,-136.155],[17.633,-139.774],[13.72,-139.356],[13.136,-138.841],[9.572,-136.434],[4.964,-131.537],[2.195,-125.43],[1.921,-120.058],[1.93,-118.153],[1.256,-116.234],[-0.742,-117.588],[-1.838,-120.426],[-3.398,-134.843],[-2.917,-154.504],[-3.058,-158.427],[-7.189,-160.081],[-14.617,-145.036],[-14.605,-137.079],[-13.392,-131.788],[-10.99,-125.071],[-9.603,-121.389],[-6.621,-116.25],[-6.703,-114.095],[-9.134,-114.377],[-12.351,-117.257],[-15.613,-120.595],[-15.555,-120.531],[-16.392,-121.402],[-16.343,-121.367],[-17.912,-122.982],[-17.906,-122.965]],"c":true},"ix":2},"nm":"Path 4","mn":"ADBE Vector Shape - Group","hd":false},{"ind":4,"ty":"sh","ix":5,"ks":{"a":0,"k":{"i":[[-1.077,-0.125],[-1.769,-1.118],[-3.157,-2.811],[2.476,-15.253],[10.861,-8.311],[11.087,-1.801],[0.278,-2.696],[1.598,-1.612],[0.293,-2.02],[0.839,-2.919],[-0.484,-1.617],[-4.74,2.035],[-1.071,0.515],[-1.892,-4.184],[2.912,-1.584],[2.224,0.327],[5.407,0.13],[6.077,0.136],[2.128,0.053],[-1.619,3.607],[-3.939,-0.311],[-1.503,3.882],[-0.735,1.84],[1.979,2.85],[-0.064,1.871],[1.272,0.163],[3.838,1.028],[0.637,-1.551],[0.513,-1.071],[-5.604,-28.027],[-2.648,-7.224],[-2.371,-3.38],[-0.31,-0.853],[5.146,-0.096],[3.134,2.089],[2.565,-1.16],[1.248,1.15],[2.576,9.07],[0.189,0.343],[0.068,0.248],[-2.062,12.684],[-1.43,-0.072],[-0.131,-1.046],[0.025,-0.527],[0.222,-6.455],[-2.561,-6.587],[-5.629,-4.071],[-0.215,-0.36],[0.335,0.646],[0.165,-0.18],[0.441,0.552],[1.657,8.343],[-2.034,0.476],[-0.451,-1.375],[-2.532,-5.096],[-7.021,-3.562],[-1.425,1.359],[0.994,1.62],[1.283,4.179],[0.65,1.407],[0.735,2.825],[0.635,3.636],[-1.451,12.42],[-7.296,14.352],[2.596,0.868],[0.89,2.221],[3.446,-1.713],[1.17,-0.583],[9.5,-9.872],[3.657,-13.655],[-0.614,-2.001],[-0.359,0.663],[-3.179,4.223],[-0.767,0.714],[-0.459,-0.455],[0.249,-0.493],[0.22,-0.329],[3.436,-6.399],[1.241,-6.376],[-0.866,-3.378],[-2.208,1.303],[-1.095,1.496],[-2.609,3.32],[-0.314,2.997],[-3.356,8.541],[-0.484,0.773],[-0.563,-0.45],[0.015,-0.317],[0.218,-0.612],[0.899,-4.395],[0.103,-9.277],[-3.056,-6.604],[-1.829,-0.084],[-0.897,1.463],[-0.458,2.222],[-1.85,-0.465],[4.059,-2.307],[2.059,2.144],[0.754,1.982],[0.051,5.891],[0,1.998],[0.617,-0.931],[2.036,-2.261],[1.073,-0.754],[1.189,5.826],[-1.374,5.157],[-0.638,2.154],[2.388,2.923],[-0.152,1.029],[-3.548,6.648],[-10.528,8.858],[-3.902,2.582],[-0.295,1.253],[2.593,-0.241],[1.913,3.255],[-1.573,2.641],[-5.262,3.997],[0.271,2.644],[-0.487,0.784],[-4.755,3.608],[-2.7,4.352],[-1.961,3.139],[-0.12,3.466],[-0.277,1.091],[0.38,1.74],[-1.827,12.029],[-0.448,1.074],[0.311,2.937],[0.683,-0.311],[1.502,-0.823],[4.206,-3.765],[1.651,-0.856],[0.536,3.595],[-0.705,2.481],[-9.236,3.214],[-1.133,0.411],[1.324,0.226],[4.916,1.002],[4.268,2.831],[1.167,2.615],[-5.058,1.793],[-6.876,-3.604],[-2.901,-2.312],[-1.042,-0.861],[0.233,0.794],[-0.626,5.366],[-4.402,4.892],[-1.533,-3.909],[0.194,-2.525],[-0.032,-5.686],[-0.959,-0.37],[-0.467,0.547],[-3.277,1.797],[-2.039,-0.05],[0.751,-3.485],[0.833,-1.513],[1.867,-4.544],[0.446,-1.381],[-2.539,-1.99],[-4.339,-0.436],[-1.239,-0.731],[0.589,2.754],[-0.741,0.927],[-9.813,-3.191],[-3.763,-11.313],[1,-5.566],[1.478,-2.388],[4.821,0.933],[2.038,0.562],[2.174,-0.099],[3.166,-3.435],[0.677,0.004],[4.268,3.586],[1.448,8.485],[-0.204,4.214],[-0.229,1.145],[0.827,0.224],[5.547,-2.899],[2.519,-3.708],[0.468,-5.205],[-1.648,-8.603],[1.392,-3.089],[-0.466,-0.289],[0.384,-2.018],[0.984,-2.591],[1.349,-3.743],[-3.224,1.664],[-3.58,0.448],[-1.01,-0.56],[-0.01,-0.544],[0.557,-0.171],[0.512,-0.128],[10.03,-9.244],[1.776,-3.136],[-0.08,-0.14],[-0.36,0.216],[-3.815,2.103],[-1.176,-2.217],[1.249,-0.736],[7.727,-6.202],[2.396,-3.697],[0.473,-1.217],[-2.462,-0.205],[-2.486,0.438],[-10.569,4.338],[-0.481,1.151],[-4.057,1.504],[1.022,-0.966],[0.941,-0.452],[4.949,-1.829],[0.956,-1.196],[-6.266,1.973],[-2.104,1.218],[-0.079,0.31],[-2.798,2.792],[0.847,-1.576],[0.753,-1.589],[0.188,-0.105],[-0.135,0.038],[0.249,0.23],[-0.299,0.071],[-4.794,3.099],[-0.485,1.061],[0,0],[-0.433,0.318],[-3.573,6.876],[5.552,8.597],[1.474,2.179],[-0.869,-0.239],[-0.857,-0.817],[0.092,-8.141],[2.134,-4.557],[5.314,-4.671],[2.504,-1.153],[9.233,-1.654],[1.4,0.168],[6.408,0.304],[-1.113,-0.279],[-10.129,0.697],[-8.969,6.301],[-2.557,15.246],[8.254,8.886],[4.553,2.939],[1.374,1.438],[-0.542,1.213]],"o":[[1.05,1.956],[3.589,2.267],[11.326,10.079],[-2.224,13.71],[-8.844,6.768],[-2.3,0.374],[-0.234,2.267],[-1.486,1.498],[-0.438,3.016],[-0.354,1.229],[4.971,0.606],[1.093,-0.469],[5.504,-2.646],[1.353,2.992],[-2.006,1.09],[-5.407,-0.791],[-6.077,-0.146],[-2.109,-0.047],[-3.887,-0.1],[1.364,-3.04],[4.277,0.337],[0.716,-1.848],[1.095,-2.745],[-1.036,-1.492],[0.046,-1.315],[-3.932,-0.505],[-1.478,-0.397],[-0.448,1.095],[-12.262,25.585],[1.504,7.521],[1.416,3.863],[0.527,0.752],[1.752,4.832],[-4.128,0.078],[-1.547,-1.03],[-1.152,0.52],[-6.76,-6.221],[-0.106,-0.372],[-0.014,-0.258],[-3.449,-12.682],[0.186,-1.138],[1.687,0.085],[0.064,0.515],[-0.315,6.453],[-0.243,7.066],[2.471,6.357],[0.21,0.373],[0.101,-0.223],[-0.164,0.18],[0.394,-0.537],[-4.668,-7.182],[-0.293,-1.48],[1.644,-0.384],[1.771,5.392],[3.414,6.873],[1.607,0.816],[1.7,-1.622],[-2.293,-3.736],[-0.466,-1.516],[0.217,-3.034],[-0.606,-3.642],[-2.144,-12.283],[1.87,-16.018],[1.033,-2.031],[-2.004,-0.965],[-3.308,-0.331],[-1.171,0.582],[-12.346,6.145],[-9.842,10.226],[-0.356,1.329],[0.642,-1.063],[2.531,-4.664],[0.63,-0.836],[0.376,-0.349],[0.432,0.429],[-0.177,0.35],[-4.048,6.046],[-3.091,5.756],[-0.66,3.388],[0.642,2.509],[1.612,-0.951],[2.497,-3.409],[1.88,-2.391],[0.954,-9.098],[0.336,-0.856],[0.235,-0.377],[0.273,0.217],[-0.032,0.643],[-1.514,4.251],[-1.858,9.081],[-0.081,7.199],[0.644,1.394],[1.95,0.091],[1.183,-1.927],[0.347,-1.678],[0.919,4.774],[-2.564,1.458],[-1.493,-1.554],[-2.088,-5.475],[-0.016,-1.793],[-1.668,0.579],[-1.685,2.541],[-0.878,0.976],[-4.903,3.447],[-1.086,-5.327],[0.577,-2.168],[0.79,-2.666],[-0.527,-0.646],[1.125,-7.583],[6.446,-12.078],[3.602,-3.032],[0.732,-0.484],[-2.671,0.375],[-3.202,0.298],[-1.794,-3.051],[3.417,-5.738],[1.658,-1.259],[-0.078,-0.753],[3.162,-5.092],[4.254,-3.229],[1.951,-3.145],[1.757,-2.811],[0.04,-1.154],[-1.346,-0.548],[-2.545,-11.657],[0.179,-1.175],[1.324,-3.185],[-0.085,-0.798],[-1.56,0.711],[-4.996,2.741],[-1.385,1.239],[-3.193,1.654],[-0.37,-2.486],[2.638,-9.293],[0.862,-0.3],[-1.019,-1.454],[-4.949,-0.841],[-4.899,-0.998],[-2.572,-1.705],[-1.955,-4.377],[7.408,-2.627],[3.283,1.721],[0.816,0.65],[0.577,-1.151],[-1.5,-5.133],[0.791,-6.769],[2.704,-3.005],[0.938,2.392],[-0.435,5.678],[0.004,0.717],[0.993,0.383],[2.436,-2.858],[1.772,-0.971],[3.503,0.084],[-0.367,1.697],[-2.359,4.281],[-0.551,1.344],[-1.042,3.228],[3.542,2.775],[1.481,0.149],[1.579,-1.097],[-0.226,-1.056],[5.961,-7.445],[11.841,3.851],[1.775,5.336],[-0.496,2.762],[-2.6,4.199],[-2.074,-0.401],[-1.654,-0.455],[1.502,4.16],[-0.678,-0.004],[-5.73,-0.79],[-6.446,-5.414],[-0.716,-4.194],[0.286,-1.134],[0.142,-0.705],[-5.594,-1.519],[-4.372,1.349],[-2.981,4.388],[-0.789,8.778],[0.556,2.897],[-0.279,0.617],[2.423,1.498],[-0.53,2.791],[-2.099,2.632],[3.831,-1.978],[3.413,-0.989],[1.051,-0.131],[0.512,0.284],[0.01,0.569],[-0.504,0.155],[-13.418,3.343],[-2.611,2.406],[-0.159,0.276],[0.36,0.63],[3.736,-2.248],[1.304,-0.718],[0.793,1.495],[-8.584,5.055],[-3.403,2.731],[-0.715,1.104],[-0.886,2.277],[2.521,0.21],[11.212,-1.975],[0.918,-0.377],[4.32,-0.767],[1.965,0.484],[-0.744,0.703],[-4.755,2.285],[-1.142,0.422],[5.69,1.385],[2.401,-0.291],[0.31,0.076],[3.837,-0.982],[2.049,-0.176],[-0.815,1.516],[-0.188,0.105],[0.159,0.051],[0.262,-0.073],[0.344,0.116],[5.454,-1.305],[1.012,-0.228],[0,0],[0.562,0.085],[6.238,-4.584],[4.692,-9.028],[-1.428,-2.209],[0.128,-0.698],[1.187,0.328],[6.026,5.746],[-0.059,5.146],[-4.017,5.831],[-2.362,1.374],[-8.575,3.948],[-1.425,0.256],[-5.946,-0.715],[1.394,1.214],[9.768,2.458],[10.905,-0.752],[13.169,-7.663],[2.031,-12.112],[-3.693,-3.975],[-1.664,-1.074],[-0.712,-0.745],[0.537,-1.205]],"v":[[56.52,-56.458],[61.204,-52.317],[71.313,-44.668],[84.848,-7.008],[65.092,25.684],[35.453,39.155],[31.29,42.856],[28.259,48.764],[25.764,53.999],[23.51,62.819],[22.784,66.829],[37.414,65.207],[40.673,63.759],[52.738,68.716],[50.243,76.133],[43.754,77.583],[27.525,77.142],[9.289,76.935],[2.959,76.542],[-1.406,68.591],[6.801,64.368],[12.588,60.825],[14.693,55.266],[14.644,47.058],[13.659,41.665],[11.802,39.667],[0.112,37.539],[-3.064,38.961],[-4.729,42.113],[-15.453,122.355],[-9.976,144.617],[-4.471,155.556],[-3.094,157.949],[-8.832,165.959],[-19.108,161.68],[-24.201,160.075],[-28.629,157.921],[-43.688,135.679],[-44.244,134.637],[-44.293,133.856],[-44.318,95.806],[-42.756,93.007],[-41.794,95.88],[-41.864,97.458],[-42.787,116.816],[-39.305,137.344],[-27.582,153.343],[-26.948,154.449],[-26.481,153.983],[-26.974,154.522],[-26.947,152.89],[-36.105,129.448],[-35.493,125],[-33.363,128.68],[-27.492,144.637],[-12.493,160.966],[-7.356,161.79],[-8.224,156.433],[-13.681,144.606],[-15.586,140.357],[-17.469,131.811],[-19.291,120.889],[-20.738,83.849],[-6.754,38.363],[-8.335,35.455],[-13.14,31.198],[-23.073,30.426],[-26.466,32.415],[-58.781,57.041],[-78.724,93.049],[-78.905,97.75],[-77.486,95.392],[-68.606,82.273],[-66.466,79.959],[-65.056,79.914],[-64.944,81.368],[-65.59,82.363],[-76.499,101.215],[-82.713,119.533],[-82.566,129.759],[-78.513,131.431],[-74.525,127.614],[-67.104,117.336],[-64.036,109.375],[-57.76,82.852],[-56.596,80.353],[-55.28,79.938],[-54.744,80.9],[-55.163,82.812],[-58.24,95.904],[-61.499,123.415],[-57.452,144.253],[-54.405,147.573],[-50.628,144.47],[-48.152,138.241],[-45.088,136.091],[-51.47,150.48],[-58.274,149.495],[-61.469,144.054],[-64.906,127.042],[-64.908,121.457],[-67.523,124.194],[-73.077,131.423],[-76.021,134.066],[-86.237,130.013],[-85.242,114.322],[-83.252,107.884],[-82.899,99.736],[-83.026,96.635],[-76.124,75.003],[-50.19,43.872],[-38.96,35.498],[-36.935,33.5],[-44.772,34.573],[-53.301,31.844],[-51.855,23.32],[-38.386,9.131],[-35.155,4.183],[-33.88,1.773],[-22.32,-11.723],[-12.692,-23.561],[-6.901,-33.035],[-3.156,-42.076],[-1.781,-44.885],[-4.673,-47.726],[-7.732,-83.073],[-7.038,-86.564],[-8.161,-95.368],[-9.72,-95.962],[-14.363,-93.744],[-27.729,-83.399],[-32.101,-80.017],[-38.48,-83.261],[-38.08,-90.73],[-20.598,-109.763],[-17.748,-110.796],[-21.523,-112.604],[-36.378,-115.086],[-50.257,-120.453],[-55.581,-127.125],[-50.179,-137.723],[-28.708,-135.874],[-19.494,-129.697],[-16.843,-127.511],[-16.957,-130.231],[-18.361,-145.912],[-9.906,-163.032],[-0.078,-160.815],[0.607,-153.375],[0.331,-136.321],[1.031,-134.273],[2.869,-135.377],[11.5,-142.266],[17.18,-143.777],[21.425,-138.294],[19.422,-133.566],[12.497,-120.641],[10.93,-116.574],[12.851,-111.776],[24.516,-107.185],[28.306,-105.119],[31.347,-109.578],[33.095,-112.583],[59.745,-119.991],[81.966,-95.901],[82.884,-79.421],[79.928,-71.689],[69.188,-66.911],[63.026,-68.422],[57.555,-69.145],[56.528,-57.62],[54.496,-57.631],[39.88,-65.068],[27.427,-85.608],[27.143,-98.231],[27.984,-101.635],[27.036,-102.974],[10.323,-102.824],[0.264,-94.899],[-4.49,-80.372],[-2.481,-54.376],[-1.695,-45.507],[-1.232,-44.228],[-0.123,-38.544],[-3.656,-31.049],[-9.031,-21.947],[1.247,-27.254],[11.46,-30.316],[14.545,-30.15],[15.336,-28.881],[14.46,-27.726],[12.93,-27.322],[-21.719,-7.494],[-28.564,0.636],[-29.007,1.444],[-27.909,1.349],[-16.674,-5.344],[-12.355,-6.041],[-15.359,-3.055],[-39.288,14.562],[-48.115,24.168],[-50.004,27.634],[-47.838,31.012],[-40.358,30.353],[-7.525,21.493],[-4.937,19.986],[7.289,15.627],[8.785,17.858],[6.108,19.49],[-8.468,25.612],[-11.956,27.323],[11.147,26.121],[17.931,23.943],[18.514,23.593],[28.447,17.899],[29.906,20.264],[26.474,23.923],[25.909,24.238],[26.381,24.375],[26.384,23.856],[27.412,24.182],[43.094,18.409],[45.571,16.841],[45.576,16.844],[47.017,16.362],[62.124,-0.598],[60.778,-27.185],[56.361,-33.724],[57.613,-34.807],[60.484,-32.766],[68.738,-11.676],[64.655,2.655],[50.615,18.368],[43.528,22.489],[16.649,30.297],[12.335,30.762],[-5.727,31.776],[-2.052,33.402],[27.699,36.513],[57.579,26.337],[81.344,-7.657],[72.136,-38.97],[59.563,-49.132],[54.881,-52.746],[53.792,-55.465]],"c":true},"ix":2},"nm":"Path 5","mn":"ADBE Vector Shape - Group","hd":false},{"ty":"mm","mm":1,"nm":"Merge Paths 1","mn":"ADBE Vector Filter - Merge","hd":false},{"ty":"fl","c":{"a":0,"k":[0.043137254902,0.054901964524,0.054901964524,1],"ix":4},"o":{"a":0,"k":100,"ix":5},"r":1,"bm":0,"nm":"Fill 1","mn":"ADBE Vector Graphic - Fill","hd":false},{"ty":"tr","p":{"a":0,"k":[88.095,166.557],"ix":2},"a":{"a":0,"k":[0,0],"ix":1},"s":{"a":0,"k":[100,100],"ix":3},"r":{"a":0,"k":0,"ix":6},"o":{"a":0,"k":100,"ix":7},"sk":{"a":0,"k":0,"ix":4},"sa":{"a":0,"k":0,"ix":5},"nm":"Transform"}],"nm":"Group 62","np":7,"cix":2,"bm":0,"ix":62,"mn":"ADBE Vector Group","hd":false}],"ip":0,"op":5995.00024418136,"st":0,"bm":0}],"markers":[]}